S构成,百分位方法,清仓阈值,回补阈值,累计本金,期末价值,总盈利率,XIRR,XIRR连续复利,TWR年化,年化波动,夏普,最大回撤,卡玛,年换手率,平均仓位,清仓次数,回补次数,定投成交次数,交易次数,起始日,对照1_同入金不卖XIRR,对照1_MDD,对照1_夏普,对照2_等额定投XIRR,XIRR−对照1,夏普−对照1
S(规则书:PB+DY+ERP),规则书15年,15,58.0,109628.97652713467,142414.65922884387,0.29906037382000283,0.08757198904064502,0.0839476786087733,0.0919810620171404,0.1755834564210538,0.5890446569324984,-0.3186080213912451,0.2886966298446995,0.03873967461557609,0.8680124997297541,1,1,1344,1346,2019-01-02,0.08126023035830822,-0.4166531011480643,0.45613979322865256,0.0402912616625481,0.006311758682336799,0.13290486370384585
S(规则书:PB+DY+ERP),规则书15年,20,58.0,109628.97652713467,142414.65922884387,0.29906037382000283,0.08757198904064502,0.0839476786087733,0.0919810620171404,0.1755834564210538,0.5890446569324984,-0.3186080213912451,0.2886966298446995,0.03873967461557609,0.8680124997297541,1,1,1344,1346,2019-01-02,0.08126023035830822,-0.4166531011480643,0.45613979322865256,0.0402912616625481,0.006311758682336799,0.13290486370384585
S(规则书:PB+DY+ERP),规则书15年,25,58.0,109628.97652713467,142414.65922884387,0.29906037382000283,0.08757198904064502,0.0839476786087733,0.0919810620171404,0.1755834564210538,0.5890446569324984,-0.3186080213912451,0.2886966298446995,0.03873967461557609,0.8680124997297541,1,1,1344,1346,2019-01-02,0.08126023035830822,-0.4166531011480643,0.45613979322865256,0.0402912616625481,0.006311758682336799,0.13290486370384585
S(规则书:PB+DY+ERP),规则书15年,30,58.0,109628.97652713467,141474.4729418368,0.29048429916537577,0.08535010793917548,0.08190261507065932,0.08459756330436075,0.16972792890974397,0.5633990901489286,-0.26693725346473585,0.31691928423747207,0.03723851316648218,0.8228150671159852,1,1,1344,1346,2019-01-02,0.08126023035830822,-0.4166531011480643,0.45613979322865256,0.0402912616625481,0.004089877580867263,0.10725929692027608
S(规则书:PB+DY+ERP),A_均值,15,58.0,131456.76940888978,173871.5927595324,0.32265225702233247,0.08194420177941311,0.07875960957458546,0.09021114388968376,0.1774171051369841,0.5756451072965009,-0.32984387892015976,0.2734964922951315,0.048639539597893994,0.8707207394503901,1,1,1188,1190,2019-01-02,0.0750397435762431,-0.41659296097279164,0.4592652345090461,0.04029126166254743,0.006904458203170011,0.11637987278745476
S(规则书:PB+DY+ERP),A_均值,20,58.0,131456.76940888978,173871.5927595324,0.32265225702233247,0.08194420177941311,0.07875960957458546,0.09021114388968376,0.1774171051369841,0.5756451072965009,-0.32984387892015976,0.2734964922951315,0.048639539597893994,0.8707207394503901,1,1,1188,1190,2019-01-02,0.0750397435762431,-0.41659296097279164,0.4592652345090461,0.04029126166254743,0.006904458203170011,0.11637987278745476
S(规则书:PB+DY+ERP),A_均值,25,58.0,131456.76940888978,173871.5927595324,0.32265225702233247,0.08194420177941311,0.07875960957458546,0.09021114388968376,0.1774171051369841,0.5756451072965009,-0.32984387892015976,0.2734964922951315,0.048639539597893994,0.8707207394503901,1,1,1188,1190,2019-01-02,0.0750397435762431,-0.41659296097279164,0.4592652345090461,0.04029126166254743,0.006904458203170011,0.11637987278745476
S(规则书:PB+DY+ERP),A_均值,30,58.0,131229.080659209,182108.52009702835,0.3877146679854371,0.09594987757918333,0.09162145534429615,0.09083639265375121,0.16987359451163792,0.5968387465904684,-0.26678153657487913,0.3404898023302884,0.38290901705595937,0.8010408223850751,2,2,1173,1177,2019-01-02,0.07505225662801487,-0.41659296097279164,0.4592657462816673,0.04029126166254822,0.020897620951168455,0.13757300030880115
S(规则书:PB+DY+ERP),A_中位数,15,58.0,141709.18988329137,186868.53972343783,0.31867622613140845,0.08071516182180503,0.077623008859183,0.08956283690377154,0.17749222015852545,0.5721241897763106,-0.3298129859058049,0.27155642964692367,0.049338067365688985,0.8707052888407263,1,1,1222,1224,2019-01-02,0.07371870185800099,-0.4165448276642941,0.45589813344122987,0.0402912616625476,0.006996459963804047,0.11622605633508076
S(规则书:PB+DY+ERP),A_中位数,20,58.0,141709.18988329137,186868.53972343783,0.31867622613140845,0.08071516182180503,0.077623008859183,0.08956283690377154,0.17749222015852545,0.5721241897763106,-0.3298129859058049,0.27155642964692367,0.049338067365688985,0.8707052888407263,1,1,1222,1224,2019-01-02,0.07371870185800099,-0.4165448276642941,0.45589813344122987,0.0402912616625476,0.006996459963804047,0.11622605633508076
S(规则书:PB+DY+ERP),A_中位数,25,58.0,141709.18988329137,186868.53972343783,0.31867622613140845,0.08071516182180503,0.077623008859183,0.08956283690377154,0.17749222015852545,0.5721241897763106,-0.3298129859058049,0.27155642964692367,0.049338067365688985,0.8707052888407263,1,1,1222,1224,2019-01-02,0.07371870185800099,-0.4165448276642941,0.45589813344122987,0.0402912616625476,0.006996459963804047,0.11622605633508076
S(规则书:PB+DY+ERP),A_中位数,30,58.0,141709.18988329137,185132.37042262784,0.3064245909181955,0.07797939225355399,0.07508835565617088,0.0821954186987559,0.17170034604668788,0.5459815227332472,-0.26676189419814467,0.30812278847331553,0.04758386808801881,0.8255035278582317,1,1,1222,1224,2019-01-02,0.07371870185800099,-0.4165448276642941,0.45589813344122987,0.0402912616625476,0.0042606903955530046,0.09008338929201731
S(规则书:PB+DY+ERP),B_均值,15,58.0,131052.14524635364,173771.03508282098,0.32596864214747323,0.0810934317272661,0.07797296575217563,0.09157786122627187,0.17740442376675047,0.5827384312885104,-0.3299132024505268,0.27758168071495937,0.04611459432744412,0.8707252181852199,1,1,1157,1159,2019-01-02,0.07455586940400045,-0.41665178857226104,0.4660442969317607,0.04029126166254769,0.006537562323265647,0.11669413435674975
S(规则书:PB+DY+ERP),B_均值,20,58.0,131052.14524635364,173771.03508282098,0.32596864214747323,0.0810934317272661,0.07797296575217563,0.09157786122627187,0.17740442376675047,0.5827384312885104,-0.3299132024505268,0.27758168071495937,0.04611459432744412,0.8707252181852199,1,1,1157,1159,2019-01-02,0.07455586940400045,-0.41665178857226104,0.4660442969317607,0.04029126166254769,0.006537562323265647,0.11669413435674975
S(规则书:PB+DY+ERP),B_均值,25,58.0,130894.76103216092,182135.08436837088,0.39146198772325325,0.09495906468837736,0.09071697872344003,0.09220390032037895,0.16986492590472854,0.6042389996240703,-0.2668351755152949,0.34554627268432925,0.3748514174469995,0.8010468847937877,2,2,1147,1151,2019-01-02,0.07456290320868987,-0.41665178857226104,0.466044959595823,0.04029126166254808,0.020396161479687494,0.13819404002824737
S(规则书:PB+DY+ERP),B_均值,30,58.0,130835.20079288911,180871.59407990397,0.3824383115842196,0.09304132319517945,0.08896401561164158,0.09126592348096585,0.16293242392468207,0.6175836921689546,-0.2668351755152949,0.3420310808150349,0.3740236575442936,0.7515803248679728,2,2,1142,1146,2019-01-02,0.07457172760271329,-0.41665178857226104,0.4660466865810712,0.04029126166254778,0.018469595592466165,0.1515370055878834
S(规则书:PB+DY+ERP),B_中位数,15,58.0,137554.0311515635,182079.22156469518,0.3236923704843788,0.08127353787265855,0.07813954815779041,0.08938386959429656,0.17731724458306922,0.5715874383590765,-0.3402263186071296,0.26271885714259224,0.0481818905838853,0.8701786664978808,1,1,1175,1177,2019-01-02,0.0752651063731959,-0.416567019836369,0.46613451752713836,0.040291261662547324,0.006008431499462646,0.10545292083193819
S(规则书:PB+DY+ERP),B_中位数,20,58.0,137554.0311515635,182079.22156469518,0.3236923704843788,0.08127353787265855,0.07813954815779041,0.08938386959429656,0.17731724458306922,0.5715874383590765,-0.3402263186071296,0.26271885714259224,0.0481818905838853,0.8701786664978808,1,1,1175,1177,2019-01-02,0.0752651063731959,-0.416567019836369,0.46613451752713836,0.040291261662547324,0.006008431499462646,0.10545292083193819
S(规则书:PB+DY+ERP),B_中位数,25,58.0,137317.18394470593,192465.21311535267,0.4016105456463004,0.09779347168222968,0.09330223038817768,0.09741902159621052,0.17562099175074425,0.6172539789048765,-0.3402263186071296,0.2863359366054906,0.37843140453322177,0.8457109501364466,2,2,1161,1165,2019-01-02,0.0752761859655608,-0.416567019836369,0.4661355884518202,0.040291261662547526,0.02251728571666889,0.15111839045305636
S(规则书:PB+DY+ERP),B_中位数,30,58.0,137245.3701874052,189398.74020842282,0.3800009424711628,0.09323175117047904,0.08913821889668766,0.08907439149621865,0.1628399148473905,0.6054930957056605,-0.2668237865683072,0.3338322742579605,0.37800128223045604,0.7510432264009657,2,2,1155,1159,2019-01-02,0.07528658748296939,-0.416567019836369,0.466137584636085,0.0402912616625473,0.017945163687509647,0.13935551106957544
S(规则书:PB+DY+ERP),C_均值,15,58.0,131843.32544690734,172208.63078814658,0.30616115912135533,0.08302344542294722,0.07975661637450518,0.08959905017141034,0.17748541664490106,0.5723260952677082,-0.3299155088436396,0.27158180737079257,0.04329808083461931,0.8707126437847962,1,1,1295,1297,2019-01-02,0.07684752845870052,-0.41665292087006456,0.45605663148440667,0.04029126166254783,0.0061759169642467,0.1162694637833015
S(规则书:PB+DY+ERP),C_均值,20,58.0,131843.32544690734,172208.63078814658,0.30616115912135533,0.08302344542294722,0.07975661637450518,0.08959905017141034,0.17748541664490106,0.5723260952677082,-0.3299155088436396,0.27158180737079257,0.04329808083461931,0.8707126437847962,1,1,1295,1297,2019-01-02,0.07684752845870052,-0.41665292087006456,0.45605663148440667,0.04029126166254783,0.0061759169642467,0.1162694637833015
S(规则书:PB+DY+ERP),C_均值,25,58.0,131843.32544690734,172208.63078814658,0.30616115912135533,0.08302344542294722,0.07975661637450518,0.08959905017141034,0.17748541664490106,0.5723260952677082,-0.3299155088436396,0.27158180737079257,0.04329808083461931,0.8707126437847962,1,1,1295,1297,2019-01-02,0.07684752845870052,-0.41665292087006456,0.45605663148440667,0.04029126166254783,0.0061759169642467,0.1162694637833015
S(规则书:PB+DY+ERP),C_均值,30,58.0,131843.32544690734,170880.26992812275,0.2960858606144259,0.08060560653535284,0.07752163076838779,0.08222971576930171,0.171691174348798,0.5461855830453083,-0.2668571536099916,0.3081413207662381,0.04167596399262875,0.8255024616556494,1,1,1295,1297,2019-01-02,0.07684752845870052,-0.41665292087006456,0.45605663148440667,0.04029126166254783,0.0037580780766523214,0.09012895156090162
S(规则书:PB+DY+ERP),C_中位数,15,58.0,139255.62760705393,181361.55653203698,0.30236428967736884,0.08218504262259907,0.07898218486190085,0.08958950334014837,0.1774854319994426,0.5722766861149794,-0.3299793023510784,0.27150037199857596,0.0411751970902999,0.8707135027781168,1,1,1319,1321,2019-01-02,0.07631321021565962,-0.41671071440589225,0.45600822260439805,0.04029126166254808,0.005871832406939448,0.11626846351058134
S(规则书:PB+DY+ERP),C_中位数,20,58.0,139255.62760705393,181361.55653203698,0.30236428967736884,0.08218504262259907,0.07898218486190085,0.08958950334014837,0.1774854319994426,0.5722766861149794,-0.3299793023510784,0.27150037199857596,0.0411751970902999,0.8707135027781168,1,1,1319,1321,2019-01-02,0.07631321021565962,-0.41671071440589225,0.45600822260439805,0.04029126166254808,0.005871832406939448,0.11626846351058134
S(规则书:PB+DY+ERP),C_中位数,25,58.0,139255.62760705393,181361.55653203698,0.30236428967736884,0.08218504262259907,0.07898218486190085,0.08958950334014837,0.1774854319994426,0.5722766861149794,-0.3299793023510784,0.27150037199857596,0.0411751970902999,0.8707135027781168,1,1,1319,1321,2019-01-02,0.07631321021565962,-0.41671071440589225,0.45600822260439805,0.04029126166254808,0.005871832406939448,0.11626846351058134
S(规则书:PB+DY+ERP),C_中位数,30,58.0,139255.62760705393,180033.1956720132,0.2928252794208346,0.07988545295758319,0.07685497343483672,0.08222011291093967,0.17169118923089133,0.5461338620411654,-0.26689017294609163,0.30806721732518444,0.03960505505046501,0.8255033437408636,1,1,1319,1321,2019-01-02,0.07631321021565962,-0.41671071440589225,0.45600822260439805,0.04029126166254808,0.0035722427419235675,0.09012563943676738
S(规则书:PB+DY+ERP),单窗3年,15,58.0,134424.45270714635,181895.92941018005,0.35314614080262485,0.07933592974544501,0.07634597215464879,0.0917890095055276,0.16734857544038123,0.6085332756421447,-0.3297053364628676,0.2783970999385542,0.20597111621508865,0.760078524844479,2,1,1120,1123,2019-01-02,0.06988541253742069,-0.41645249566194287,0.4642932334067053,0.04029126166254809,0.009450517208024325,0.14424004223543935
S(规则书:PB+DY+ERP),单窗3年,20,58.0,134424.45270714635,181895.92941018005,0.35314614080262485,0.07933592974544501,0.07634597215464879,0.0917890095055276,0.16734857544038123,0.6085332756421447,-0.3297053364628676,0.2783970999385542,0.20597111621508865,0.760078524844479,2,1,1120,1123,2019-01-02,0.06988541253742069,-0.41645249566194287,0.4642932334067053,0.04029126166254809,0.009450517208024325,0.14424004223543935
S(规则书:PB+DY+ERP),单窗3年,25,58.0,134424.45270714635,181895.92941018005,0.35314614080262485,0.07933592974544501,0.07634597215464879,0.0917890095055276,0.16734857544038123,0.6085332756421447,-0.3297053364628676,0.2783970999385542,0.20597111621508865,0.760078524844479,2,1,1120,1123,2019-01-02,0.06988541253742069,-0.41645249566194287,0.4642932334067053,0.04029126166254809,0.009450517208024325,0.14424004223543935
S(规则书:PB+DY+ERP),单窗3年,30,58.0,134424.45270714635,179666.92629101052,0.33656431306012635,0.07608445255612802,0.07332894616530473,0.08442227000736935,0.16120533651731264,0.583425827340389,-0.2666518679531241,0.3166010823603542,0.20506276566618256,0.7148740161428576,2,1,1120,1123,2019-01-02,0.06988541253742069,-0.41645249566194287,0.4642932334067053,0.04029126166254809,0.00619904001870733,0.11913259393368364
S(规则书:PB+DY+ERP),单窗5年,15,58.0,141134.72450697582,187259.10911310674,0.32681102944195106,0.0803283225253913,0.07726499727510565,0.08955564483573841,0.1774941779505145,0.5720826482018537,-0.32974976821163027,0.2715866801709545,0.053981697022133554,0.8707190721639747,1,1,1194,1196,2019-01-02,0.07268440199479731,-0.4165008207330244,0.45584207770836566,0.04029126166254794,0.007643920530593984,0.11624057049348807
S(规则书:PB+DY+ERP),单窗5年,20,58.0,141134.72450697582,187259.10911310674,0.32681102944195106,0.0803283225253913,0.07726499727510565,0.08955564483573841,0.1774941779505145,0.5720826482018537,-0.32974976821163027,0.2715866801709545,0.053981697022133554,0.8707190721639747,1,1,1194,1196,2019-01-02,0.07268440199479731,-0.4165008207330244,0.45584207770836566,0.04029126166254794,0.007643920530593984,0.11624057049348807
S(规则书:PB+DY+ERP),单窗5年,25,58.0,141022.06829969696,197713.3864810766,0.4020031677659166,0.0960044722974362,0.0916712690808525,0.09734362954798437,0.1757935229436106,0.6164291018819574,-0.32974976821163027,0.2952045427534922,0.2169208728772083,0.8451874472753566,2,1,1186,1189,2019-01-02,0.07268746584051643,-0.4165008207330244,0.4558415545138348,0.0402912616625481,0.023317006456919767,0.16058754736812264
S(规则书:PB+DY+ERP),单窗5年,30,58.0,141022.06829969696,198492.58700854567,0.407528547849076,0.09712788237196104,0.09269574913139768,0.09196095896322287,0.16978720885290913,0.6031252846943427,-0.26669146936553223,0.34482152422048223,0.2184274927593324,0.7989149549093036,2,1,1186,1189,2019-01-02,0.07268746584051643,-0.4165008207330244,0.4558415545138348,0.0402912616625481,0.024440416531444617,0.1472837301805079
S(规则书:PB+DY+ERP),单窗10年,15,58.0,,,,,,,,,,,,,,,,,,,,,,,
S(规则书:PB+DY+ERP),单窗10年,20,58.0,,,,,,,,,,,,,,,,,,,,,,,
S(规则书:PB+DY+ERP),单窗10年,25,58.0,,,,,,,,,,,,,,,,,,,,,,,
S(规则书:PB+DY+ERP),单窗10年,30,58.0,,,,,,,,,,,,,,,,,,,,,,,
S(规则书:PB+DY+ERP),扩展窗口,15,58.0,109628.97652713467,142414.65922884387,0.29906037382000283,0.08757198904064502,0.0839476786087733,0.0919810620171404,0.1755834564210538,0.5890446569324984,-0.3186080213912451,0.2886966298446995,0.03873967461557609,0.8680124997297541,1,1,1344,1346,2019-01-02,0.08126023035830822,-0.4166531011480643,0.45613979322865256,0.0402912616625481,0.006311758682336799,0.13290486370384585
S(规则书:PB+DY+ERP),扩展窗口,20,58.0,109628.97652713467,142414.65922884387,0.29906037382000283,0.08757198904064502,0.0839476786087733,0.0919810620171404,0.1755834564210538,0.5890446569324984,-0.3186080213912451,0.2886966298446995,0.03873967461557609,0.8680124997297541,1,1,1344,1346,2019-01-02,0.08126023035830822,-0.4166531011480643,0.45613979322865256,0.0402912616625481,0.006311758682336799,0.13290486370384585
S(规则书:PB+DY+ERP),扩展窗口,25,58.0,109628.97652713467,142414.65922884387,0.29906037382000283,0.08757198904064502,0.0839476786087733,0.0919810620171404,0.1755834564210538,0.5890446569324984,-0.3186080213912451,0.2886966298446995,0.03873967461557609,0.8680124997297541,1,1,1344,1346,2019-01-02,0.08126023035830822,-0.4166531011480643,0.45613979322865256,0.0402912616625481,0.006311758682336799,0.13290486370384585
S(规则书:PB+DY+ERP),扩展窗口,30,58.0,109628.97652713467,141474.4729418368,0.29048429916537577,0.08535010793917548,0.08190261507065932,0.08459756330436075,0.16972792890974397,0.5633990901489286,-0.26693725346473585,0.31691928423747207,0.03723851316648218,0.8228150671159852,1,1,1344,1346,2019-01-02,0.08126023035830822,-0.4166531011480643,0.45613979322865256,0.0402912616625481,0.004089877580867263,0.10725929692027608
S=ERP,规则书15年,15,58.0,79911.79327453318,104175.87658485919,0.30363582540274003,0.08667501956251683,0.0831225933949365,0.08604889359972989,0.1773070615931757,0.5543123614840634,-0.34032910854483434,0.2528402403416338,0.040430692998121395,0.8700620778985128,1,1,1152,1154,2019-01-02,0.08157527518363757,-0.41667904282580126,0.4494597901713708,0.04029126166254741,0.005099744378879265,0.1048525713126926
S=ERP,规则书15年,20,58.0,79911.79327453318,103468.17202830789,0.29477975388248256,0.08443847744141421,0.08106232071429205,0.07869531585104683,0.1714994584355774,0.5275258309096991,-0.2668347053654242,0.2949215910399487,0.0388736534798761,0.8248503222072986,1,1,1152,1154,2019-01-02,0.08157527518363757,-0.41667904282580126,0.4494597901713708,0.04029126166254741,0.0028632022577766425,0.07806604073832829
S=ERP,规则书15年,25,58.0,79911.79327453318,103468.17202830789,0.29477975388248256,0.08443847744141421,0.08106232071429205,0.07869531585104683,0.1714994584355774,0.5275258309096991,-0.2668347053654242,0.2949215910399487,0.0388736534798761,0.8248503222072986,1,1,1152,1154,2019-01-02,0.08157527518363757,-0.41667904282580126,0.4494597901713708,0.04029126166254741,0.0028632022577766425,0.07806604073832829
S=ERP,规则书15年,30,58.0,79911.79327453318,103468.17202830789,0.29477975388248256,0.08443847744141421,0.08106232071429205,0.07869531585104683,0.1714994584355774,0.5275258309096991,-0.2668347053654242,0.2949215910399487,0.0388736534798761,0.8248503222072986,1,1,1152,1154,2019-01-02,0.08157527518363757,-0.41667904282580126,0.4494597901713708,0.04029126166254741,0.0028632022577766425,0.07806604073832829
S=ERP,A_均值,15,58.0,128600.80256685184,165756.50573190599,0.2889227938195731,0.07157925351498545,0.06913349821253638,0.07120417761247122,0.18018463833716197,0.4719196015605917,-0.416167696480366,0.17109491730055626,0.056562644696242156,0.9058193764741389,1,1,1242,1244,2019-01-02,0.07154904250510064,-0.4165016466090936,0.4608000091984369,0.04029126166254762,3.0211009884817397e-05,0.011119592362154818
S=ERP,A_均值,20,58.0,128600.80256685184,165756.50573190599,0.2889227938195731,0.07157925351498545,0.06913349821253638,0.07120417761247122,0.18018463833716197,0.4719196015605917,-0.416167696480366,0.17109491730055626,0.056562644696242156,0.9058193764741389,1,1,1242,1244,2019-01-02,0.07154904250510064,-0.4165016466090936,0.4608000091984369,0.04029126166254762,3.0211009884817397e-05,0.011119592362154818
S=ERP,A_均值,25,58.0,128600.80256685184,164180.10745978693,0.27666471890359734,0.06887443945397459,0.06660616906767203,0.06396290872919042,0.17447947025927021,0.4426437007776499,-0.3450563878355387,0.18536943810956635,0.05458505427103277,0.8606066126131966,1,1,1242,1244,2019-01-02,0.07154904250510064,-0.4165016466090936,0.4608000091984369,0.04029126166254762,-0.0026746030511260455,-0.01815630842078697
S=ERP,A_均值,30,58.0,128286.53389538813,170772.51506743097,0.33118036540521256,0.08054584868608024,0.07746632890683297,0.06967109031382002,0.1729870278502959,0.47589375732903944,-0.3450563878355387,0.20191218818133214,0.3852431352684241,0.8393304600501315,2,2,1224,1228,2019-01-02,0.07157431938786996,-0.4165016466090936,0.4608026083832513,0.040291261662548095,0.008971529298210282,0.015091148945788113
S=ERP,A_中位数,15,58.0,144924.78267175693,185776.32314509046,0.28188098488206137,0.06846267583277155,0.06622086379846372,0.07111262070677005,0.1814765361515057,0.46937459113984115,-0.41767707465845383,0.17025741899988361,0.059227146975896594,0.935616151476759,1,1,1328,1330,2019-01-02,0.06857682746420316,-0.41646831757139624,0.4620934258948738,0.040291261662547935,-0.00011415163143160822,0.007281165244967358
S=ERP,A_中位数,20,58.0,144924.78267175693,183894.68144319998,0.2688974104567523,0.06564500502073162,0.063580254353516,0.06386450757832973,0.17580728272517424,0.4400953541012434,-0.34500136947240134,0.1851137799133827,0.05719992567656096,0.8904038463691619,1,1,1328,1330,2019-01-02,0.06857682746420316,-0.41646831757139624,0.4620934258948738,0.040291261662547935,-0.002931822443471538,-0.02199807179363039
S=ERP,A_中位数,25,58.0,144924.78267175693,183894.68144319998,0.2688974104567523,0.06564500502073162,0.063580254353516,0.06386450757832973,0.17580728272517424,0.4400953541012434,-0.34500136947240134,0.1851137799133827,0.05719992567656096,0.8904038463691619,1,1,1328,1330,2019-01-02,0.06857682746420316,-0.41646831757139624,0.4620934258948738,0.040291261662547935,-0.002931822443471538,-0.02199807179363039
S=ERP,A_中位数,30,58.0,144621.1900002581,192664.96724942225,0.33220427275614606,0.07898596370579733,0.07602167757766598,0.07054857741773124,0.17434109719093585,0.4782495802340549,-0.34500136947240134,0.204487818484949,0.3814846881410464,0.8696593792077446,2,2,1311,1315,2019-01-02,0.06859802616828174,-0.41646831757139624,0.46209440816812086,0.04029126166254748,0.010387937537515587,0.01615517206593403
S=ERP,B_均值,15,58.0,132487.77454523763,171359.4448899542,0.2933981680811155,0.07074369642001077,0.06835345042621363,0.0708972110977768,0.18014418871041613,0.4703936173784581,-0.41621584709705506,0.1703376062979281,0.05470721567798174,0.9058348458201053,1,1,1224,1226,2019-01-02,0.07071449890804588,-0.4165497767650267,0.45933017650260044,0.04029126166254788,2.9197511964895728e-05,0.011063440875857644
S=ERP,B_均值,20,58.0,132487.77454523763,169746.20752562044,0.28122166825031103,0.06812986043903305,0.06590932531765346,0.06366185775535427,0.17444070909121745,0.4410805298474044,-0.3451105649329801,0.18446800597865584,0.052765371748991916,0.8606219422998924,1,1,1224,1226,2019-01-02,0.07071449890804588,-0.4165497767650267,0.45933017650260044,0.04029126166254788,-0.002584638469012829,-0.018249646655196017
S=ERP,B_均值,25,58.0,132196.62429564615,172317.64965389547,0.30349508220816723,0.07275439361166072,0.07022954053402129,0.06596750542741692,0.1663879989638768,0.46717962336735125,-0.3451105649329801,0.19114890162875106,0.3698606510703967,0.7941342446041562,2,2,1206,1210,2019-01-02,0.07073580260305401,-0.4165497767650267,0.4593313819635932,0.04029126166254783,0.0020185910086067127,0.00784824140375806
S=ERP,B_均值,30,58.0,132196.62429564615,172924.04489461437,0.308082152747599,0.07372399425955868,0.07113297447430707,0.06645357891760528,0.16629861423756306,0.47008396859860463,-0.3451105649329801,0.1925573589162953,0.37076237862672273,0.7909429228439158,2,2,1206,1210,2019-01-02,0.07073580260305401,-0.4165497767650267,0.4593313819635932,0.04029126166254783,0.0029881916565046712,0.01075258663501144
S=ERP,B_中位数,15,58.0,143288.1190749427,185487.6514845712,0.2945082445220546,0.06980735429522261,0.06747858954943436,0.0715024395172843,0.18131917245299178,0.4716317181610974,-0.4176528412327053,0.17120065388815348,0.060212014736986,0.935614633540406,1,1,1294,1296,2019-01-02,0.0699234795593738,-0.41644418242410597,0.4642834438658512,0.04029126166254778,-0.00011612526415118174,0.007348274295246204
S=ERP,B_中位数,20,58.0,143288.1190749427,185487.6514845712,0.2945082445220546,0.06980735429522261,0.06747858954943436,0.0715024395172843,0.18131917245299178,0.4716317181610974,-0.4176528412327053,0.17120065388815348,0.060212014736986,0.935614633540406,1,1,1294,1296,2019-01-02,0.0699234795593738,-0.41644418242410597,0.4642834438658512,0.04029126166254778,-0.00011612526415118174,0.007348274295246204
S=ERP,B_中位数,25,58.0,143014.24935553837,182776.0545504766,0.2780268775602144,0.06622374642775167,0.0641231971785318,0.06389521783384478,0.1677691403078264,0.45310458365561207,-0.34499259565781115,0.18520750485097576,0.36964813481851555,0.8265784902304498,2,2,1278,1282,2019-01-02,0.06994527397958032,-0.41644418242410597,0.46428437895662444,0.04029126166254803,-0.0037215275518286545,-0.011179795301012374
S=ERP,B_中位数,30,58.0,143014.24935553837,182359.46759380947,0.2751139723179439,0.06560618869140036,0.06354382849301671,0.06358020353968619,0.1675914054839869,0.45164020291329743,-0.34499259565781115,0.18429440034344874,0.3691175089482547,0.8217915038723301,2,2,1278,1282,2019-01-02,0.06994527397958032,-0.41644418242410597,0.46428437895662444,0.04029126166254803,-0.0043390852881799585,-0.012644176043327016
S=ERP,C_均值,15,58.0,124166.68021973777,158247.68070991445,0.2744778263368526,0.07251971299090056,0.07001075206221338,0.07112271158492023,0.1814724995859923,0.46943283970335314,-0.4178300358859992,0.1702192410225036,0.04771625500268682,0.9355900543628823,1,1,1354,1356,2019-01-02,0.07261238747144903,-0.41662151315914286,0.46214959209876244,0.04029126166254838,-9.267448054847693e-05,0.0072832476045907035
S=ERP,C_均值,20,58.0,124166.68021973777,157048.6947621707,0.2648215647244625,0.07023517673460351,0.06787841566398768,0.06387409252993748,0.1758031660426364,0.4401527177932929,-0.34515300019818695,0.18506022689433657,0.04592592531795549,0.8903779472168836,1,1,1354,1356,2019-01-02,0.07261238747144903,-0.41662151315914286,0.46214959209876244,0.04029126166254838,-0.0023772107368455198,-0.021996874305469538
S=ERP,C_均值,25,58.0,124166.68021973777,157048.6947621707,0.2648215647244625,0.07023517673460351,0.06787841566398768,0.06387409252993748,0.1758031660426364,0.4401527177932929,-0.34515300019818695,0.18506022689433657,0.04592592531795549,0.8903779472168836,1,1,1354,1356,2019-01-02,0.07261238747144903,-0.41662151315914286,0.46214959209876244,0.04029126166254838,-0.0023772107368455198,-0.021996874305469538
S=ERP,C_均值,30,58.0,124166.68021973777,157048.6947621707,0.2648215647244625,0.07023517673460351,0.06787841566398768,0.06387409252993748,0.1758031660426364,0.4401527177932929,-0.34515300019818695,0.18506022689433657,0.04592592531795549,0.8903779472168836,1,1,1354,1356,2019-01-02,0.07261238747144903,-0.41662151315914286,0.46214959209876244,0.04029126166254838,-0.0023772107368455198,-0.021996874305469538
S=ERP,C_中位数,15,58.0,136147.51910234266,173089.93781046147,0.2713411081721515,0.07160603872796455,0.06915849391689982,0.07110803618398043,0.18147263070211225,0.4693571280103253,-0.4179153253838712,0.17014938640660038,0.04358913378763061,0.9355910246697056,1,1,1374,1376,2019-01-02,0.07169071544500813,-0.4167069403554289,0.4620762345983724,0.04029126166254714,-8.467671704358304e-05,0.007280893411952927
S=ERP,C_中位数,20,58.0,136147.51910234266,171890.95186271772,0.2625345874536764,0.06951946239441327,0.06720944703198332,0.06385941036041065,0.17580330457085075,0.44007400673932456,-0.3452500347910866,0.18496568841492647,0.0419024375305148,0.8903789507261528,1,1,1374,1376,2019-01-02,0.07169071544500813,-0.4167069403554289,0.4620762345983724,0.04029126166254714,-0.0021712530505948596,-0.022002227859047818
S=ERP,C_中位数,25,58.0,136147.51910234266,171890.95186271772,0.2625345874536764,0.06951946239441327,0.06720944703198332,0.06385941036041065,0.17580330457085075,0.44007400673932456,-0.3452500347910866,0.18496568841492647,0.0419024375305148,0.8903789507261528,1,1,1374,1376,2019-01-02,0.07169071544500813,-0.4167069403554289,0.4620762345983724,0.04029126166254714,-0.0021712530505948596,-0.022002227859047818
S=ERP,C_中位数,30,58.0,136147.51910234266,171890.95186271772,0.2625345874536764,0.06951946239441327,0.06720944703198332,0.06385941036041065,0.17580330457085075,0.44007400673932456,-0.3452500347910866,0.18496568841492647,0.0419024375305148,0.8903789507261528,1,1,1374,1376,2019-01-02,0.07169071544500813,-0.4167069403554289,0.4620762345983724,0.04029126166254714,-0.0021712530505948596,-0.022002227859047818
S=ERP,单窗3年,15,58.0,140868.7019639705,187186.23119948647,0.3287992903303847,0.07004628136515871,0.06770190115070215,0.07883216083183808,0.1685786810058401,0.5344852392972326,-0.3885863780272242,0.20286907953915753,0.21153900560250752,0.7718005310410628,2,1,1145,1148,2019-01-02,0.06578189063510356,-0.41632948209262954,0.4642236230551349,0.04029126166254816,0.004264390730055148,0.07026161624209765
S=ERP,单窗3年,20,58.0,140868.7019639705,187186.23119948647,0.3287992903303847,0.07004628136515871,0.06770190115070215,0.07883216083183808,0.1685786810058401,0.5344852392972326,-0.3885863780272242,0.20286907953915753,0.21153900560250752,0.7718005310410628,2,1,1145,1148,2019-01-02,0.06578189063510356,-0.41632948209262954,0.4642236230551349,0.04029126166254816,0.004264390730055148,0.07026161624209765
S=ERP,单窗3年,25,58.0,140868.7019639705,184471.47011089424,0.30952772006145035,0.06643099801535705,0.06431755736627229,0.07155187322370904,0.16247753854439492,0.5066284591719793,-0.303330001778335,0.23588788713355535,0.21042675025154897,0.7265881873000418,2,1,1145,1148,2019-01-02,0.06578189063510356,-0.41632948209262954,0.4642236230551349,0.04029126166254816,0.0006491073802534914,0.04240483611684437
S=ERP,单窗3年,30,58.0,140868.7019639705,184471.47011089424,0.30952772006145035,0.06643099801535705,0.06431755736627229,0.07155187322370904,0.16247753854439492,0.5066284591719793,-0.303330001778335,0.23588788713355535,0.21042675025154897,0.7265881873000418,2,1,1145,1148,2019-01-02,0.06578189063510356,-0.41632948209262954,0.4642236230551349,0.04029126166254816,0.0006491073802534914,0.04240483611684437
S=ERP,单窗5年,15,58.0,145302.28125818388,186860.44622725432,0.2860117859762077,0.06830319454744072,0.06607159027454824,0.07294971924763094,0.18153617138934963,0.47872256162328725,-0.4099267588638883,0.17795793436322876,0.059666097062774724,0.9361467997778283,1,1,1326,1328,2019-01-02,0.0676809887364836,-0.41646115314774546,0.4620907941426012,0.04029126166254817,0.0006222058109571216,0.016631767480686066
S=ERP,单窗5年,20,58.0,145302.28125818388,184901.41701229665,0.27252934648527694,0.0654277880127251,0.06337639739520949,0.06568942578860781,0.1758694918619915,0.4497496898235302,-0.34497640620694836,0.19041715493204278,0.05764206641940046,0.8909358917121081,1,1,1326,1328,2019-01-02,0.0676809887364836,-0.41646115314774546,0.4620907941426012,0.04029126166254817,-0.0022532007237584945,-0.012341104319070983
S=ERP,单窗5年,25,58.0,145004.14658296635,198432.96016145172,0.3684640393915579,0.08513070204390215,0.08170044245064674,0.07572409555811177,0.17400762809049664,0.5065540748348333,-0.34497640620694836,0.21950514352765776,0.3779089270431851,0.865936421075157,2,2,1307,1311,2019-01-02,0.06769674165121091,-0.41646115314774546,0.4620928900514612,0.040291261662548206,0.01743396039269124,0.044461184783372076
S=ERP,单窗5年,30,58.0,144987.15594912198,193603.13261066156,0.33531229951568675,0.07842937651004135,0.07550570163392517,0.07230099076107876,0.1674781490396157,0.5006023231141262,-0.34497640620694836,0.2095824220445558,0.3720493717987744,0.8207244784450695,2,2,1306,1310,2019-01-02,0.06769772560747467,-0.41646115314774546,0.4620916792710746,0.040291261662547706,0.010731650902566683,0.03851064384305164
S=ERP,单窗10年,15,58.0,,,,,,,,,,,,,,,,,,,,,,,
S=ERP,单窗10年,20,58.0,,,,,,,,,,,,,,,,,,,,,,,
S=ERP,单窗10年,25,58.0,,,,,,,,,,,,,,,,,,,,,,,
S=ERP,单窗10年,30,58.0,,,,,,,,,,,,,,,,,,,,,,,
S=ERP,扩展窗口,15,58.0,79911.79327453318,104175.87658485919,0.30363582540274003,0.08667501956251683,0.0831225933949365,0.08604889359972989,0.1773070615931757,0.5543123614840634,-0.34032910854483434,0.2528402403416338,0.040430692998121395,0.8700620778985128,1,1,1152,1154,2019-01-02,0.08157527518363757,-0.41667904282580126,0.4494597901713708,0.04029126166254741,0.005099744378879265,0.1048525713126926
S=ERP,扩展窗口,20,58.0,79911.79327453318,103468.17202830789,0.29477975388248256,0.08443847744141421,0.08106232071429205,0.07869531585104683,0.1714994584355774,0.5275258309096991,-0.2668347053654242,0.2949215910399487,0.0388736534798761,0.8248503222072986,1,1,1152,1154,2019-01-02,0.08157527518363757,-0.41667904282580126,0.4494597901713708,0.04029126166254741,0.0028632022577766425,0.07806604073832829
S=ERP,扩展窗口,25,58.0,79911.79327453318,103468.17202830789,0.29477975388248256,0.08443847744141421,0.08106232071429205,0.07869531585104683,0.1714994584355774,0.5275258309096991,-0.2668347053654242,0.2949215910399487,0.0388736534798761,0.8248503222072986,1,1,1152,1154,2019-01-02,0.08157527518363757,-0.41667904282580126,0.4494597901713708,0.04029126166254741,0.0028632022577766425,0.07806604073832829
S=ERP,扩展窗口,30,58.0,79911.79327453318,103468.17202830789,0.29477975388248256,0.08443847744141421,0.08106232071429205,0.07869531585104683,0.1714994584355774,0.5275258309096991,-0.2668347053654242,0.2949215910399487,0.0388736534798761,0.8248503222072986,1,1,1152,1154,2019-01-02,0.08157527518363757,-0.41667904282580126,0.4494597901713708,0.04029126166254741,0.0028632022577766425,0.07806604073832829
S=PE,规则书15年,15,58.0,27001.057761369102,38579.940779451426,0.4288307191671743,0.0990435429000279,0.0944402951097969,0.08783847648699061,0.16076726908110683,0.6041368306049378,-0.26688835093558927,0.3291206835332784,0.20314751853324484,0.7475201122335555,2,1,708,711,2019-01-02,0.08082721887723913,-0.4164538855778358,0.43850546541607377,0.04029126166254776,0.018216324022788763,0.16563136518886407
S=PE,规则书15年,20,58.0,27001.057761369102,36917.76454597861,0.3672710481289927,0.08667631702704948,0.08312378737081219,0.08162289933897715,0.15905017813281483,0.5728942113518735,-0.26688835093558927,0.30583162979142536,0.19857909195698034,0.7118839642130199,2,1,708,711,2019-01-02,0.08082721887723913,-0.4164538855778358,0.43850546541607377,0.04029126166254776,0.005849098149810342,0.1343887459357997
S=PE,规则书15年,25,58.0,27001.057761369102,36917.76454597861,0.3672710481289927,0.08667631702704948,0.08312378737081219,0.08162289933897715,0.15905017813281483,0.5728942113518735,-0.26688835093558927,0.30583162979142536,0.19857909195698034,0.7118839642130199,2,1,708,711,2019-01-02,0.08082721887723913,-0.4164538855778358,0.43850546541607377,0.04029126166254776,0.005849098149810342,0.1343887459357997
S=PE,规则书15年,30,58.0,27001.057761369102,36917.76454597861,0.3672710481289927,0.08667631702704948,0.08312378737081219,0.08162289933897715,0.15905017813281483,0.5728942113518735,-0.26688835093558927,0.30583162979142536,0.19857909195698034,0.7118839642130199,2,1,708,711,2019-01-02,0.08082721887723913,-0.4164538855778358,0.43850546541607377,0.04029126166254776,0.005849098149810342,0.1343887459357997
S=PE,A_均值,15,58.0,74996.05398831033,106079.75810525057,0.41447119500161,0.08790717944092911,0.0842558317805368,0.08907555287932323,0.16300002475439418,0.6050642803021037,-0.26667401112427214,0.33402412369990314,0.20509111470257246,0.750491348626323,2,1,963,966,2019-01-02,0.0704786402324541,-0.41647563246111174,0.4563213428561188,0.040291261662548414,0.017428539208475008,0.14874293744598488
S=PE,A_均值,20,58.0,74996.05398831033,101509.49276142895,0.35353111748054467,0.07663589400914553,0.07384126674234473,0.08287289126787067,0.16131244464924693,0.5742789394291603,-0.26667401112427214,0.31076478325910534,0.20089567161781888,0.7148557440454553,2,1,963,966,2019-01-02,0.0704786402324541,-0.41647563246111174,0.4563213428561188,0.040291261662548414,0.006157253776691421,0.1179575965730415
S=PE,A_均值,25,58.0,74996.05398831033,101509.49276142895,0.35353111748054467,0.07663589400914553,0.07384126674234473,0.08287289126787067,0.16131244464924693,0.5742789394291603,-0.26667401112427214,0.31076478325910534,0.20089567161781888,0.7148557440454553,2,1,963,966,2019-01-02,0.0704786402324541,-0.41647563246111174,0.4563213428561188,0.040291261662548414,0.006157253776691421,0.1179575965730415
S=PE,A_均值,30,58.0,74996.05398831033,85553.65141034317,0.14077537231063464,0.03315454267851445,0.03261678463840684,0.0591202804441624,0.15741007364643586,0.44362431926027335,-0.26667401112427214,0.22169494580636842,0.18862028779411472,0.6584773738202153,2,1,963,966,2019-01-02,0.0704786402324541,-0.41647563246111174,0.4563213428561188,0.040291261662548414,-0.03732409755393966,-0.012697023595845458
S=PE,A_中位数,15,58.0,84533.58158885574,118643.06489750081,0.4035021664472076,0.08414067708381662,0.08078767050486976,0.08584368190820624,0.16303772585015497,0.5867277969199994,-0.26662152105589365,0.3219683151166565,0.2052367123906372,0.7542272110810385,2,1,987,990,2019-01-02,0.06817871447394418,-0.416456983261859,0.44922929972408226,0.040291261662547886,0.01596196260987244,0.13749849719591717
S=PE,A_中位数,20,58.0,84533.58158885574,118371.90131355723,0.4002944047642538,0.0835666065180725,0.08025801358716003,0.08552114765797336,0.16285441300447406,0.5853803974392605,-0.26662152105589365,0.32075860687946867,0.20499929844162726,0.7494403620834661,2,1,987,990,2019-01-02,0.06817871447394418,-0.416456983261859,0.44922929972408226,0.040291261662547886,0.015387892044128326,0.13615109771517825
S=PE,A_中位数,25,58.0,84533.58158885574,113931.74846445695,0.3477690915615581,0.07398642585102393,0.07137735713438452,0.08014621655284082,0.16125578284053568,0.558785560581688,-0.26662152105589365,0.3005992023278542,0.20152426643757373,0.7154005561383835,2,1,987,990,2019-01-02,0.06817871447394418,-0.416456983261859,0.44922929972408226,0.040291261662547886,0.0058077113770797495,0.10955626085760578
S=PE,A_中位数,30,58.0,84533.58158885574,113931.74846445695,0.3477690915615581,0.07398642585102393,0.07137735713438452,0.08014621655284082,0.16125578284053568,0.558785560581688,-0.26662152105589365,0.3005992023278542,0.20152426643757373,0.7154005561383835,2,1,987,990,2019-01-02,0.06817871447394418,-0.416456983261859,0.44922929972408226,0.040291261662547886,0.0058077113770797495,0.10955626085760578
S=PE,B_均值,15,58.0,81982.05450241917,115308.26181071434,0.4065061251583024,0.08625847987721846,0.08273920412829953,0.08840833045518992,0.16297005825482294,0.6013837413049787,-0.2667450915809224,0.3314337667142021,0.19992332913556557,0.7510245853877172,2,1,923,926,2019-01-02,0.06977446957043537,-0.4165802057819793,0.4596247518017873,0.04029126166254811,0.016484010306783092,0.14175898950319143
S=PE,B_均值,20,58.0,81982.05450241917,110340.34517761727,0.34590851433665026,0.07500433287533187,0.07232469215320741,0.08221599332464535,0.16128384321999306,0.5705885039359375,-0.2667450915809224,0.3082193296880348,0.1956871491562112,0.7153885718795322,2,1,923,926,2019-01-02,0.06977446957043537,-0.4165802057819793,0.4596247518017873,0.04029126166254811,0.005229863304896498,0.11096375213415022
S=PE,B_均值,25,58.0,81982.05450241917,110340.34517761727,0.34590851433665026,0.07500433287533187,0.07232469215320741,0.08221599332464535,0.16128384321999306,0.5705885039359375,-0.2667450915809224,0.3082193296880348,0.1956871491562112,0.7153885718795322,2,1,923,926,2019-01-02,0.06977446957043537,-0.4165802057819793,0.4596247518017873,0.04029126166254811,0.005229863304896498,0.11096375213415022
S=PE,B_均值,30,58.0,81982.05450241917,92996.21224882008,0.13434839872274607,0.03162440254609398,0.03113464979189722,0.058502539653548125,0.1573845284423147,0.43996281469853427,-0.2667450915809224,0.21932002312327542,0.18316330542402764,0.6590095019415363,2,1,923,926,2019-01-02,0.06977446957043537,-0.4165802057819793,0.4596247518017873,0.04029126166254811,-0.03815006702434139,-0.019661937103253035
S=PE,B_中位数,15,58.0,83583.56276514518,118934.47986381875,0.42294101769750236,0.0881317414347094,0.08446222698093801,0.09109592269733446,0.1629293400081895,0.6166358947544743,-0.26668844427492633,0.3415818144839625,0.20276191707172406,0.7505036950111228,2,1,950,953,2019-01-02,0.07087883277009911,-0.416518795057514,0.4664938950627266,0.04029126166254743,0.017252908664610295,0.15014199969174774
S=PE,B_中位数,20,58.0,83583.56276514518,113810.43406315178,0.36163655027410946,0.07703936948275437,0.074215952271931,0.08489172216609697,0.1612440480835704,0.5860095973089059,-0.26668844427492633,0.3183179623582902,0.19861242697678044,0.7148683917785225,2,1,950,953,2019-01-02,0.07087883277009911,-0.416518795057514,0.4664938950627266,0.04029126166254743,0.006160536712655262,0.1195157022461793
S=PE,B_中位数,25,58.0,83583.56276514518,113810.43406315178,0.36163655027410946,0.07703936948275437,0.074215952271931,0.08489172216609697,0.1612440480835704,0.5860095973089059,-0.26668844427492633,0.3183179623582902,0.19861242697678044,0.7148683917785225,2,1,950,953,2019-01-02,0.07087883277009911,-0.416518795057514,0.4664938950627266,0.04029126166254743,0.006160536712655262,0.1195157022461793
S=PE,B_中位数,30,58.0,83583.56276514518,95921.21850990911,0.14760863663386226,0.03419765048857994,0.033625909162067896,0.06113270995259712,0.15734749442073837,0.45580562533286273,-0.26668844427492633,0.22922894210435324,0.18642821839906765,0.6584905371873729,2,1,950,953,2019-01-02,0.07087883277009911,-0.416518795057514,0.4664938950627266,0.04029126166254743,-0.03668118228151917,-0.010688269729863864
S=PE,C_均值,15,58.0,64913.285899181,89181.2316600194,0.3738517535305448,0.08362934293920787,0.08031590998657753,0.08522971264107815,0.16457943441355397,0.5793256572319735,-0.2667656683055877,0.3194928087352121,0.20186466935585112,0.7616280264819756,2,1,967,970,2019-01-02,0.07247267438035303,-0.4166106044560959,0.4534749473567574,0.04029126166254742,0.011156668558854846,0.12585070987521607
S=PE,C_均值,20,58.0,64913.285899181,90770.87418161654,0.39834046180616745,0.08834071432950487,0.0846542559633257,0.08772463042771106,0.1628678214488703,0.5978003803173885,-0.2667656683055877,0.32884527827328963,0.20393091142919276,0.7488627054701196,2,1,967,970,2019-01-02,0.07247267438035303,-0.4166106044560959,0.4534749473567574,0.04029126166254742,0.01586803994915184,0.14432543296063105
S=PE,C_均值,25,58.0,64913.285899181,87365.93260749783,0.3458867687454428,0.07815276433045316,0.0752491733284489,0.08233286189581368,0.16126777157670816,0.5713001117637624,-0.2667656683055877,0.30863364996990184,0.20024710170043042,0.7148218194187256,2,1,967,970,2019-01-02,0.07247267438035303,-0.4166106044560959,0.4534749473567574,0.04029126166254742,0.005680089950100137,0.11782516440700497
S=PE,C_均值,30,58.0,64913.285899181,87365.93260749783,0.3458867687454428,0.07815276433045316,0.0752491733284489,0.08233286189581368,0.16126777157670816,0.5713001117637624,-0.2667656683055877,0.30863364996990184,0.20024710170043042,0.7148218194187256,2,1,967,970,2019-01-02,0.07247267438035303,-0.4166106044560959,0.4534749473567574,0.04029126166254742,0.005680089950100137,0.11782516440700497
S=PE,C_中位数,15,58.0,73474.55640588867,104814.74577514436,0.42654479186136207,0.09468184515362084,0.09046376867882344,0.09020152899046785,0.16979562035153742,0.5936040750102334,-0.2667996961802156,0.33808707536735455,0.203447828131453,0.799394665168744,2,1,961,964,2019-01-02,0.07233065039643598,-0.4166960639374413,0.45337112189840983,0.04029126166254793,0.02235119475718486,0.14023295311182354
S=PE,C_中位数,20,58.0,73474.55640588867,102037.91030121916,0.3887516344779356,0.08742046009142773,0.08380834116001763,0.08640360438464767,0.1629048192155993,0.5902391596682824,-0.2667996961802156,0.32385195943508305,0.20038944352815322,0.7493965620979888,2,1,961,964,2019-01-02,0.07233065039643598,-0.4166960639374413,0.45337112189840983,0.04029126166254793,0.015089809694991754,0.1368680377698726
S=PE,C_中位数,25,58.0,73474.55640588867,98210.28794748423,0.3366571062362087,0.07710874937893851,0.07428036743038796,0.08101832884984828,0.16130494220611719,0.5636690130987202,-0.2667996961802156,0.30366724553960023,0.19662878115823132,0.7153553344177384,2,1,961,964,2019-01-02,0.07233065039643598,-0.4166960639374413,0.45337112189840983,0.04029126166254793,0.004778098982502532,0.11029789120031036
S=PE,C_中位数,30,58.0,73474.55640588867,98210.28794748423,0.3366571062362087,0.07710874937893851,0.07428036743038796,0.08101832884984828,0.16130494220611719,0.5636690130987202,-0.2667996961802156,0.30366724553960023,0.19662878115823132,0.7153553344177384,2,1,961,964,2019-01-02,0.07233065039643598,-0.4166960639374413,0.45337112189840983,0.04029126166254793,0.004778098982502532,0.11029789120031036
S=PE,单窗3年,15,58.0,101559.31195256354,118036.70901728595,0.16224407932596763,0.03496711067638477,0.034369649088162965,0.06703514726838766,0.16368281447279506,0.4782973645359709,-0.3357811063860813,0.1996394257850548,0.18995715485845244,0.7042409461150276,2,1,943,946,2019-01-02,0.06510111191405846,-0.41640068120780993,0.4663167577794956,0.04029126166254826,-0.030134001237673687,0.011980606756475276
S=PE,单窗3年,20,58.0,101512.76634160559,118350.75714129543,0.16587067229581254,0.03568469858347147,0.035062752518304784,0.0624394864579223,0.15317170821553652,0.47194315407655624,-0.2665631032570476,0.23423904394492182,0.4159167469580164,0.6116926168809999,3,2,942,947,2019-01-02,0.06508894164202018,-0.41640068120780993,0.4663169891988241,0.04029126166254779,-0.02940424305854871,0.005626164877732154
S=PE,单窗3年,25,58.0,101512.76634160559,116281.06518601229,0.14548218294740556,0.03156542501522921,0.031077478580510874,0.060015133320349356,0.15312186033005137,0.45712357390013375,-0.2665631032570476,0.22514418757526464,0.416298075728829,0.6074373340723785,3,2,942,947,2019-01-02,0.06508894164202018,-0.41640068120780993,0.4663169891988241,0.04029126166254779,-0.033523516626790976,-0.009193415298690333
S=PE,单窗3年,30,58.0,101512.76634160559,115746.88917404345,0.14022002695245162,0.0304910713549478,0.030035456929421774,0.05938332544871394,0.1531077417869741,0.45325640870562794,-0.2665631032570476,0.22277398755915004,0.41641985009695814,0.6047777824149236,3,2,942,947,2019-01-02,0.06508894164202018,-0.41640068120780993,0.4663169891988241,0.04029126166254779,-0.03459787028707238,-0.013060580493196139
S=PE,单窗5年,15,58.0,85543.44463612954,116492.07003092968,0.3617883933297783,0.07537463786671011,0.07266910120861299,0.06698542008748021,0.16600498309739478,0.47362422700051154,-0.3449463956709572,0.19419081030600852,0.21124614391798616,0.792001141102544,2,1,1039,1042,2019-01-02,0.06735148069256659,-0.4164039884186752,0.44921952160767764,0.04029126166254821,0.008023157174143522,0.024404705392833903
S=PE,单窗5年,20,58.0,85543.44463612954,115817.55896324772,0.35390338156118406,0.07394448498012741,0.07133830478806337,0.066181273687409,0.1659146362851457,0.4692462418459832,-0.3449463956709572,0.1918595889621616,0.21061998371099572,0.790405491514738,2,1,1039,1042,2019-01-02,0.06735148069256659,-0.4164039884186752,0.44921952160767764,0.04029126166254821,0.006593004287560822,0.02002672023830554
S=PE,单窗5年,25,58.0,85543.44463612954,111473.12746280167,0.3031171229656171,0.06454034543582436,0.06254310546532936,0.06090198916138756,0.16434341944880862,0.44194238472775527,-0.3449463956709572,0.17655493701543615,0.20723733356416002,0.7563649641872053,2,1,1039,1042,2019-01-02,0.06735148069256659,-0.4164039884186752,0.44921952160767764,0.04029126166254821,-0.002811135256742231,-0.007277136879922375
S=PE,单窗5年,30,58.0,85543.44463612954,111473.12746280167,0.3031171229656171,0.06454034543582436,0.06254310546532936,0.06090198916138756,0.16434341944880862,0.44194238472775527,-0.3449463956709572,0.17655493701543615,0.20723733356416002,0.7563649641872053,2,1,1039,1042,2019-01-02,0.06735148069256659,-0.4164039884186752,0.44921952160767764,0.04029126166254821,-0.002811135256742231,-0.007277136879922375
S=PE,单窗10年,15,58.0,,,,,,,,,,,,,,,,,,,,,,,
S=PE,单窗10年,20,58.0,,,,,,,,,,,,,,,,,,,,,,,
S=PE,单窗10年,25,58.0,,,,,,,,,,,,,,,,,,,,,,,
S=PE,单窗10年,30,58.0,,,,,,,,,,,,,,,,,,,,,,,
S=PE,扩展窗口,15,58.0,27001.057761369102,38579.940779451426,0.4288307191671743,0.0990435429000279,0.0944402951097969,0.08783847648699061,0.16076726908110683,0.6041368306049378,-0.26688835093558927,0.3291206835332784,0.20314751853324484,0.7475201122335555,2,1,708,711,2019-01-02,0.08082721887723913,-0.4164538855778358,0.43850546541607377,0.04029126166254776,0.018216324022788763,0.16563136518886407
S=PE,扩展窗口,20,58.0,27001.057761369102,36917.76454597861,0.3672710481289927,0.08667631702704948,0.08312378737081219,0.08162289933897715,0.15905017813281483,0.5728942113518735,-0.26688835093558927,0.30583162979142536,0.19857909195698034,0.7118839642130199,2,1,708,711,2019-01-02,0.08082721887723913,-0.4164538855778358,0.43850546541607377,0.04029126166254776,0.005849098149810342,0.1343887459357997
S=PE,扩展窗口,25,58.0,27001.057761369102,36917.76454597861,0.3672710481289927,0.08667631702704948,0.08312378737081219,0.08162289933897715,0.15905017813281483,0.5728942113518735,-0.26688835093558927,0.30583162979142536,0.19857909195698034,0.7118839642130199,2,1,708,711,2019-01-02,0.08082721887723913,-0.4164538855778358,0.43850546541607377,0.04029126166254776,0.005849098149810342,0.1343887459357997
S=PE,扩展窗口,30,58.0,27001.057761369102,36917.76454597861,0.3672710481289927,0.08667631702704948,0.08312378737081219,0.08162289933897715,0.15905017813281483,0.5728942113518735,-0.26688835093558927,0.30583162979142536,0.19857909195698034,0.7118839642130199,2,1,708,711,2019-01-02,0.08082721887723913,-0.4164538855778358,0.43850546541607377,0.04029126166254776,0.005849098149810342,0.1343887459357997
S=PB,规则书15年,15,58.0,143148.23681791,184506.51727171472,0.2889192446457727,0.07445471179149746,0.07181328804232022,0.07214816983029881,0.1870836075867527,0.4660051133798249,-0.41643661214259875,0.1732512649622493,0.0,0.9999528472742012,0,0,1404,1404,2019-01-02,0.07445471179149746,-0.41643661214259875,0.4660051133798249,0.040291261662548004,0.0,0.0
S=PB,规则书15年,20,58.0,142895.01308588544,191568.77759783293,0.3406260544774413,0.08604474492230851,0.08254242224890111,0.09995819758063451,0.17617898938883986,0.6289608855924479,-0.2888454796853359,0.3460611455284934,0.05431782283148152,0.8685885375098258,1,1,1386,1388,2019-01-02,0.0745806716299232,-0.4164237958555408,0.4660238581739248,0.040291261662548324,0.011464073292385316,0.16293702741852312
S=PB,规则书15年,25,58.0,142895.01308588544,191568.77759783293,0.3406260544774413,0.08604474492230851,0.08254242224890111,0.09995819758063451,0.17617898938883986,0.6289608855924479,-0.2888454796853359,0.3460611455284934,0.05431782283148152,0.8685885375098258,1,1,1386,1388,2019-01-02,0.0745806716299232,-0.4164237958555408,0.4660238581739248,0.040291261662548324,0.011464073292385316,0.16293702741852312
S=PB,规则书15年,30,58.0,142895.01308588544,191568.77759783293,0.3406260544774413,0.08604474492230851,0.08254242224890111,0.09995819758063451,0.17617898938883986,0.6289608855924479,-0.2888454796853359,0.3460611455284934,0.05431782283148152,0.8685885375098258,1,1,1386,1388,2019-01-02,0.0745806716299232,-0.4164237958555408,0.4660238581739248,0.040291261662548324,0.011464073292385316,0.16293702741852312
S=PB,A_均值,15,58.0,135752.35706540092,182953.68131920786,0.3477016920676148,0.08038264801443021,0.07731528210245281,0.09157317473797777,0.17740298187044615,0.5827175684611453,-0.32967717934318586,0.2777661921289746,0.05914465975989818,0.8707118774933038,1,1,1167,1169,2019-01-02,0.07201776387187317,-0.41642828198478943,0.46604624322034793,0.04029126166254797,0.008364884142557039,0.11667132524079737
S=PB,A_均值,20,58.0,135752.35706540092,182953.68131920786,0.3477016920676148,0.08038264801443021,0.07731528210245281,0.09157317473797777,0.17740298187044615,0.5827175684611453,-0.32967717934318586,0.2777661921289746,0.05914465975989818,0.8707118774933038,1,1,1167,1169,2019-01-02,0.07201776387187317,-0.41642828198478943,0.46604624322034793,0.04029126166254797,0.008364884142557039,0.11667132524079737
S=PB,A_均值,25,58.0,135752.35706540092,182953.68131920786,0.3477016920676148,0.08038264801443021,0.07731528210245281,0.09157317473797777,0.17740298187044615,0.5827175684611453,-0.32967717934318586,0.2777661921289746,0.05914465975989818,0.8707118774933038,1,1,1167,1169,2019-01-02,0.07201776387187317,-0.41642828198478943,0.46604624322034793,0.04029126166254797,0.008364884142557039,0.11667132524079737
S=PB,A_均值,30,58.0,135457.94768213708,190596.7463648742,0.40705473267707215,0.09189597103336565,0.08791560816329101,0.09759283250400919,0.16892342752431377,0.6358246136034258,-0.32967717934318586,0.29602544130729,0.2131997039657139,0.7941179297206982,2,1,1143,1146,2019-01-02,0.07204061663804104,-0.41642828198478943,0.4660460920324051,0.04029126166254796,0.019855354395324612,0.1697785215710207
S=PB,A_中位数,15,58.0,141057.8741078528,189600.74024893693,0.34413439482271113,0.08026372886313642,0.07720520471756791,0.09156641863957549,0.17740267544013819,0.5826833802252205,-0.3296836439528752,0.2777402528730359,0.05883775533329495,0.8707213763293165,1,1,1186,1188,2019-01-02,0.07194028507708208,-0.41644168928695313,0.46600138764067667,0.04029126166254788,0.008323443786054333,0.11668199258454381
S=PB,A_中位数,20,58.0,141057.8741078528,189600.74024893693,0.34413439482271113,0.08026372886313642,0.07720520471756791,0.09156641863957549,0.17740267544013819,0.5826833802252205,-0.3296836439528752,0.2777402528730359,0.05883775533329495,0.8707213763293165,1,1,1186,1188,2019-01-02,0.07194028507708208,-0.41644168928695313,0.46600138764067667,0.04029126166254788,0.008323443786054333,0.11668199258454381
S=PB,A_中位数,25,58.0,141057.8741078528,189600.74024893693,0.34413439482271113,0.08026372886313642,0.07720520471756791,0.09156641863957549,0.17740267544013819,0.5826833802252205,-0.3296836439528752,0.2777402528730359,0.05883775533329495,0.8707213763293165,1,1,1186,1188,2019-01-02,0.07194028507708208,-0.41644168928695313,0.46600138764067667,0.04029126166254788,0.008323443786054333,0.11668199258454381
S=PB,A_中位数,30,58.0,140719.83559549588,197942.05108604275,0.40663930034024576,0.09248560431821944,0.0884554710753646,0.09791166386194683,0.16909930196905248,0.6370569716569773,-0.3296836439528752,0.2969867194137853,0.21416296628719408,0.7989141523600588,2,1,1160,1163,2019-01-02,0.07196835890294362,-0.41644168928695313,0.46600308188510564,0.040291261662547664,0.020517245415275817,0.17105388977187164
S=PB,B_均值,15,58.0,130377.28513585901,175854.2267501276,0.3488103128307938,0.08007403094056816,0.07702958595407135,0.09158776068665642,0.1774023128892009,0.5827945570653437,-0.3297512182098582,0.2777480586239069,0.055982942315166005,0.8707130996644413,1,1,1124,1126,2019-01-02,0.0721564139917191,-0.4164962198418255,0.4661163201341571,0.0402912616625478,0.007917616948849057,0.11667823693118656
S=PB,B_均值,20,58.0,130377.28513585901,175854.2267501276,0.3488103128307938,0.08007403094056816,0.07702958595407135,0.09158776068665642,0.1774023128892009,0.5827945570653437,-0.3297512182098582,0.2777480586239069,0.055982942315166005,0.8707130996644413,1,1,1124,1126,2019-01-02,0.0721564139917191,-0.4164962198418255,0.4661163201341571,0.0402912616625478,0.007917616948849057,0.11667823693118656
S=PB,B_均值,25,58.0,130191.20242620812,183296.0760592573,0.407899094895823,0.09153300520285641,0.08758313494084767,0.09760746630533568,0.16892280085208064,0.6359054203939453,-0.3297512182098582,0.29600335318008425,0.20925336463619615,0.7941192734314506,2,1,1109,1112,2019-01-02,0.07216810821748924,-0.4164962198418255,0.4661171588938305,0.040291261662547755,0.01936489698536717,0.16978826150011478
S=PB,B_均值,30,58.0,130191.17720299898,181550.63479955142,0.3944926123255714,0.08895225880912586,0.08521600351245871,0.09046751714987367,0.16235096966587417,0.6147034203899078,-0.26666974591492476,0.33924927193928994,0.20869512547137872,0.740403521334042,2,1,1109,1112,2019-01-02,0.07216812254589855,-0.4164963419496063,0.4661170772112734,0.040291261662548206,0.016784136263227306,0.1485863431786344
S=PB,B_中位数,15,58.0,134079.51111804871,182627.2292767237,0.3620815570839284,0.08486320197127609,0.0814538979110643,0.0999910935759214,0.1761805877643806,0.6291267348198969,-0.28892092167155725,0.3460846414216773,0.05361548216553794,0.8685892471310518,1,1,1165,1167,2019-01-02,0.07359546371312686,-0.41649484293345573,0.4661750127457754,0.040291261662547775,0.011267738258149224,0.1629517220741215
S=PB,B_中位数,20,58.0,134079.51111804871,182627.2292767237,0.3620815570839284,0.08486320197127609,0.0814538979110643,0.0999910935759214,0.1761805877643806,0.6291267348198969,-0.28892092167155725,0.3460846414216773,0.05361548216553794,0.8685892471310518,1,1,1165,1167,2019-01-02,0.07359546371312686,-0.41649484293345573,0.4661750127457754,0.040291261662547775,0.011267738258149224,0.1629517220741215
S=PB,B_中位数,25,58.0,133725.0911408692,190544.6231630991,0.42489806166873256,0.09711883258804124,0.09268750048382478,0.10632052521928115,0.16764198810175732,0.6866330435848769,-0.28892092167155725,0.3679917833715946,0.3650937897023769,0.7930591734270886,2,2,1139,1143,2019-01-02,0.07362325750648262,-0.41649484293345573,0.46617759481066895,0.040291261662548296,0.023495575081558626,0.22045544877420792
S=PB,B_中位数,30,58.0,133725.0911408692,190909.77344172721,0.4276286657424546,0.09764773851042927,0.0931694705845101,0.10659486266651608,0.16717034249571758,0.6895818663845962,-0.28892092167155725,0.36894130771080735,0.36565547881565963,0.7845486642065396,2,2,1139,1143,2019-01-02,0.07362325750648262,-0.41649484293345573,0.46617759481066895,0.040291261662548296,0.02402448100394665,0.22340427157392723
S=PB,C_均值,15,58.0,140820.86064876048,187392.67970736008,0.3307167620198004,0.08040359784702984,0.07733467303724835,0.08935617917968797,0.17731434223224765,0.5714503637086086,-0.3400868096426938,0.26274520694750986,0.056288499362504726,0.8701773765939393,1,1,1252,1254,2019-01-02,0.07339671584285809,-0.4164433272221566,0.46599977771473156,0.04029126166254745,0.007006882004171752,0.10545058599387702
S=PB,C_均值,20,58.0,140820.86064876048,187392.67970736008,0.3307167620198004,0.08040359784702984,0.07733467303724835,0.08935617917968797,0.17731434223224765,0.5714503637086086,-0.3400868096426938,0.26274520694750986,0.056288499362504726,0.8701773765939393,1,1,1252,1254,2019-01-02,0.07339671584285809,-0.4164433272221566,0.46599977771473156,0.04029126166254745,0.007006882004171752,0.10545058599387702
S=PB,C_均值,25,58.0,140820.86064876048,187392.67970736008,0.3307167620198004,0.08040359784702984,0.07733467303724835,0.08935617917968797,0.17731434223224765,0.5714503637086086,-0.3400868096426938,0.26274520694750986,0.056288499362504726,0.8701773765939393,1,1,1252,1254,2019-01-02,0.07339671584285809,-0.4164433272221566,0.46599977771473156,0.04029126166254745,0.007006882004171752,0.10545058599387702
S=PB,C_均值,30,58.0,140820.86064876048,187392.67970736008,0.3307167620198004,0.08040359784702984,0.07733467303724835,0.08935617917968797,0.17731434223224765,0.5714503637086086,-0.3400868096426938,0.26274520694750986,0.056288499362504726,0.8701773765939393,1,1,1252,1254,2019-01-02,0.07339671584285809,-0.4164433272221566,0.46599977771473156,0.04029126166254745,0.007006882004171752,0.10545058599387702
S=PB,C_中位数,15,58.0,142377.96944811172,189906.5612730574,0.3338198459296542,0.08132583769646164,0.078187915714356,0.0915600679656452,0.17739991723802312,0.5826568404819571,-0.32970375720623546,0.2777040478442979,0.05566190150703316,0.8707095743127604,1,1,1265,1267,2019-01-02,0.0734343042358933,-0.41644854596945535,0.46598990351830627,0.04029126166254787,0.00789153346056834,0.11666693696365082
S=PB,C_中位数,20,58.0,142377.96944811172,189906.5612730574,0.3338198459296542,0.08132583769646164,0.078187915714356,0.0915600679656452,0.17739991723802312,0.5826568404819571,-0.32970375720623546,0.2777040478442979,0.05566190150703316,0.8707095743127604,1,1,1265,1267,2019-01-02,0.0734343042358933,-0.41644854596945535,0.46598990351830627,0.04029126166254787,0.00789153346056834,0.11666693696365082
S=PB,C_中位数,25,58.0,142377.96944811172,189906.5612730574,0.3338198459296542,0.08132583769646164,0.078187915714356,0.0915600679656452,0.17739991723802312,0.5826568404819571,-0.32970375720623546,0.2777040478442979,0.05566190150703316,0.8707095743127604,1,1,1265,1267,2019-01-02,0.0734343042358933,-0.41644854596945535,0.46598990351830627,0.04029126166254787,0.00789153346056834,0.11666693696365082
S=PB,C_中位数,30,58.0,142377.96944811172,189906.5612730574,0.3338198459296542,0.08132583769646164,0.078187915714356,0.0915600679656452,0.17739991723802312,0.5826568404819571,-0.32970375720623546,0.2777040478442979,0.05566190150703316,0.8707095743127604,1,1,1265,1267,2019-01-02,0.0734343042358933,-0.41644854596945535,0.46598990351830627,0.04029126166254787,0.00789153346056834,0.11666693696365082
S=PB,单窗3年,15,58.0,131580.18466784316,180282.85847828817,0.37013684038663186,0.07910186800211011,0.0761290914601978,0.09220375752953092,0.16738911494971542,0.6106961759594243,-0.32965048286905707,0.27970156975670457,0.2058101180317307,0.7600886094369617,2,1,1047,1050,2019-01-02,0.06892435080911094,-0.416414818073117,0.4661856952750229,0.040291261662547505,0.01017751719299917,0.14451048068440137
S=PB,单窗3年,20,58.0,131580.18466784316,180282.85847828817,0.37013684038663186,0.07910186800211011,0.0761290914601978,0.09220375752953092,0.16738911494971542,0.6106961759594243,-0.32965048286905707,0.27970156975670457,0.2058101180317307,0.7600886094369617,2,1,1047,1050,2019-01-02,0.06892435080911094,-0.416414818073117,0.4661856952750229,0.040291261662547505,0.01017751719299917,0.14451048068440137
S=PB,单窗3年,25,58.0,131580.18466784316,180282.85847828817,0.37013684038663186,0.07910186800211011,0.0761290914601978,0.09220375752953092,0.16738911494971542,0.6106961759594243,-0.32965048286905707,0.27970156975670457,0.2058101180317307,0.7600886094369617,2,1,1047,1050,2019-01-02,0.06892435080911094,-0.416414818073117,0.4661856952750229,0.040291261662547505,0.01017751719299917,0.14451048068440137
S=PB,单窗3年,30,58.0,131580.16054657532,177771.55956924713,0.35105139582438394,0.07555302744276102,0.0728349734314097,0.08482948728448991,0.16124244059138793,0.5856577812701231,-0.2665619485201993,0.3182355462038565,0.20481262920819698,0.7148778033658513,2,1,1047,1050,2019-01-02,0.068924362546346,-0.4164149117490413,0.46618563262532936,0.04029126166254753,0.006628664896415018,0.11947214864479377
S=PB,单窗5年,15,58.0,139823.39138515526,188981.77476795064,0.3515748180315874,0.07951630004745469,0.07651307048582699,0.09022426249533777,0.17741974805994348,0.5757072628689796,-0.3296101481269311,0.2737302325430614,0.0642784381150916,0.8707193612836569,1,1,1169,1171,2019-01-02,0.07043374375142814,-0.4163758948052906,0.45934284572626405,0.04029126166254792,0.009082556296026556,0.1163644171427155
S=PB,单窗5年,20,58.0,139823.39138515526,188981.77476795064,0.3515748180315874,0.07951630004745469,0.07651307048582699,0.09022426249533777,0.17741974805994348,0.5757072628689796,-0.3296101481269311,0.2737302325430614,0.0642784381150916,0.8707193612836569,1,1,1169,1171,2019-01-02,0.07043374375142814,-0.4163758948052906,0.45934284572626405,0.04029126166254792,0.009082556296026556,0.1163644171427155
S=PB,单窗5年,25,58.0,139823.39138515526,188981.77476795064,0.3515748180315874,0.07951630004745469,0.07651307048582699,0.09022426249533777,0.17741974805994348,0.5757072628689796,-0.3296101481269311,0.2737302325430614,0.0642784381150916,0.8707193612836569,1,1,1169,1171,2019-01-02,0.07043374375142814,-0.4163758948052906,0.45934284572626405,0.04029126166254792,0.009082556296026556,0.1163644171427155
S=PB,单窗5年,30,58.0,139711.54372114775,197068.56372885057,0.41053887517113474,0.0907914239127458,0.08690350975885286,0.09623990076535849,0.16893658733065475,0.6284844804593195,-0.3296101481269311,0.2919810003188889,0.21573202319288298,0.7941253545311243,2,1,1159,1162,2019-01-02,0.07044113212236314,-0.4163758948052906,0.45934252343537263,0.04029126166254765,0.02035029179038267,0.16914195702394685
S=PB,单窗10年,15,58.0,,,,,,,,,,,,,,,,,,,,,,,
S=PB,单窗10年,20,58.0,,,,,,,,,,,,,,,,,,,,,,,
S=PB,单窗10年,25,58.0,,,,,,,,,,,,,,,,,,,,,,,
S=PB,单窗10年,30,58.0,,,,,,,,,,,,,,,,,,,,,,,
S=PB,扩展窗口,15,58.0,143148.23681791,184506.51727171472,0.2889192446457727,0.07445471179149746,0.07181328804232022,0.07214816983029881,0.1870836075867527,0.4660051133798249,-0.41643661214259875,0.1732512649622493,0.0,0.9999528472742012,0,0,1404,1404,2019-01-02,0.07445471179149746,-0.41643661214259875,0.4660051133798249,0.040291261662548004,0.0,0.0
S=PB,扩展窗口,20,58.0,142895.01308588544,191568.77759783293,0.3406260544774413,0.08604474492230851,0.08254242224890111,0.09995819758063451,0.17617898938883986,0.6289608855924479,-0.2888454796853359,0.3460611455284934,0.05431782283148152,0.8685885375098258,1,1,1386,1388,2019-01-02,0.0745806716299232,-0.4164237958555408,0.4660238581739248,0.040291261662548324,0.011464073292385316,0.16293702741852312
S=PB,扩展窗口,25,58.0,142895.01308588544,191568.77759783293,0.3406260544774413,0.08604474492230851,0.08254242224890111,0.09995819758063451,0.17617898938883986,0.6289608855924479,-0.2888454796853359,0.3460611455284934,0.05431782283148152,0.8685885375098258,1,1,1386,1388,2019-01-02,0.0745806716299232,-0.4164237958555408,0.4660238581739248,0.040291261662548324,0.011464073292385316,0.16293702741852312
S=PB,扩展窗口,30,58.0,142895.01308588544,191568.77759783293,0.3406260544774413,0.08604474492230851,0.08254242224890111,0.09995819758063451,0.17617898938883986,0.6289608855924479,-0.2888454796853359,0.3460611455284934,0.05431782283148152,0.8685885375098258,1,1,1386,1388,2019-01-02,0.0745806716299232,-0.4164237958555408,0.4660238581739248,0.040291261662548324,0.011464073292385316,0.16293702741852312
S=DY,规则书15年,15,58.0,125478.67834913165,158943.9077477765,0.2667005250528003,0.09058186105022463,0.08671137128845856,0.09973109076422948,0.17262783641747806,0.637109251097142,-0.2735491963865181,0.3645819182861425,0.02593170486866484,0.8530915015515911,1,1,1302,1304,2019-01-02,0.0842773537452745,-0.4168673546181013,0.44908312255018223,0.040291261662548164,0.0063045073049501354,0.18802612854695977
S=DY,规则书15年,20,58.0,125478.67834913165,158943.9077477765,0.2667005250528003,0.09058186105022463,0.08671137128845856,0.09973109076422948,0.17262783641747806,0.637109251097142,-0.2735491963865181,0.3645819182861425,0.02593170486866484,0.8530915015515911,1,1,1302,1304,2019-01-02,0.0842773537452745,-0.4168673546181013,0.44908312255018223,0.040291261662548164,0.0063045073049501354,0.18802612854695977
S=DY,规则书15年,25,58.0,125478.67834913165,158276.58602263278,0.2613823169402876,0.0889632305908177,0.08522607900137952,0.09228396023588425,0.16666184780734603,0.6130332073722948,-0.26730346113121994,0.34524042391872295,0.024831567395407518,0.8079008781506997,1,1,1302,1304,2019-01-02,0.0842773537452745,-0.4168673546181013,0.44908312255018223,0.040291261662548164,0.00468587684554321,0.1639500848221126
S=DY,规则书15年,30,58.0,125478.67834913165,158276.58602263278,0.2613823169402876,0.0889632305908177,0.08522607900137952,0.09228396023588425,0.16666184780734603,0.6130332073722948,-0.26730346113121994,0.34524042391872295,0.024831567395407518,0.8079008781506997,1,1,1302,1304,2019-01-02,0.0842773537452745,-0.4168673546181013,0.44908312255018223,0.040291261662548164,0.00468587684554321,0.1639500848221126
S=DY,A_均值,15,58.0,147074.7209069927,190203.26293850315,0.29324238567676164,0.08412384121347642,0.0807721411539087,0.09193201437659981,0.17559442785530568,0.5887633124148408,-0.3187496854394507,0.28841444737382527,0.035502774240805786,0.8680586385072946,1,1,1203,1205,2019-01-02,0.07836929576702502,-0.4168060803159175,0.4558406477916359,0.04029126166254773,0.005754545446451403,0.1329226646232049
S=DY,A_均值,20,58.0,147074.7209069927,190203.26293850315,0.29324238567676164,0.08412384121347642,0.0807721411539087,0.09193201437659981,0.17559442785530568,0.5887633124148408,-0.3187496854394507,0.28841444737382527,0.035502774240805786,0.8680586385072946,1,1,1203,1205,2019-01-02,0.07836929576702502,-0.4168060803159175,0.4558406477916359,0.04029126166254773,0.005754545446451403,0.1329226646232049
S=DY,A_均值,25,58.0,147074.7209069927,190203.26293850315,0.29324238567676164,0.08412384121347642,0.0807721411539087,0.09193201437659981,0.17559442785530568,0.5887633124148408,-0.3187496854394507,0.28841444737382527,0.035502774240805786,0.8680586385072946,1,1,1203,1205,2019-01-02,0.07836929576702502,-0.4168060803159175,0.4558406477916359,0.04029126166254773,0.005754545446451403,0.1329226646232049
S=DY,A_均值,30,58.0,146940.38092945286,202462.70089254936,0.37785610471333375,0.1049049361323903,0.09975930061944702,0.09434156422663831,0.16779987781043706,0.6212412165733748,-0.26712575985895703,0.3531728436690301,0.22222312755768836,0.7962532975239806,2,1,1194,1197,2019-01-02,0.07837397326124541,-0.4168060803159175,0.45584017947721317,0.04029126166254815,0.026530962871144884,0.16540103709616166
S=DY,A_中位数,15,58.0,158884.57404775266,204833.14514009215,0.2891946645401189,0.08239544124410819,0.07917658615465935,0.09049106777154337,0.17551991872777079,0.5814137839301337,-0.31873081528284686,0.2839106337780366,0.03633703299103318,0.8680552210681428,1,1,1270,1272,2019-01-02,0.07651765753644366,-0.4167836775790845,0.44876102954887065,0.04029126166254764,0.005877783707664536,0.132652754381263
S=DY,A_中位数,20,58.0,158884.57404775266,204833.14514009215,0.2891946645401189,0.08239544124410819,0.07917658615465935,0.09049106777154337,0.17551991872777079,0.5814137839301337,-0.31873081528284686,0.2839106337780366,0.03633703299103318,0.8680552210681428,1,1,1270,1272,2019-01-02,0.07651765753644366,-0.4167836775790845,0.44876102954887065,0.04029126166254764,0.005877783707664536,0.132652754381263
S=DY,A_中位数,25,58.0,158884.57404775266,204833.14514009215,0.2891946645401189,0.08239544124410819,0.07917658615465935,0.09049106777154337,0.17551991872777079,0.5814137839301337,-0.31873081528284686,0.2839106337780366,0.03633703299103318,0.8680552210681428,1,1,1270,1272,2019-01-02,0.07651765753644366,-0.4167836775790845,0.44876102954887065,0.04029126166254764,0.005877783707664536,0.132652754381263
S=DY,A_中位数,30,58.0,158884.57404775266,203536.4460931942,0.2810333999575154,0.08032554768529493,0.07726242875625622,0.08310800005620145,0.1696529786065054,0.5554711269244267,-0.26710856090023416,0.3111394100440028,0.03490118889658362,0.8228477342172511,1,1,1270,1272,2019-01-02,0.07651765753644366,-0.4167836775790845,0.44876102954887065,0.04029126166254764,0.003807890148851273,0.10671009737555603
S=DY,B_均值,15,58.0,149254.6090458623,194639.64395474215,0.30407794572651436,0.08474437807744373,0.08134436299328117,0.09857557671154571,0.1761916455449615,0.6217868435351268,-0.28931984120901366,0.3407148859878284,0.03372314059325579,0.8685735736408289,1,1,1124,1126,2019-01-02,0.07762098111789405,-0.4168286650864804,0.4591919085997178,0.04029126166254818,0.00712339695954968,0.162594934935409
S=DY,B_均值,20,58.0,149176.63518263257,205546.17173850822,0.3778710820690121,0.10241302888595909,0.09750143986304058,0.10641955612736131,0.1744788425990136,0.6669531154889098,-0.28931984120901366,0.3678266781934272,0.21429171591316895,0.8430417357368397,2,1,1119,1122,2019-01-02,0.07762247180854275,-0.4168286650864804,0.4591910534396965,0.04029126166254804,0.024790557077416342,0.20776206204921327
S=DY,B_均值,25,58.0,149176.63518263257,208183.24915866164,0.395548632021288,0.10651956853087727,0.10121956542342178,0.10165381761370584,0.16828722852688566,0.6595020700780267,-0.2671385414238491,0.380528459397475,0.217070424111546,0.796244799924007,2,1,1119,1122,2019-01-02,0.07762247180854275,-0.4168286650864804,0.4591910534396965,0.04029126166254804,0.028897096722334523,0.20031101663833023
S=DY,B_均值,30,58.0,149176.63518263257,208183.24915866164,0.395548632021288,0.10651956853087727,0.10121956542342178,0.10165381761370584,0.16828722852688566,0.6595020700780267,-0.2671385414238491,0.380528459397475,0.217070424111546,0.796244799924007,2,1,1119,1122,2019-01-02,0.07762247180854275,-0.4168286650864804,0.4591910534396965,0.04029126166254804,0.028897096722334523,0.20031101663833023
S=DY,B_中位数,15,58.0,154305.9208361908,200363.06822688965,0.2984794565309812,0.08430496133494299,0.08093919309647181,0.09393828470536958,0.17550446930114455,0.5994387405856039,-0.31875528685920995,0.29470345615588456,0.034799545840001424,0.8680338957549143,1,1,1158,1160,2019-01-02,0.07866395768211225,-0.41677919294770194,0.46602463416029194,0.04029126166254833,0.0056410036528307395,0.13341410642531193
S=DY,B_中位数,20,58.0,154211.16602911713,214645.51552191743,0.3918934734037969,0.1068265318813357,0.10149694034672846,0.10380225856728842,0.17363363620503355,0.6557230164468092,-0.31875528685920995,0.32564874324150905,0.21949929060773538,0.841438224579497,2,1,1152,1155,2019-01-02,0.07866611467000306,-0.41677919294770194,0.46602434310922547,0.04029126166254801,0.02816041721133264,0.18969867333758372
S=DY,B_中位数,25,58.0,154211.16602911713,215633.38211341598,0.39829940766222793,0.10831970413972658,0.10284508834731079,0.10445874687931811,0.1734900023166401,0.6595537041189874,-0.31875528685920995,0.32770828025655985,0.2202745275095562,0.8409063096858801,2,1,1152,1155,2019-01-02,0.07866611467000306,-0.41677919294770194,0.46602434310922547,0.04029126166254801,0.029653589469723518,0.19352936100976192
S=DY,B_中位数,30,58.0,154211.16602911713,214316.8924932089,0.3897624796685799,0.10632833010342564,0.10104672170646703,0.09700300744995571,0.1675736701882356,0.6363578288609274,-0.2671648282357566,0.36308300044778535,0.21987369916243918,0.7957109305610943,2,1,1152,1155,2019-01-02,0.07866611467000306,-0.41677919294770194,0.46602434310922547,0.04029126166254801,0.02766221543342258,0.17033348575170193
S=DY,C_均值,15,58.0,147885.20612151717,188532.60381943436,0.2748577681564528,0.08479425457091594,0.08139034188734687,0.09053283791556899,0.17555813032554235,0.5815434111536513,-0.31885083008239623,0.28393477254606436,0.030595291762060578,0.8680261198969645,1,1,1334,1336,2019-01-02,0.07979846460977254,-0.41688154545701794,0.4488586186854901,0.040291261662548046,0.0049957899611434015,0.13268479246816117
S=DY,C_均值,20,58.0,147885.20612151717,188532.60381943436,0.2748577681564528,0.08479425457091594,0.08139034188734687,0.09053283791556899,0.17555813032554235,0.5815434111536513,-0.31885083008239623,0.28393477254606436,0.030595291762060578,0.8680261198969645,1,1,1334,1336,2019-01-02,0.07979846460977254,-0.41688154545701794,0.4488586186854901,0.040291261662548046,0.0049957899611434015,0.13268479246816117
S=DY,C_均值,25,58.0,147885.20612151717,188532.60381943436,0.2748577681564528,0.08479425457091594,0.08139034188734687,0.09053283791556899,0.17555813032554235,0.5815434111536513,-0.31885083008239623,0.28393477254606436,0.030595291762060578,0.8680261198969645,1,1,1334,1336,2019-01-02,0.07979846460977254,-0.41688154545701794,0.4488586186854901,0.040291261662548046,0.0049957899611434015,0.13268479246816117
S=DY,C_均值,30,58.0,147885.20612151717,187589.19139827817,0.26847841185775034,0.08303280576551962,0.0797652591256501,0.08314591306789487,0.1696904006123109,0.5555920859780814,-0.26722450436449363,0.311146289767214,0.02933057345319137,0.8228226990912791,1,1,1334,1336,2019-01-02,0.07979846460977254,-0.41688154545701794,0.4488586186854901,0.040291261662548046,0.0032343411557470836,0.10673346729259131
S=DY,C_中位数,15,58.0,157947.50068634868,200727.4373443133,0.270849088919215,0.0834497965713323,0.0801502064227225,0.09052508032490536,0.175559066159972,0.581500717945725,-0.31891666066373214,0.28385183808366665,0.02868753672084755,0.8680318742347776,1,1,1360,1362,2019-01-02,0.07876825684473317,-0.4169372708345571,0.44882133837729343,0.040291261662548296,0.0046815397265991265,0.13267937956843157
S=DY,C_中位数,20,58.0,157947.50068634868,200727.4373443133,0.270849088919215,0.0834497965713323,0.0801502064227225,0.09052508032490536,0.175559066159972,0.581500717945725,-0.31891666066373214,0.28385183808366665,0.02868753672084755,0.8680318742347776,1,1,1360,1362,2019-01-02,0.07876825684473317,-0.4169372708345571,0.44882133837729343,0.040291261662548296,0.0046815397265991265,0.13267937956843157
S=DY,C_中位数,25,58.0,157947.50068634868,200727.4373443133,0.270849088919215,0.0834497965713323,0.0801502064227225,0.09052508032490536,0.175559066159972,0.581500717945725,-0.31891666066373214,0.28385183808366665,0.02868753672084755,0.8680318742347776,1,1,1360,1362,2019-01-02,0.07876825684473317,-0.4169372708345571,0.44882133837729343,0.040291261662548296,0.0046815397265991265,0.13267937956843157
S=DY,C_中位数,30,58.0,157947.50068634868,199784.02492315718,0.2648761395717636,0.0817986220096601,0.07862504666038685,0.08313834010325571,0.16969140826395815,0.5555485840734722,-0.2673033373419652,0.31102619566958706,0.02748435253786794,0.8228287287257853,1,1,1360,1362,2019-01-02,0.07876825684473317,-0.4169372708345571,0.44882133837729343,0.040291261662548296,0.0030303651649269264,0.10672724569617875
S=DY,单窗3年,15,58.0,154552.744321263,212361.407550231,0.37403841311807007,0.09325418289065673,0.08915873740982241,0.10025663455144596,0.16645853289213194,0.6573136588685126,-0.3185961885780856,0.3146824668521538,0.21175089867417377,0.7829604646769123,2,1,1110,1113,2019-01-02,0.07294585556760531,-0.41666969403482246,0.4660380082905024,0.04029126166254798,0.02030832732305142,0.19127565057801016
S=DY,单窗3年,20,58.0,154552.18750396263,204003.64489769543,0.3199660787231813,0.08142799181437646,0.07828238242304647,0.09455146361569233,0.16537874696202312,0.6290745445488669,-0.3185961885780856,0.2967752503182205,0.20752056708726369,0.75742902475439,2,1,1110,1113,2019-01-02,0.07294590192891212,-0.41666969403482246,0.46603787138683084,0.040291261662547546,0.008482089885464339,0.16303667316203607
S=DY,单窗3年,25,58.0,154552.18750396263,202249.56132469082,0.3086166206447596,0.07888556001430881,0.07592861949662891,0.08716056968032682,0.1591551367070559,0.6047175101733575,-0.26694927933286616,0.3265061059469802,0.2068670257242958,0.7122192793846734,2,1,1110,1113,2019-01-02,0.07294590192891212,-0.41666969403482246,0.46603787138683084,0.040291261662547546,0.00593965808539669,0.13867963878652667
S=DY,单窗3年,30,58.0,154552.18750396263,202249.56132469082,0.3086166206447596,0.07888556001430881,0.07592861949662891,0.08716056968032682,0.1591551367070559,0.6047175101733575,-0.26694927933286616,0.3265061059469802,0.2068670257242958,0.7122192793846734,2,1,1110,1113,2019-01-02,0.07294590192891212,-0.41666969403482246,0.46603787138683084,0.040291261662547546,0.00593965808539669,0.13867963878652667
S=DY,单窗5年,15,58.0,157944.41854047557,206725.66120203517,0.3088506900866439,0.08461769977087541,0.08122757446083116,0.09650396846698484,0.17619964427304324,0.6110514035719522,-0.2891284505030065,0.33377541469576455,0.04137383360445157,0.868590229729828,1,1,1215,1217,2019-01-02,0.07588653895550704,-0.4166964675982142,0.44872669038193247,0.040291261662547526,0.008731160815368372,0.16232471319001973
S=DY,单窗5年,20,58.0,157944.41854047557,206725.66120203517,0.3088506900866439,0.08461769977087541,0.08122757446083116,0.09650396846698484,0.17619964427304324,0.6110514035719522,-0.2891284505030065,0.33377541469576455,0.04137383360445157,0.868590229729828,1,1,1215,1217,2019-01-02,0.07588653895550704,-0.4166964675982142,0.44872669038193247,0.040291261662547526,0.008731160815368372,0.16232471319001973
S=DY,单窗5年,25,58.0,157889.75609459015,222526.6051020455,0.4093796241520069,0.1079660559305792,0.10252595241410181,0.10707742930472142,0.17418727748457807,0.6711941797491906,-0.2891284505030065,0.37034553022518263,0.22253131826863898,0.8414626059043397,2,1,1210,1213,2019-01-02,0.07588755622618006,-0.4166964675982142,0.4487263622389789,0.04029126166254817,0.03207849970439915,0.22246781751021172
S=DY,单窗5年,30,58.0,157889.75609459015,220801.40972133988,0.39845304206474297,0.10550614631150831,0.10030328105703953,0.09958143593362068,0.1682754158729855,0.6483438087154729,-0.2669571935963303,0.37302398407813336,0.22212166436302921,0.7962501115181212,2,1,1210,1213,2019-01-02,0.07588755622618006,-0.4166964675982142,0.4487263622389789,0.04029126166254817,0.02961859008532826,0.19961744647649404
S=DY,单窗10年,15,58.0,,,,,,,,,,,,,,,,,,,,,,,
S=DY,单窗10年,20,58.0,,,,,,,,,,,,,,,,,,,,,,,
S=DY,单窗10年,25,58.0,,,,,,,,,,,,,,,,,,,,,,,
S=DY,单窗10年,30,58.0,,,,,,,,,,,,,,,,,,,,,,,
S=DY,扩展窗口,15,58.0,125478.67834913165,158943.9077477765,0.2667005250528003,0.09058186105022463,0.08671137128845856,0.09973109076422948,0.17262783641747806,0.637109251097142,-0.2735491963865181,0.3645819182861425,0.02593170486866484,0.8530915015515911,1,1,1302,1304,2019-01-02,0.0842773537452745,-0.4168673546181013,0.44908312255018223,0.040291261662548164,0.0063045073049501354,0.18802612854695977
S=DY,扩展窗口,20,58.0,125478.67834913165,158943.9077477765,0.2667005250528003,0.09058186105022463,0.08671137128845856,0.09973109076422948,0.17262783641747806,0.637109251097142,-0.2735491963865181,0.3645819182861425,0.02593170486866484,0.8530915015515911,1,1,1302,1304,2019-01-02,0.0842773537452745,-0.4168673546181013,0.44908312255018223,0.040291261662548164,0.0063045073049501354,0.18802612854695977
S=DY,扩展窗口,25,58.0,125478.67834913165,158276.58602263278,0.2613823169402876,0.0889632305908177,0.08522607900137952,0.09228396023588425,0.16666184780734603,0.6130332073722948,-0.26730346113121994,0.34524042391872295,0.024831567395407518,0.8079008781506997,1,1,1302,1304,2019-01-02,0.0842773537452745,-0.4168673546181013,0.44908312255018223,0.040291261662548164,0.00468587684554321,0.1639500848221126
S=DY,扩展窗口,30,58.0,125478.67834913165,158276.58602263278,0.2613823169402876,0.0889632305908177,0.08522607900137952,0.09228396023588425,0.16666184780734603,0.6130332073722948,-0.26730346113121994,0.34524042391872295,0.024831567395407518,0.8079008781506997,1,1,1302,1304,2019-01-02,0.0842773537452745,-0.4168673546181013,0.44908312255018223,0.040291261662548164,0.00468587684554321,0.1639500848221126
S(规则书:PB+DY+ERP),规则书15年,15,50.0,109720.70319017296,141936.64244632513,0.29361768854428516,0.0861284333670798,0.08261947728820382,0.08740530162951998,0.17739616515603251,0.5611601232075497,-0.34031396940043024,0.25683724292456117,0.038923177060827305,0.8701397978093375,1,1,1347,1349,2019-01-02,0.08121044350579289,-0.41663941659524995,0.456155800011551,0.04029126166254766,0.004917989861286914,0.10500432319599873
S(规则书:PB+DY+ERP),规则书15年,15,66.0,109628.97652713467,142414.65922884387,0.29906037382000283,0.08757198904064502,0.0839476786087733,0.0919810620171404,0.1755834564210538,0.5890446569324984,-0.3186080213912451,0.2886966298446995,0.03873967461557609,0.8680124997297541,1,1,1344,1346,2019-01-02,0.08126023035830822,-0.4166531011480643,0.45613979322865256,0.0402912616625481,0.006311758682336799,0.13290486370384585
S(规则书:PB+DY+ERP),规则书15年,15,75.0,106518.93401631832,138604.49387405626,0.3012193104826091,0.08920436573554498,0.08544749001320345,0.09137904334013647,0.16964730292348873,0.6003381261340411,-0.3214807840299545,0.28424418465901863,0.04018499151049901,0.8174825354735462,1,1,1262,1264,2019-01-02,0.08284172807323574,-0.4166172571045841,0.45616855827352143,0.04029126166254772,0.0063626376623092396,0.1441695678605197
S(规则书:PB+DY+ERP),规则书15年,20,50.0,109720.70319017296,141936.64244632513,0.29361768854428516,0.0861284333670798,0.08261947728820382,0.08740530162951998,0.17739616515603251,0.5611601232075497,-0.34031396940043024,0.25683724292456117,0.038923177060827305,0.8701397978093375,1,1,1347,1349,2019-01-02,0.08121044350579289,-0.41663941659524995,0.456155800011551,0.04029126166254766,0.004917989861286914,0.10500432319599873
S(规则书:PB+DY+ERP),规则书15年,20,66.0,109628.97652713467,142414.65922884387,0.29906037382000283,0.08757198904064502,0.0839476786087733,0.0919810620171404,0.1755834564210538,0.5890446569324984,-0.3186080213912451,0.2886966298446995,0.03873967461557609,0.8680124997297541,1,1,1344,1346,2019-01-02,0.08126023035830822,-0.4166531011480643,0.45613979322865256,0.0402912616625481,0.006311758682336799,0.13290486370384585
S(规则书:PB+DY+ERP),规则书15年,20,75.0,106518.93401631832,138604.49387405626,0.3012193104826091,0.08920436573554498,0.08544749001320345,0.09137904334013647,0.16964730292348873,0.6003381261340411,-0.3214807840299545,0.28424418465901863,0.04018499151049901,0.8174825354735462,1,1,1262,1264,2019-01-02,0.08284172807323574,-0.4166172571045841,0.45616855827352143,0.04029126166254772,0.0063626376623092396,0.1441695678605197
S(规则书:PB+DY+ERP),规则书15年,25,50.0,109720.70319017296,141936.64244632513,0.29361768854428516,0.0861284333670798,0.08261947728820382,0.08740530162951998,0.17739616515603251,0.5611601232075497,-0.34031396940043024,0.25683724292456117,0.038923177060827305,0.8701397978093375,1,1,1347,1349,2019-01-02,0.08121044350579289,-0.41663941659524995,0.456155800011551,0.04029126166254766,0.004917989861286914,0.10500432319599873
S(规则书:PB+DY+ERP),规则书15年,25,66.0,109628.97652713467,142414.65922884387,0.29906037382000283,0.08757198904064502,0.0839476786087733,0.0919810620171404,0.1755834564210538,0.5890446569324984,-0.3186080213912451,0.2886966298446995,0.03873967461557609,0.8680124997297541,1,1,1344,1346,2019-01-02,0.08126023035830822,-0.4166531011480643,0.45613979322865256,0.0402912616625481,0.006311758682336799,0.13290486370384585
S(规则书:PB+DY+ERP),规则书15年,25,75.0,106518.93401631832,138604.49387405626,0.3012193104826091,0.08920436573554498,0.08544749001320345,0.09137904334013647,0.16964730292348873,0.6003381261340411,-0.3214807840299545,0.28424418465901863,0.04018499151049901,0.8174825354735462,1,1,1262,1264,2019-01-02,0.08284172807323574,-0.4166172571045841,0.45616855827352143,0.04029126166254772,0.0063626376623092396,0.1441695678605197
S(规则书:PB+DY+ERP),规则书15年,30,50.0,109720.70319017296,141026.40804387044,0.2853217664804517,0.08397119184058309,0.0806313268714918,0.08005296378058446,0.17160172924147002,0.5346444640573391,-0.2669517372122302,0.2998780401902434,0.03740594018224847,0.8249423475073886,1,1,1347,1349,2019-01-02,0.08121044350579289,-0.41663941659524995,0.456155800011551,0.04029126166254766,0.002760748334790203,0.07848866404578814
S(规则书:PB+DY+ERP),规则书15年,30,66.0,109628.97652713467,141474.4729418368,0.29048429916537577,0.08535010793917548,0.08190261507065932,0.08459756330436075,0.16972792890974397,0.5633990901489286,-0.26693725346473585,0.31691928423747207,0.03723851316648218,0.8228150671159852,1,1,1344,1346,2019-01-02,0.08126023035830822,-0.4166531011480643,0.45613979322865256,0.0402912616625481,0.004089877580867263,0.10725929692027608
S(规则书:PB+DY+ERP),规则书15年,30,75.0,106518.93401631832,137668.3247077264,0.2924305521742838,0.08690575027128836,0.08333489809770199,0.08399965539227572,0.1635791477649666,0.5749134418234833,-0.2269049033787921,0.37019762085990615,0.03864455539076515,0.7722851945642866,1,1,1262,1264,2019-01-02,0.08284172807323574,-0.4166172571045841,0.45616855827352143,0.04029126166254772,0.0040640221980526164,0.11874488354996182
S(规则书:PB+DY+ERP),A_均值,15,50.0,131485.84132618157,173620.20212700736,0.3204478929126795,0.08144774883107626,0.07830065163410568,0.0889117231155574,0.17745052105998793,0.5688466946867837,-0.3359839668771175,0.2646308511146185,0.04872799601191237,0.8712526436779663,1,1,1189,1191,2019-01-02,0.07502846619732276,-0.4165930538703182,0.4592651962045149,0.04029126166254776,0.006419282633753506,0.10958149848226884
S(规则书:PB+DY+ERP),A_均值,15,66.0,131313.98418941651,175599.62631355846,0.33725000728224974,0.0852034946660772,0.08176752209424512,0.09859884842413225,0.17619414137188788,0.6219006444518616,-0.2890075896483588,0.34116352634233377,0.04804250805098005,0.8685931509004088,1,1,1184,1186,2019-01-02,0.0750900328712301,-0.4165916331092938,0.4592665615206722,0.04029126166254799,0.010113461794847095,0.16263408293118936
S(规则书:PB+DY+ERP),A_均值,15,75.0,131219.77851555802,174117.26905652304,0.3269132978751286,0.08293512116710303,0.07967505963814323,0.09258429820160607,0.1755191519642665,0.5923441347941868,-0.3185019683648582,0.29068673790909394,0.04855351590545691,0.8680611753212354,1,1,1183,1185,2019-01-02,0.075123192833271,-0.4165910744138356,0.4592667025119988,0.04029126166254739,0.007811928333832027,0.133077432282188
S(规则书:PB+DY+ERP),A_均值,20,50.0,131485.84132618157,173620.20212700736,0.3204478929126795,0.08144774883107626,0.07830065163410568,0.0889117231155574,0.17745052105998793,0.5688466946867837,-0.3359839668771175,0.2646308511146185,0.04872799601191237,0.8712526436779663,1,1,1189,1191,2019-01-02,0.07502846619732276,-0.4165930538703182,0.4592651962045149,0.04029126166254776,0.006419282633753506,0.10958149848226884
S(规则书:PB+DY+ERP),A_均值,20,66.0,131313.98418941651,175599.62631355846,0.33725000728224974,0.0852034946660772,0.08176752209424512,0.09859884842413225,0.17619414137188788,0.6219006444518616,-0.2890075896483588,0.34116352634233377,0.04804250805098005,0.8685931509004088,1,1,1184,1186,2019-01-02,0.0750900328712301,-0.4165916331092938,0.4592665615206722,0.04029126166254799,0.010113461794847095,0.16263408293118936
S(规则书:PB+DY+ERP),A_均值,20,75.0,131219.77851555802,174117.26905652304,0.3269132978751286,0.08293512116710303,0.07967505963814323,0.09258429820160607,0.1755191519642665,0.5923441347941868,-0.3185019683648582,0.29068673790909394,0.04855351590545691,0.8680611753212354,1,1,1183,1185,2019-01-02,0.075123192833271,-0.4165910744138356,0.4592667025119988,0.04029126166254739,0.007811928333832027,0.133077432282188
S(规则书:PB+DY+ERP),A_均值,25,50.0,131485.84132618157,173620.20212700736,0.3204478929126795,0.08144774883107626,0.07830065163410568,0.0889117231155574,0.17745052105998793,0.5688466946867837,-0.3359839668771175,0.2646308511146185,0.04872799601191237,0.8712526436779663,1,1,1189,1191,2019-01-02,0.07502846619732276,-0.4165930538703182,0.4592651962045149,0.04029126166254776,0.006419282633753506,0.10958149848226884
S(规则书:PB+DY+ERP),A_均值,25,66.0,131313.98418941651,175599.62631355846,0.33725000728224974,0.0852034946660772,0.08176752209424512,0.09859884842413225,0.17619414137188788,0.6219006444518616,-0.2890075896483588,0.34116352634233377,0.04804250805098005,0.8685931509004088,1,1,1184,1186,2019-01-02,0.0750900328712301,-0.4165916331092938,0.4592665615206722,0.04029126166254799,0.010113461794847095,0.16263408293118936
S(规则书:PB+DY+ERP),A_均值,25,75.0,131219.77851555802,174117.26905652304,0.3269132978751286,0.08293512116710303,0.07967505963814323,0.09258429820160607,0.1755191519642665,0.5923441347941868,-0.3185019683648582,0.29068673790909394,0.04855351590545691,0.8680611753212354,1,1,1183,1185,2019-01-02,0.075123192833271,-0.4165910744138356,0.4592667025119988,0.04029126166254739,0.007811928333832027,0.133077432282188
S(规则书:PB+DY+ERP),A_均值,30,50.0,131382.53015396898,176626.7762012342,0.34437033595138455,0.08667653407530486,0.08312398710667677,0.08532623910946668,0.17029776924331094,0.5660307219976465,-0.26678561775617915,0.31983073085839314,0.3831467552940617,0.8058280192892644,2,2,1181,1185,2019-01-02,0.0750366392807369,-0.4165930538703182,0.459265271381685,0.04029126166254791,0.011639894794567965,0.10676545061596149
S(规则书:PB+DY+ERP),A_均值,30,66.0,131059.04007979533,183471.1624248434,0.39991230145693835,0.09853989127762175,0.09398192650054062,0.09896786462528095,0.16859257875901115,0.6441262578445521,-0.266754372746853,0.37100746880427105,0.21435452695083498,0.7978494008615163,2,1,1168,1171,2019-01-02,0.07510262090630929,-0.4165916331092938,0.4592672100083952,0.04029126166254782,0.023437270371312463,0.18485904783615692
S(规则书:PB+DY+ERP),A_均值,30,75.0,130964.83440593685,181978.86812259734,0.3895246685727718,0.09636623183488736,0.09200128584312049,0.09295124169993563,0.16788690363690467,0.613432901313959,-0.26677779772806576,0.3484219544936925,0.21518118369293857,0.7973174290172779,2,1,1167,1170,2019-01-02,0.0751357921101691,-0.4165910744138356,0.4592673514270871,0.04029126166254756,0.02123043972471826,0.15416554988687192
S(规则书:PB+DY+ERP),A_中位数,15,50.0,141903.55405985002,182398.50165809417,0.2853695093581996,0.07318434497772836,0.07063025222638149,0.06889072178497879,0.18033352032114125,0.459685925564009,-0.421824142361898,0.1633162137170304,0.050877305831649663,0.9121910059071933,1,1,1235,1237,2019-01-02,0.07361301804633613,-0.4165672359860342,0.45587053374922754,0.040291261662547234,-0.00042867306860777665,0.003815391814781466
S(规则书:PB+DY+ERP),A_中位数,15,66.0,141532.49073677484,188734.5057606925,0.33350656643007137,0.08402407082764468,0.08068010833147247,0.09795362255876916,0.17626826070798493,0.6183791550703093,-0.2889793206115492,0.3389641250158521,0.048731565087740875,0.8685776859091534,1,1,1218,1220,2019-01-02,0.07377492212456227,-0.4165380104435942,0.45590735546378214,0.04029126166254795,0.010249148703082411,0.16247179960652713
S(规则书:PB+DY+ERP),A_中位数,15,75.0,141422.31703681353,187104.66315153317,0.3230207726184269,0.0817270723801749,0.07855890496426851,0.09193701021673228,0.1755930403643529,0.5887927357017282,-0.3184709867831732,0.2886825300645876,0.049260249995668096,0.868045721711779,1,1,1217,1219,2019-01-02,0.07380924175251097,-0.4165406194578628,0.45590380243472484,0.04029126166254837,0.007917830627663935,0.13288893326700335
S(规则书:PB+DY+ERP),A_中位数,20,50.0,141903.55405985002,182398.50165809417,0.2853695093581996,0.07318434497772836,0.07063025222638149,0.06889072178497879,0.18033352032114125,0.459685925564009,-0.421824142361898,0.1633162137170304,0.050877305831649663,0.9121910059071933,1,1,1235,1237,2019-01-02,0.07361301804633613,-0.4165672359860342,0.45587053374922754,0.040291261662547234,-0.00042867306860777665,0.003815391814781466
S(规则书:PB+DY+ERP),A_中位数,20,66.0,141532.49073677484,188734.5057606925,0.33350656643007137,0.08402407082764468,0.08068010833147247,0.09795362255876916,0.17626826070798493,0.6183791550703093,-0.2889793206115492,0.3389641250158521,0.048731565087740875,0.8685776859091534,1,1,1218,1220,2019-01-02,0.07377492212456227,-0.4165380104435942,0.45590735546378214,0.04029126166254795,0.010249148703082411,0.16247179960652713
S(规则书:PB+DY+ERP),A_中位数,20,75.0,141422.31703681353,187104.66315153317,0.3230207726184269,0.0817270723801749,0.07855890496426851,0.09193701021673228,0.1755930403643529,0.5887927357017282,-0.3184709867831732,0.2886825300645876,0.049260249995668096,0.868045721711779,1,1,1217,1219,2019-01-02,0.07380924175251097,-0.4165406194578628,0.45590380243472484,0.04029126166254837,0.007917830627663935,0.13288893326700335
S(规则书:PB+DY+ERP),A_中位数,25,50.0,141855.70590141247,186620.99190992225,0.31556916039472505,0.07999415046848356,0.0769556248885749,0.08782155920850476,0.17813149295021957,0.5617264636029528,-0.3380265631254552,0.25980668026941617,0.09887903260399711,0.8861294495379007,2,2,1232,1236,2019-01-02,0.07363338745697065,-0.41657226942060455,0.455864023202418,0.040291261662547866,0.006360763011512907,0.10586244040053477
S(规则书:PB+DY+ERP),A_中位数,25,66.0,141532.49073677484,188734.5057606925,0.33350656643007137,0.08402407082764468,0.08068010833147247,0.09795362255876916,0.17626826070798493,0.6183791550703093,-0.2889793206115492,0.3389641250158521,0.048731565087740875,0.8685776859091534,1,1,1218,1220,2019-01-02,0.07377492212456227,-0.4165380104435942,0.45590735546378214,0.04029126166254795,0.010249148703082411,0.16247179960652713
S(规则书:PB+DY+ERP),A_中位数,25,75.0,141422.31703681353,187104.66315153317,0.3230207726184269,0.0817270723801749,0.07855890496426851,0.09193701021673228,0.1755930403643529,0.5887927357017282,-0.3184709867831732,0.2886825300645876,0.049260249995668096,0.868045721711779,1,1,1217,1219,2019-01-02,0.07380924175251097,-0.4165406194578628,0.45590380243472484,0.04029126166254837,0.007917830627663935,0.13288893326700335
S(规则书:PB+DY+ERP),A_中位数,30,50.0,141855.70590141247,184906.0678328801,0.303479945751262,0.07728950297427503,0.07444816704270495,0.08046584829183279,0.17236081913604379,0.5352651196466586,-0.26676538306360087,0.3016352697930395,0.09536227465454257,0.8409276158577976,2,2,1232,1236,2019-01-02,0.07363338745697065,-0.41657226942060455,0.455864023202418,0.040291261662547866,0.0036561155173043813,0.0794010964442406
S(规则书:PB+DY+ERP),A_中位数,30,66.0,141532.49073677484,186892.63935778267,0.32049283090318537,0.08114798885702519,0.07802342924737214,0.09052949795716558,0.17043618177261116,0.5937604626131666,-0.26673563991944427,0.339397832192601,0.047022842716147824,0.8233759246438328,1,1,1218,1220,2019-01-02,0.07377492212456227,-0.4165380104435942,0.45590735546378214,0.04029126166254795,0.007373066732462921,0.13785310714938448
S(规则书:PB+DY+ERP),A_中位数,30,75.0,141422.31703681353,185339.14141274348,0.31053673349516675,0.0789466748695782,0.07598526417390986,0.08455355591395697,0.16973672347498944,0.5631400488532692,-0.26675872971420445,0.31696640632733764,0.04751705811400977,0.822843960170768,1,1,1217,1219,2019-01-02,0.07380924175251097,-0.4165406194578628,0.45590380243472484,0.04029126166254837,0.005137433117067228,0.10723624641854435
S(规则书:PB+DY+ERP),B_均值,15,50.0,131380.0457553743,170156.02082458438,0.29514356496274763,0.07422880616395094,0.07160301451763303,0.07175508600828406,0.18035550452947005,0.4744938373001634,-0.4183399559835791,0.17152338661884983,0.04733752035458479,0.9148696136915827,1,1,1180,1182,2019-01-02,0.07435706607788803,-0.4166523103460694,0.4660447968373824,0.04029126166254779,-0.00012825991393708436,0.008449040462780999
S(规则书:PB+DY+ERP),B_均值,15,66.0,130876.79335949497,175391.41054497834,0.34012612964324185,0.08419724964824475,0.08083985108405303,0.09997150289110568,0.17618173995711134,0.6290225062968082,-0.28908059762926464,0.34582570989186723,0.04559182282584537,0.8685976080581486,1,1,1153,1155,2019-01-02,0.07461623041202914,-0.4166494011651787,0.46604714674385234,0.040291261662548074,0.009581019236215613,0.1629753595529559
S(规则书:PB+DY+ERP),B_均值,15,75.0,130776.37060649776,173951.71779405905,0.33014639408731283,0.08205001985050547,0.07885740842276999,0.09395275959203508,0.175507288566763,0.5995071782770565,-0.3185720507565948,0.294918400308192,0.04605551304455409,0.8680656493191811,1,1,1152,1154,2019-01-02,0.07465044548176532,-0.416649349372487,0.4660467060396872,0.04029126166254763,0.0073995743687401555,0.1334604722373693
S(规则书:PB+DY+ERP),B_均值,20,50.0,131380.0457553743,170156.02082458438,0.29514356496274763,0.07422880616395094,0.07160301451763303,0.07175508600828406,0.18035550452947005,0.4744938373001634,-0.4183399559835791,0.17152338661884983,0.04733752035458479,0.9148696136915827,1,1,1180,1182,2019-01-02,0.07435706607788803,-0.4166523103460694,0.4660447968373824,0.04029126166254779,-0.00012825991393708436,0.008449040462780999
S(规则书:PB+DY+ERP),B_均值,20,66.0,130876.79335949497,175391.41054497834,0.34012612964324185,0.08419724964824475,0.08083985108405303,0.09997150289110568,0.17618173995711134,0.6290225062968082,-0.28908059762926464,0.34582570989186723,0.04559182282584537,0.8685976080581486,1,1,1153,1155,2019-01-02,0.07461623041202914,-0.4166494011651787,0.46604714674385234,0.040291261662548074,0.009581019236215613,0.1629753595529559
S(规则书:PB+DY+ERP),B_均值,20,75.0,130776.37060649776,173951.71779405905,0.33014639408731283,0.08205001985050547,0.07885740842276999,0.09395275959203508,0.175507288566763,0.5995071782770565,-0.3185720507565948,0.294918400308192,0.04605551304455409,0.8680656493191811,1,1,1152,1154,2019-01-02,0.07465044548176532,-0.416649349372487,0.4660467060396872,0.04029126166254763,0.0073995743687401555,0.1334604722373693
S(规则书:PB+DY+ERP),B_均值,25,50.0,131237.87552859203,177764.75154933645,0.3545232337337545,0.0871654120456519,0.08357376955701659,0.08773747336026361,0.17102896951247637,0.5773198239876975,-0.26683312113217617,0.3288102803279909,0.4195840321439943,0.8228537549627177,3,3,1169,1175,2019-01-02,0.07439863347794938,-0.416651242385652,0.4660463366362797,0.04029126166254782,0.012766778567702516,0.11127348735141784
S(规则书:PB+DY+ERP),B_均值,25,66.0,130693.32251510127,183388.83521780328,0.40319973269187614,0.0974099350993209,0.09295279890895668,0.10034111214331909,0.16858423394593244,0.651560529479968,-0.26680898531175923,0.3760784593744965,0.20921634578820822,0.7978554407304824,2,1,1142,1145,2019-01-02,0.07462332902141464,-0.4166494011651787,0.46604793764506053,0.04029126166254844,0.022786606077906266,0.18551259183490748
S(规则书:PB+DY+ERP),B_均值,25,75.0,130592.89976210406,181938.92010805357,0.3931762020713572,0.09535192226593353,0.09107570183089726,0.09432030415173309,0.167879139566315,0.6209133306028992,-0.26683245404578904,0.353481380250498,0.20995585987849674,0.7973234852436408,2,1,1141,1144,2019-01-02,0.07465755068894872,-0.416649349372487,0.46604749749673907,0.040291261662548254,0.02069437157698481,0.15486583310616014
S(规则书:PB+DY+ERP),B_均值,30,50.0,131178.31528932022,176532.23066006185,0.3457424748191904,0.08525309224426209,0.08181322453168859,0.08680331956977438,0.16414543834093392,0.5892566903084084,-0.26683312113217617,0.3253093888849587,0.41893278719087385,0.7733871936728227,3,3,1164,1170,2019-01-02,0.07440731666697394,-0.416651242385652,0.4660477696253891,0.040291261662547824,0.01084577557728815,0.12320892068301936
S(规则书:PB+DY+ERP),B_均值,30,66.0,130633.76227582946,182116.99279832168,0.39410355811223474,0.09549123270354694,0.0912028770122745,0.0993961496142779,0.16159716660784268,0.6672655950382168,-0.26680898531175923,0.37253674008818005,0.20888659157406078,0.7483888735830623,2,1,1137,1140,2019-01-02,0.07463217341822992,-0.4166494011651787,0.46604967714416834,0.04029126166254739,0.02085905928531702,0.20121591789404847
S(规则书:PB+DY+ERP),B_均值,30,75.0,130533.33952283225,180676.66927842444,0.3841419359903939,0.09343338549289447,0.08932264066260524,0.09338051468929098,0.16086116282398166,0.6354784051699451,-0.26683245404578904,0.3499593594161027,0.20962802680316628,0.7478569301956312,2,1,1136,1139,2019-01-02,0.07466640406234103,-0.416649349372487,0.4660492382194911,0.0402912616625479,0.018766981430553442,0.169429166950454
S(规则书:PB+DY+ERP),B_中位数,15,50.0,137609.518658031,182350.59525860203,0.3251306816337003,0.08158041739390089,0.0784233209225251,0.09029040230189622,0.17743621347819583,0.5760122417352664,-0.3359749802901535,0.26874144683011797,0.048093038202006666,0.8712425069890024,1,1,1177,1179,2019-01-02,0.07524406704893115,-0.41656395132619506,0.4661382350039993,0.04029126166254722,0.006336350344969738,0.10987400673126713
S(规则书:PB+DY+ERP),B_中位数,15,66.0,137372.85558489512,182921.6181124939,0.3315703261293135,0.08303149500477379,0.07976404885618085,0.0939645384366401,0.17550557362759367,0.5995728503591466,-0.3184981727627515,0.2950237912562031,0.04790689046580216,0.8680510398124337,1,1,1171,1173,2019-01-02,0.07532350113022537,-0.4165627724850346,0.4661407500687755,0.04029126166254767,0.007707993874548416,0.13343210029037117
S(规则书:PB+DY+ERP),B_中位数,15,75.0,137372.85558489512,182921.6181124939,0.3315703261293135,0.08303149500477379,0.07976404885618085,0.0939645384366401,0.17550557362759367,0.5995728503591466,-0.3184981727627515,0.2950237912562031,0.04790689046580216,0.8680510398124337,1,1,1171,1173,2019-01-02,0.07532350113022537,-0.4165627724850346,0.4661407500687755,0.04029126166254767,0.007707993874548416,0.13343210029037117
S(规则书:PB+DY+ERP),B_中位数,20,50.0,137609.518658031,182350.59525860203,0.3251306816337003,0.08158041739390089,0.0784233209225251,0.09029040230189622,0.17743621347819583,0.5760122417352664,-0.3359749802901535,0.26874144683011797,0.048093038202006666,0.8712425069890024,1,1,1177,1179,2019-01-02,0.07524406704893115,-0.41656395132619506,0.4661382350039993,0.04029126166254722,0.006336350344969738,0.10987400673126713
S(规则书:PB+DY+ERP),B_中位数,20,66.0,137372.85558489512,182921.6181124939,0.3315703261293135,0.08303149500477379,0.07976404885618085,0.0939645384366401,0.17550557362759367,0.5995728503591466,-0.3184981727627515,0.2950237912562031,0.04790689046580216,0.8680510398124337,1,1,1171,1173,2019-01-02,0.07532350113022537,-0.4165627724850346,0.4661407500687755,0.04029126166254767,0.007707993874548416,0.13343210029037117
S(规则书:PB+DY+ERP),B_中位数,20,75.0,137372.85558489512,182921.6181124939,0.3315703261293135,0.08303149500477379,0.07976404885618085,0.0939645384366401,0.17550557362759367,0.5995728503591466,-0.3184981727627515,0.2950237912562031,0.04790689046580216,0.8680510398124337,1,1,1171,1173,2019-01-02,0.07532350113022537,-0.4165627724850346,0.4661407500687755,0.04029126166254767,0.007707993874548416,0.13343210029037117
S(规则书:PB+DY+ERP),B_中位数,25,50.0,137521.37496441527,187224.68607097102,0.3614224415616618,0.08939949852598679,0.0856266256460412,0.09409047187531483,0.17611797890697578,0.5987556319479496,-0.3359749802901535,0.2800520199273671,0.37825911690744873,0.8510301092270062,2,2,1171,1175,2019-01-02,0.07525027478348556,-0.41656395132619506,0.46613861165663456,0.04029126166254798,0.01414922374250123,0.132617020291315
S(规则书:PB+DY+ERP),B_中位数,25,66.0,137102.50666483736,192969.11674680904,0.4074805883640329,0.09902483954808536,0.09442327712064574,0.1017718322720158,0.1737876451062781,0.6446987943207404,-0.3184981727627515,0.3195366283869559,0.2132499927060186,0.8425194922423991,2,1,1156,1159,2019-01-02,0.07533466447956509,-0.4165627724850346,0.46614197862781437,0.04029126166254826,0.023690175068520267,0.17855681569292603
S(规则书:PB+DY+ERP),B_中位数,25,75.0,137102.50666483736,192969.11674680904,0.4074805883640329,0.09902483954808536,0.09442327712064574,0.1017718322720158,0.1737876451062781,0.6446987943207404,-0.3184981727627515,0.3195366283869559,0.2132499927060186,0.8425194922423991,2,1,1156,1159,2019-01-02,0.07533466447956509,-0.4165627724850346,0.46614197862781437,0.04029126166254826,0.023690175068520267,0.17855681569292603
S(规则书:PB+DY+ERP),B_中位数,30,50.0,137449.56120711452,184235.9043981096,0.340389178256419,0.0848314581664002,0.08142463683072765,0.08577119608892914,0.16337505505539926,0.5854465397239877,-0.26681934236601945,0.32145793977435594,0.37783285447251724,0.7563623838418174,2,2,1165,1169,2019-01-02,0.07526058101654128,-0.41656395132619506,0.46614037911448797,0.04029126166254845,0.009570877149858922,0.11930616060949978
S(规则书:PB+DY+ERP),B_中位数,30,66.0,137030.6929075366,189845.7972995979,0.3854253618034249,0.09438704178276888,0.09019442733977885,0.09339411825626942,0.16086187727346862,0.6355538530350789,-0.2668104772534392,0.35003917094138615,0.21228427605960057,0.7478517696829101,2,1,1150,1153,2019-01-02,0.07534508902152427,-0.4165627724850346,0.46614398885308106,0.04029126166254726,0.01904195276124461,0.16940986418199788
S(规则书:PB+DY+ERP),B_中位数,30,75.0,137030.6929075366,189845.7972995979,0.3854253618034249,0.09438704178276888,0.09019442733977885,0.09339411825626942,0.16086187727346862,0.6355538530350789,-0.2668104772534392,0.35003917094138615,0.21228427605960057,0.7478517696829101,2,1,1150,1153,2019-01-02,0.07534508902152427,-0.4165627724850346,0.46614398885308106,0.04029126166254726,0.01904195276124461,0.16940986418199788
S(规则书:PB+DY+ERP),C_均值,15,50.0,132066.51828017068,169098.73584132813,0.28040579886111616,0.07674677004754396,0.07394424522391896,0.07036905283364137,0.1804268010521481,0.4672027890915594,-0.4158696205480451,0.16920940928771613,0.044361938101982155,0.9137927972272061,1,1,1311,1313,2019-01-02,0.07669074764978878,-0.41665056700140524,0.45606068190642496,0.040291261662547935,5.602239775517881e-05,0.01114210718513442
S(规则书:PB+DY+ERP),C_均值,15,66.0,131715.90788727353,173645.1664113171,0.31833101404826447,0.08595122519012782,0.0824563081552054,0.09799106880193542,0.17626164405173614,0.6185887529433104,-0.2890834668203148,0.33897154299330295,0.04282740215043779,0.8685850563117582,1,1,1291,1293,2019-01-02,0.07689790000610623,-0.41665051833129163,0.45605949901864745,0.040291261662547664,0.00905332518402159,0.16252925392466294
S(规则书:PB+DY+ERP),C_均值,15,75.0,131629.45960291623,172395.70207214344,0.3097045493630821,0.08392086546375034,0.08058489801294026,0.0919734305592268,0.17558618843267867,0.588998327988978,-0.31857466030123527,0.2887029071058549,0.043236014585950486,0.8680530789936328,1,1,1290,1292,2019-01-02,0.07693202592130478,-0.416650605132743,0.45605884309755573,0.04029126166254744,0.006988839542445557,0.13293948489142227
S(规则书:PB+DY+ERP),C_均值,20,50.0,132066.51828017068,169098.73584132813,0.28040579886111616,0.07674677004754396,0.07394424522391896,0.07036905283364137,0.1804268010521481,0.4672027890915594,-0.4158696205480451,0.16920940928771613,0.044361938101982155,0.9137927972272061,1,1,1311,1313,2019-01-02,0.07669074764978878,-0.41665056700140524,0.45606068190642496,0.040291261662547935,5.602239775517881e-05,0.01114210718513442
S(规则书:PB+DY+ERP),C_均值,20,66.0,131715.90788727353,173645.1664113171,0.31833101404826447,0.08595122519012782,0.0824563081552054,0.09799106880193542,0.17626164405173614,0.6185887529433104,-0.2890834668203148,0.33897154299330295,0.04282740215043779,0.8685850563117582,1,1,1291,1293,2019-01-02,0.07689790000610623,-0.41665051833129163,0.45605949901864745,0.040291261662547664,0.00905332518402159,0.16252925392466294
S(规则书:PB+DY+ERP),C_均值,20,75.0,131629.45960291623,172395.70207214344,0.3097045493630821,0.08392086546375034,0.08058489801294026,0.0919734305592268,0.17558618843267867,0.588998327988978,-0.31857466030123527,0.2887029071058549,0.043236014585950486,0.8680530789936328,1,1,1290,1292,2019-01-02,0.07693202592130478,-0.416650605132743,0.45605884309755573,0.04029126166254744,0.006988839542445557,0.13293948489142227
S(规则书:PB+DY+ERP),C_均值,25,50.0,132066.51828017068,169098.73584132813,0.28040579886111616,0.07674677004754396,0.07394424522391896,0.07036905283364137,0.1804268010521481,0.4672027890915594,-0.4158696205480451,0.16920940928771613,0.044361938101982155,0.9137927972272061,1,1,1311,1313,2019-01-02,0.07669074764978878,-0.41665056700140524,0.45606068190642496,0.040291261662547935,5.602239775517881e-05,0.01114210718513442
S(规则书:PB+DY+ERP),C_均值,25,66.0,131715.90788727353,173645.1664113171,0.31833101404826447,0.08595122519012782,0.0824563081552054,0.09799106880193542,0.17626164405173614,0.6185887529433104,-0.2890834668203148,0.33897154299330295,0.04282740215043779,0.8685850563117582,1,1,1291,1293,2019-01-02,0.07689790000610623,-0.41665051833129163,0.45605949901864745,0.040291261662547664,0.00905332518402159,0.16252925392466294
S(规则书:PB+DY+ERP),C_均值,25,75.0,131629.45960291623,172395.70207214344,0.3097045493630821,0.08392086546375034,0.08058489801294026,0.0919734305592268,0.17558618843267867,0.588998327988978,-0.31857466030123527,0.2887029071058549,0.043236014585950486,0.8680530789936328,1,1,1290,1292,2019-01-02,0.07693202592130478,-0.416650605132743,0.45605884309755573,0.04029126166254744,0.006988839542445557,0.13293948489142227
S(规则书:PB+DY+ERP),C_均值,30,50.0,132035.92862486385,171055.6244647877,0.2955233188898554,0.08041527680892994,0.07734548279278797,0.08195747267790021,0.17245623338268679,0.5430654627105894,-0.266853501213171,0.3071253414525373,0.0838531294697719,0.8425215693942014,2,2,1309,1313,2019-01-02,0.07670619354651503,-0.4166628022145593,0.45604523145313,0.040291261662547984,0.003709083262414911,0.08702023125745945
S(规则书:PB+DY+ERP),C_均值,30,66.0,131715.90788727353,172235.93561920666,0.307631996634844,0.08340541803556933,0.08010924518500803,0.09056503191945686,0.1704271981512136,0.5939734378798518,-0.26682960835661296,0.3394114786482703,0.041242157159572246,0.8233748749067286,1,1,1291,1293,2019-01-02,0.07689790000610623,-0.41665051833129163,0.45605949901864745,0.040291261662547664,0.006507518029463102,0.13791393886120434
S(规则书:PB+DY+ERP),C_均值,30,75.0,131629.45960291623,171044.88336210445,0.2994422667850485,0.08146310920075696,0.07831485505781491,0.0845880567872146,0.16972747330263646,0.5633483873812908,-0.2668537241503962,0.31698286039111667,0.041622631120300915,0.8228428963037817,1,1,1290,1292,2019-01-02,0.07693202592130478,-0.416650605132743,0.45605884309755573,0.04029126166254744,0.004531083279452175,0.10728954428373505
S(规则书:PB+DY+ERP),C_中位数,15,50.0,139507.369229605,178283.531331383,0.2779506367004825,0.07620455950392097,0.0734405547338981,0.07035864657519042,0.18042692781884176,0.46714869951360577,-0.4159304894971668,0.16915962727389736,0.042126039989253794,0.9137940115805702,1,1,1337,1339,2019-01-02,0.07615133386498911,-0.41671137991190454,0.4560085415038565,0.04029126166254751,5.3225638931855834e-05,0.011140158009749268
S(规则书:PB+DY+ERP),C_中位数,15,66.0,139089.85885629497,182752.67257825166,0.31391802451297535,0.08498711649885339,0.0815681127273189,0.09798161650976733,0.1762616358388175,0.6185399214013786,-0.28914972717441345,0.3388611757211356,0.040762666386104554,0.8685858907371433,1,1,1315,1317,2019-01-02,0.07637476769493283,-0.41670813158455333,0.45601126455581037,0.04029126166254719,0.008612348803920561,0.16252865684556822
S(规则书:PB+DY+ERP),C_中位数,15,75.0,138983.63268968198,181479.74025253046,0.30576339631107774,0.0830621672937483,0.07979236922801926,0.09196394423063703,0.17558621362122692,0.588948780751931,-0.3186388997369308,0.2886149315308417,0.041139673239287466,0.8680539324650736,1,1,1314,1316,2019-01-02,0.07641406655914153,-0.4167081402126599,0.4560106121246269,0.04029126166254778,0.006648100734606768,0.13293816862730412
S(规则书:PB+DY+ERP),C_中位数,20,50.0,139507.369229605,178283.531331383,0.2779506367004825,0.07620455950392097,0.0734405547338981,0.07035864657519042,0.18042692781884176,0.46714869951360577,-0.4159304894971668,0.16915962727389736,0.042126039989253794,0.9137940115805702,1,1,1337,1339,2019-01-02,0.07615133386498911,-0.41671137991190454,0.4560085415038565,0.04029126166254751,5.3225638931855834e-05,0.011140158009749268
S(规则书:PB+DY+ERP),C_中位数,20,66.0,139089.85885629497,182752.67257825166,0.31391802451297535,0.08498711649885339,0.0815681127273189,0.09798161650976733,0.1762616358388175,0.6185399214013786,-0.28914972717441345,0.3388611757211356,0.040762666386104554,0.8685858907371433,1,1,1315,1317,2019-01-02,0.07637476769493283,-0.41670813158455333,0.45601126455581037,0.04029126166254719,0.008612348803920561,0.16252865684556822
S(规则书:PB+DY+ERP),C_中位数,20,75.0,138983.63268968198,181479.74025253046,0.30576339631107774,0.0830621672937483,0.07979236922801926,0.09196394423063703,0.17558621362122692,0.588948780751931,-0.3186388997369308,0.2886149315308417,0.041139673239287466,0.8680539324650736,1,1,1314,1316,2019-01-02,0.07641406655914153,-0.4167081402126599,0.4560106121246269,0.04029126166254778,0.006648100734606768,0.13293816862730412
S(规则书:PB+DY+ERP),C_中位数,25,50.0,139507.369229605,178283.531331383,0.2779506367004825,0.07620455950392097,0.0734405547338981,0.07035864657519042,0.18042692781884176,0.46714869951360577,-0.4159304894971668,0.16915962727389736,0.042126039989253794,0.9137940115805702,1,1,1337,1339,2019-01-02,0.07615133386498911,-0.41671137991190454,0.4560085415038565,0.04029126166254751,5.3225638931855834e-05,0.011140158009749268
S(规则书:PB+DY+ERP),C_中位数,25,66.0,139089.85885629497,182752.67257825166,0.31391802451297535,0.08498711649885339,0.0815681127273189,0.09798161650976733,0.1762616358388175,0.6185399214013786,-0.28914972717441345,0.3388611757211356,0.040762666386104554,0.8685858907371433,1,1,1315,1317,2019-01-02,0.07637476769493283,-0.41670813158455333,0.45601126455581037,0.04029126166254719,0.008612348803920561,0.16252865684556822
S(规则书:PB+DY+ERP),C_中位数,25,75.0,138983.63268968198,181479.74025253046,0.30576339631107774,0.0830621672937483,0.07979236922801926,0.09196394423063703,0.17558621362122692,0.588948780751931,-0.3186388997369308,0.2886149315308417,0.041139673239287466,0.8680539324650736,1,1,1314,1316,2019-01-02,0.07641406655914153,-0.4167081402126599,0.4560106121246269,0.04029126166254778,0.006648100734606768,0.13293816862730412
S(规则书:PB+DY+ERP),C_中位数,30,50.0,139456.50689115096,180218.20718349068,0.2922896980644667,0.07970239270869972,0.07668544085510001,0.08194787954941596,0.1724562514686602,0.5430140037705321,-0.26688639634180567,0.3070515420518624,0.07968701270124437,0.8425224486847817,2,2,1333,1337,2019-01-02,0.07617669759127427,-0.4167205155193777,0.4559968720538638,0.04029126166254794,0.0035256951174254536,0.0870171317166683
S(规则书:PB+DY+ERP),C_中位数,30,66.0,139089.85885629497,181343.44178614122,0.3037862233615598,0.08256386796891597,0.07933217958722949,0.09055552141246714,0.17042718732957837,0.5939222847099119,-0.26686402647949736,0.33933206587297127,0.03922611467027123,0.8233757318431505,1,1,1315,1317,2019-01-02,0.07637476769493283,-0.41670813158455333,0.45601126455581037,0.04029126166254719,0.006189100273983145,0.13791102015410156
S(规则书:PB+DY+ERP),C_中位数,30,75.0,138983.63268968198,180128.9215424915,0.29604413164733834,0.08072326632510578,0.07763050803491267,0.08457851302984198,0.1697274988841829,0.5632964730279238,-0.2668882153425861,0.3169061358564459,0.03957698460857518,0.8228437728576876,1,1,1314,1316,2019-01-02,0.07641406655914153,-0.4167081402126599,0.4560106121246269,0.04029126166254778,0.00430919976596425,0.10728586090329695
S(规则书:PB+DY+ERP),单窗3年,15,50.0,134465.08893459974,181543.05774852837,0.3501129489218284,0.07874033906017398,0.07579400769537419,0.0904898157211973,0.16738398135331967,0.6013237425178022,-0.335843412332109,0.2694404963695214,0.20614230674698095,0.7606104315290615,2,1,1121,1124,2019-01-02,0.06987377673477395,-0.4164507397999494,0.4642953131592801,0.040291261662547796,0.008866562325400035,0.1370284293585221
S(规则书:PB+DY+ERP),单窗3年,15,66.0,134374.807939233,181160.7459687245,0.34817492018778595,0.07836970690383217,0.07545037000226483,0.08958384902842154,0.16725789428554355,0.5966804953689041,-0.3400944716649713,0.2634087187299857,0.20632759169048806,0.7595465927814692,2,1,1119,1122,2019-01-02,0.06990116695238531,-0.41645259735284235,0.46429299315402794,0.040291261662547005,0.008468539951446863,0.13238750221487616
S(规则书:PB+DY+ERP),单窗3年,15,75.0,134108.9907518785,182260.14799163726,0.35904496014622556,0.08051204470916556,0.07743504425034992,0.09416286207050639,0.1653372254815355,0.6270425825501018,-0.3183619588356261,0.2957729699078895,0.20579590019939764,0.7574189587886216,2,1,1115,1118,2019-01-02,0.06996792184466033,-0.4164488341555983,0.46429814118802415,0.04029126166254744,0.010544122864505234,0.16274444136207766
S(规则书:PB+DY+ERP),单窗3年,20,50.0,134465.08893459974,181543.05774852837,0.3501129489218284,0.07874033906017398,0.07579400769537419,0.0904898157211973,0.16738398135331967,0.6013237425178022,-0.335843412332109,0.2694404963695214,0.20614230674698095,0.7606104315290615,2,1,1121,1124,2019-01-02,0.06987377673477395,-0.4164507397999494,0.4642953131592801,0.040291261662547796,0.008866562325400035,0.1370284293585221
S(规则书:PB+DY+ERP),单窗3年,20,66.0,134374.807939233,181160.7459687245,0.34817492018778595,0.07836970690383217,0.07545037000226483,0.08958384902842154,0.16725789428554355,0.5966804953689041,-0.3400944716649713,0.2634087187299857,0.20632759169048806,0.7595465927814692,2,1,1119,1122,2019-01-02,0.06990116695238531,-0.41645259735284235,0.46429299315402794,0.040291261662547005,0.008468539951446863,0.13238750221487616
S(规则书:PB+DY+ERP),单窗3年,20,75.0,134108.9907518785,182260.14799163726,0.35904496014622556,0.08051204470916556,0.07743504425034992,0.09416286207050639,0.1653372254815355,0.6270425825501018,-0.3183619588356261,0.2957729699078895,0.20579590019939764,0.7574189587886216,2,1,1115,1118,2019-01-02,0.06996792184466033,-0.4164488341555983,0.46429814118802415,0.04029126166254744,0.010544122864505234,0.16274444136207766
S(规则书:PB+DY+ERP),单窗3年,25,50.0,134465.08893459974,181543.05774852837,0.3501129489218284,0.07874033906017398,0.07579400769537419,0.0904898157211973,0.16738398135331967,0.6013237425178022,-0.335843412332109,0.2694404963695214,0.20614230674698095,0.7606104315290615,2,1,1121,1124,2019-01-02,0.06987377673477395,-0.4164507397999494,0.4642953131592801,0.040291261662547796,0.008866562325400035,0.1370284293585221
S(规则书:PB+DY+ERP),单窗3年,25,66.0,134374.807939233,181160.7459687245,0.34817492018778595,0.07836970690383217,0.07545037000226483,0.08958384902842154,0.16725789428554355,0.5966804953689041,-0.3400944716649713,0.2634087187299857,0.20632759169048806,0.7595465927814692,2,1,1119,1122,2019-01-02,0.06990116695238531,-0.41645259735284235,0.46429299315402794,0.040291261662547005,0.008468539951446863,0.13238750221487616
S(规则书:PB+DY+ERP),单窗3年,25,75.0,134108.9907518785,182260.14799163726,0.35904496014622556,0.08051204470916556,0.07743504425034992,0.09416286207050639,0.1653372254815355,0.6270425825501018,-0.3183619588356261,0.2957729699078895,0.20579590019939764,0.7574189587886216,2,1,1115,1118,2019-01-02,0.06996792184466033,-0.4164488341555983,0.46429814118802415,0.04029126166254744,0.010544122864505234,0.16274444136207766
S(规则书:PB+DY+ERP),单窗3年,30,50.0,134465.08893459974,179334.45918936012,0.333687878469211,0.07551285861604128,0.07279762559656675,0.0831318632836171,0.1612418576045617,0.5759432639846062,-0.26665567216599406,0.3117573408746664,0.20522526697981447,0.7154059229387643,2,1,1121,1124,2019-01-02,0.06987377673477395,-0.4164507397999494,0.4642953131592801,0.040291261662547796,0.005639081881267327,0.11164795082532608
S(规则书:PB+DY+ERP),单窗3年,30,66.0,134374.807939233,178966.2691069697,0.3318439062469347,0.07515606105214703,0.07246582411480015,0.08223198254530062,0.16111079499440403,0.5711206262344426,-0.2666599263461703,0.3083777291626092,0.20540502522415502,0.7143420841164448,2,1,1119,1122,2019-01-02,0.06990116695238531,-0.41645259735284235,0.46429299315402794,0.040291261662547005,0.005254894099761723,0.10682763308041465
S(规则书:PB+DY+ERP),单窗3年,30,75.0,134108.9907518785,179993.46037028157,0.3421431282209566,0.07721052840675963,0.07437485577196884,0.08678013106369464,0.1591167220335851,0.602624812698205,-0.2666481654831525,0.3254480708931696,0.2049044143892761,0.7122144495727174,2,1,1115,1118,2019-01-02,0.06996792184466033,-0.4164488341555983,0.46429814118802415,0.04029126166254744,0.007242606562099296,0.13832667151018085
S(规则书:PB+DY+ERP),单窗5年,15,50.0,141440.8816364535,182533.38134010692,0.29052774012872584,0.07236927318836033,0.06987047458980684,0.06973810233361011,0.18044789506351444,0.4639010755064235,-0.4181960824837152,0.16675933911056126,0.05571108744609946,0.9148647596566549,1,1,1215,1217,2019-01-02,0.0725196373889893,-0.4165081824052568,0.4558338162448913,0.0402912616625474,-0.00015036420062897182,0.008067259261532234
S(规则书:PB+DY+ERP),单窗5年,15,66.0,141083.02382394415,186606.7308654705,0.32267317362246817,0.07944449909239835,0.07644655611918225,0.08735003171765676,0.17740847132436866,0.5608474264196973,-0.3401391373967698,0.2568067655671261,0.05421221372918685,0.8701871394468593,1,1,1193,1195,2019-01-02,0.072702840112909,-0.4165006804236231,0.4558420733281644,0.0402912616625482,0.006741658979489348,0.10500535309153292
S(规则书:PB+DY+ERP),单窗5年,15,75.0,140832.80121371284,187548.41133091037,0.33170972752510197,0.08142395021515095,0.07827864513604409,0.09192983980364544,0.17559501881616316,0.5887506842849723,-0.31840660492140216,0.2887183820396505,0.05388012736822167,0.8680595055080745,1,1,1189,1191,2019-01-02,0.07277457195423113,-0.4164979169204184,0.45584522791665216,0.04029126166254767,0.008649378260919813,0.13290545636832019
S(规则书:PB+DY+ERP),单窗5年,20,50.0,141440.8816364535,182533.38134010692,0.29052774012872584,0.07236927318836033,0.06987047458980684,0.06973810233361011,0.18044789506351444,0.4639010755064235,-0.4181960824837152,0.16675933911056126,0.05571108744609946,0.9148647596566549,1,1,1215,1217,2019-01-02,0.0725196373889893,-0.4165081824052568,0.4558338162448913,0.0402912616625474,-0.00015036420062897182,0.008067259261532234
S(规则书:PB+DY+ERP),单窗5年,20,66.0,141083.02382394415,186606.7308654705,0.32267317362246817,0.07944449909239835,0.07644655611918225,0.08735003171765676,0.17740847132436866,0.5608474264196973,-0.3401391373967698,0.2568067655671261,0.05421221372918685,0.8701871394468593,1,1,1193,1195,2019-01-02,0.072702840112909,-0.4165006804236231,0.4558420733281644,0.0402912616625482,0.006741658979489348,0.10500535309153292
S(规则书:PB+DY+ERP),单窗5年,20,75.0,140832.80121371284,187548.41133091037,0.33170972752510197,0.08142395021515095,0.07827864513604409,0.09192983980364544,0.17559501881616316,0.5887506842849723,-0.31840660492140216,0.2887183820396505,0.05388012736822167,0.8680595055080745,1,1,1189,1191,2019-01-02,0.07277457195423113,-0.4164979169204184,0.45584522791665216,0.04029126166254767,0.008649378260919813,0.13290545636832019
S(规则书:PB+DY+ERP),单窗5年,25,50.0,141332.64689057885,190811.65894704947,0.3500890498058651,0.08522022218539098,0.08178293615296944,0.09029288399410773,0.17715051341166935,0.5766600973975089,-0.34003019814642066,0.26554372078219546,0.4333695149348869,0.8728456272183118,3,3,1207,1213,2019-01-02,0.07254769463716879,-0.4165130085206127,0.4558273077697739,0.040291261662548435,0.012672527548222193,0.12083278962773497
S(规则书:PB+DY+ERP),单窗5年,25,66.0,140970.36761666532,197024.17924460827,0.39762832839003215,0.09512057843560796,0.09086447449879277,0.09512225068686342,0.1757073136625146,0.6051084963709707,-0.3401391373967698,0.2796568822243587,0.21727657022364952,0.8446555155726146,2,1,1185,1188,2019-01-02,0.07270590528723228,-0.4165006804236231,0.45584154996308923,0.0402912616625479,0.022414673148375683,0.14926694640788152
S(规则书:PB+DY+ERP),单窗5年,25,75.0,140720.14500643397,198019.0208009808,0.4071831775892998,0.09710865308133544,0.0926782220413913,0.0997347950666918,0.1738754917514347,0.6338132568824859,-0.31840660492140216,0.31323092399829794,0.21676421705614335,0.8425278801718842,2,1,1181,1184,2019-01-02,0.07277764366639748,-0.4164979169204184,0.4558447036909009,0.040291261662547886,0.02433100941493796,0.177968553191585
S(规则书:PB+DY+ERP),单窗5年,30,50.0,141332.64689057885,191938.60431273642,0.3580627585736593,0.08690024010248786,0.08332982849275572,0.08625198811776014,0.17091725400627458,0.5695850416164612,-0.266690667723973,0.3234158467330835,0.43644240562237885,0.8212539245583987,3,3,1207,1213,2019-01-02,0.07254769463716879,-0.4165130085206127,0.4558273077697739,0.040291261662548435,0.01435254546531907,0.11375773384668725
S(规则书:PB+DY+ERP),单窗5年,30,66.0,140970.36761666532,197825.74842779757,0.4033144111941076,0.09628020467179622,0.09192281704696352,0.08975046373274798,0.16969765479555635,0.5914088351420209,-0.2666998657163422,0.3365223431653511,0.21877127208684272,0.7983830231393042,2,1,1185,1188,2019-01-02,0.07270590528723228,-0.4165006804236231,0.45584154996308923,0.0402912616625479,0.023574299384563943,0.13556728517893168
S(规则书:PB+DY+ERP),单窗5年,30,75.0,140720.14500643397,198767.32578005458,0.4125008595675239,0.09818650458420726,0.09366018711858697,0.09434042024631495,0.167800807905837,0.6212325859593937,-0.26668805736850365,0.3537481999651655,0.21828673406889187,0.7962553873116661,2,1,1181,1184,2019-01-02,0.07277764366639748,-0.4164979169204184,0.4558447036909009,0.040291261662547886,0.025408860917809778,0.16538788226849277
S(规则书:PB+DY+ERP),单窗10年,15,50.0,,,,,,,,,,,,,,,,,,,,,,,
S(规则书:PB+DY+ERP),单窗10年,15,66.0,,,,,,,,,,,,,,,,,,,,,,,
S(规则书:PB+DY+ERP),单窗10年,15,75.0,,,,,,,,,,,,,,,,,,,,,,,
S(规则书:PB+DY+ERP),单窗10年,20,50.0,,,,,,,,,,,,,,,,,,,,,,,
S(规则书:PB+DY+ERP),单窗10年,20,66.0,,,,,,,,,,,,,,,,,,,,,,,
S(规则书:PB+DY+ERP),单窗10年,20,75.0,,,,,,,,,,,,,,,,,,,,,,,
S(规则书:PB+DY+ERP),单窗10年,25,50.0,,,,,,,,,,,,,,,,,,,,,,,
S(规则书:PB+DY+ERP),单窗10年,25,66.0,,,,,,,,,,,,,,,,,,,,,,,
S(规则书:PB+DY+ERP),单窗10年,25,75.0,,,,,,,,,,,,,,,,,,,,,,,
S(规则书:PB+DY+ERP),单窗10年,30,50.0,,,,,,,,,,,,,,,,,,,,,,,
S(规则书:PB+DY+ERP),单窗10年,30,66.0,,,,,,,,,,,,,,,,,,,,,,,
S(规则书:PB+DY+ERP),单窗10年,30,75.0,,,,,,,,,,,,,,,,,,,,,,,
S(规则书:PB+DY+ERP),扩展窗口,15,50.0,109720.70319017296,141936.64244632513,0.29361768854428516,0.0861284333670798,0.08261947728820382,0.08740530162951998,0.17739616515603251,0.5611601232075497,-0.34031396940043024,0.25683724292456117,0.038923177060827305,0.8701397978093375,1,1,1347,1349,2019-01-02,0.08121044350579289,-0.41663941659524995,0.456155800011551,0.04029126166254766,0.004917989861286914,0.10500432319599873
S(规则书:PB+DY+ERP),扩展窗口,15,66.0,109628.97652713467,142414.65922884387,0.29906037382000283,0.08757198904064502,0.0839476786087733,0.0919810620171404,0.1755834564210538,0.5890446569324984,-0.3186080213912451,0.2886966298446995,0.03873967461557609,0.8680124997297541,1,1,1344,1346,2019-01-02,0.08126023035830822,-0.4166531011480643,0.45613979322865256,0.0402912616625481,0.006311758682336799,0.13290486370384585
S(规则书:PB+DY+ERP),扩展窗口,15,75.0,106518.93401631832,138604.49387405626,0.3012193104826091,0.08920436573554498,0.08544749001320345,0.09137904334013647,0.16964730292348873,0.6003381261340411,-0.3214807840299545,0.28424418465901863,0.04018499151049901,0.8174825354735462,1,1,1262,1264,2019-01-02,0.08284172807323574,-0.4166172571045841,0.45616855827352143,0.04029126166254772,0.0063626376623092396,0.1441695678605197
S(规则书:PB+DY+ERP),扩展窗口,20,50.0,109720.70319017296,141936.64244632513,0.29361768854428516,0.0861284333670798,0.08261947728820382,0.08740530162951998,0.17739616515603251,0.5611601232075497,-0.34031396940043024,0.25683724292456117,0.038923177060827305,0.8701397978093375,1,1,1347,1349,2019-01-02,0.08121044350579289,-0.41663941659524995,0.456155800011551,0.04029126166254766,0.004917989861286914,0.10500432319599873
S(规则书:PB+DY+ERP),扩展窗口,20,66.0,109628.97652713467,142414.65922884387,0.29906037382000283,0.08757198904064502,0.0839476786087733,0.0919810620171404,0.1755834564210538,0.5890446569324984,-0.3186080213912451,0.2886966298446995,0.03873967461557609,0.8680124997297541,1,1,1344,1346,2019-01-02,0.08126023035830822,-0.4166531011480643,0.45613979322865256,0.0402912616625481,0.006311758682336799,0.13290486370384585
S(规则书:PB+DY+ERP),扩展窗口,20,75.0,106518.93401631832,138604.49387405626,0.3012193104826091,0.08920436573554498,0.08544749001320345,0.09137904334013647,0.16964730292348873,0.6003381261340411,-0.3214807840299545,0.28424418465901863,0.04018499151049901,0.8174825354735462,1,1,1262,1264,2019-01-02,0.08284172807323574,-0.4166172571045841,0.45616855827352143,0.04029126166254772,0.0063626376623092396,0.1441695678605197
S(规则书:PB+DY+ERP),扩展窗口,25,50.0,109720.70319017296,141936.64244632513,0.29361768854428516,0.0861284333670798,0.08261947728820382,0.08740530162951998,0.17739616515603251,0.5611601232075497,-0.34031396940043024,0.25683724292456117,0.038923177060827305,0.8701397978093375,1,1,1347,1349,2019-01-02,0.08121044350579289,-0.41663941659524995,0.456155800011551,0.04029126166254766,0.004917989861286914,0.10500432319599873
S(规则书:PB+DY+ERP),扩展窗口,25,66.0,109628.97652713467,142414.65922884387,0.29906037382000283,0.08757198904064502,0.0839476786087733,0.0919810620171404,0.1755834564210538,0.5890446569324984,-0.3186080213912451,0.2886966298446995,0.03873967461557609,0.8680124997297541,1,1,1344,1346,2019-01-02,0.08126023035830822,-0.4166531011480643,0.45613979322865256,0.0402912616625481,0.006311758682336799,0.13290486370384585
S(规则书:PB+DY+ERP),扩展窗口,25,75.0,106518.93401631832,138604.49387405626,0.3012193104826091,0.08920436573554498,0.08544749001320345,0.09137904334013647,0.16964730292348873,0.6003381261340411,-0.3214807840299545,0.28424418465901863,0.04018499151049901,0.8174825354735462,1,1,1262,1264,2019-01-02,0.08284172807323574,-0.4166172571045841,0.45616855827352143,0.04029126166254772,0.0063626376623092396,0.1441695678605197
S(规则书:PB+DY+ERP),扩展窗口,30,50.0,109720.70319017296,141026.40804387044,0.2853217664804517,0.08397119184058309,0.0806313268714918,0.08005296378058446,0.17160172924147002,0.5346444640573391,-0.2669517372122302,0.2998780401902434,0.03740594018224847,0.8249423475073886,1,1,1347,1349,2019-01-02,0.08121044350579289,-0.41663941659524995,0.456155800011551,0.04029126166254766,0.002760748334790203,0.07848866404578814
S(规则书:PB+DY+ERP),扩展窗口,30,66.0,109628.97652713467,141474.4729418368,0.29048429916537577,0.08535010793917548,0.08190261507065932,0.08459756330436075,0.16972792890974397,0.5633990901489286,-0.26693725346473585,0.31691928423747207,0.03723851316648218,0.8228150671159852,1,1,1344,1346,2019-01-02,0.08126023035830822,-0.4166531011480643,0.45613979322865256,0.0402912616625481,0.004089877580867263,0.10725929692027608
S(规则书:PB+DY+ERP),扩展窗口,30,75.0,106518.93401631832,137668.3247077264,0.2924305521742838,0.08690575027128836,0.08333489809770199,0.08399965539227572,0.1635791477649666,0.5749134418234833,-0.2269049033787921,0.37019762085990615,0.03864455539076515,0.7722851945642866,1,1,1262,1264,2019-01-02,0.08284172807323574,-0.4166172571045841,0.45616855827352143,0.04029126166254772,0.0040640221980526164,0.11874488354996182
