日期,收盘点位,日涨跌幅(%),较期初累计收益(%)
2011-09-30,2763.53,,0.0
2011-10-10,2737.55,-0.9401,-0.94
2011-10-11,2732.1,-0.1991,-1.14
2011-10-12,2831.41,3.6349,2.46
2011-10-13,2850.51,0.6746,3.15
2011-10-14,2841.07,-0.3312,2.81
2011-10-17,2855.17,0.4963,3.32
2011-10-18,2775.15,-2.8026,0.42
2011-10-19,2765.42,-0.3506,0.07
2011-10-20,2698.45,-2.4217,-2.35
2011-10-21,2684.91,-0.5018,-2.84
2011-10-24,2758.55,2.7427,-0.18
2011-10-25,2810.75,1.8923,1.71
2011-10-26,2838.84,0.9994,2.73
2011-10-27,2845.08,0.2198,2.95
2011-10-28,2900.26,1.9395,4.95
2011-10-31,2885.58,-0.5062,4.42
2011-11-01,2887.96,0.0825,4.5
2011-11-02,2935.99,1.6631,6.24
2011-11-03,2938.03,0.0695,6.31
2011-11-04,2958.85,0.7086,7.07
2011-11-07,2929.41,-0.995,6.0
2011-11-08,2920.27,-0.312,5.67
2011-11-09,2945.9,0.8777,6.6
2011-11-10,2890.16,-1.8921,4.58
2011-11-11,2885.33,-0.1671,4.41
2011-11-14,2944.42,2.0479,6.55
2011-11-15,2938.52,-0.2004,6.33
2011-11-16,2858.69,-2.7167,3.44
2011-11-17,2850.02,-0.3033,3.13
2011-11-18,2790.57,-2.086,0.98
2011-11-21,2793.99,0.1226,1.1
2011-11-22,2793.76,-0.0082,1.09
2011-11-23,2766.5,-0.9757,0.11
2011-11-24,2771.75,0.1898,0.3
2011-11-25,2751.47,-0.7317,-0.44
2011-11-28,2755.2,0.1356,-0.3
2011-11-29,2792.94,1.3698,1.06
2011-11-30,2699.74,-3.337,-2.31
2011-12-01,2766.22,2.4625,0.1
2011-12-02,2738.06,-1.018,-0.92
2011-12-05,2699.6,-1.4046,-2.31
2011-12-06,2694.2,-0.2,-2.51
2011-12-07,2706.93,0.4725,-2.05
2011-12-08,2703.47,-0.1278,-2.17
2011-12-09,2680.41,-0.853,-3.01
2011-12-12,2652.82,-1.0293,-4.01
2011-12-13,2593.11,-2.2508,-6.17
2011-12-14,2566.94,-1.0092,-7.11
2011-12-15,2506.24,-2.3647,-9.31
2011-12-16,2559.07,2.1079,-7.4
2011-12-19,2552.94,-0.2395,-7.62
2011-12-20,2545.18,-0.304,-7.9
2011-12-21,2504.53,-1.5971,-9.37
2011-12-22,2506.92,0.0954,-9.29
2011-12-23,2526.0,0.7611,-8.6
2011-12-26,2500.88,-0.9945,-9.5
2011-12-27,2468.05,-1.3127,-10.69
2011-12-28,2471.15,0.1256,-10.58
2011-12-29,2474.82,0.1485,-10.45
2011-12-30,2511.63,1.4874,-9.12
2012-01-04,2461.32,-2.0031,-10.94
2012-01-05,2437.37,-0.9731,-11.8
2012-01-06,2452.59,0.6244,-11.25
2012-01-09,2536.08,3.4042,-8.23
2012-01-10,2620.43,3.326,-5.18
2012-01-11,2607.85,-0.4801,-5.63
2012-01-12,2607.44,-0.0157,-5.65
2012-01-13,2563.66,-1.679,-7.23
2012-01-16,2511.53,-2.0334,-9.12
2012-01-17,2634.61,4.9006,-4.67
2012-01-18,2593.49,-1.5608,-6.15
2012-01-19,2642.91,1.9055,-4.36
2012-01-20,2681.18,1.448,-2.98
2012-01-30,2634.74,-1.7321,-4.66
2012-01-31,2638.53,0.1438,-4.52
2012-02-01,2600.77,-1.4311,-5.89
2012-02-02,2662.06,2.3566,-3.67
2012-02-03,2683.32,0.7986,-2.9
2012-02-06,2681.43,-0.0704,-2.97
2012-02-07,2631.78,-1.8516,-4.77
2012-02-08,2707.03,2.8593,-2.04
2012-02-09,2708.1,0.0395,-2.01
2012-02-10,2712.8,0.1736,-1.84
2012-02-13,2711.04,-0.0649,-1.9
2012-02-14,2700.47,-0.3899,-2.28
2012-02-15,2729.91,1.0902,-1.22
2012-02-16,2715.42,-0.5308,-1.74
2012-02-17,2716.51,0.0401,-1.7
2012-02-20,2720.38,0.1425,-1.56
2012-02-21,2743.67,0.8561,-0.72
2012-02-22,2781.17,1.3668,0.64
2012-02-23,2790.57,0.338,0.98
2012-02-24,2835.28,1.6022,2.6
2012-02-27,2844.44,0.3231,2.93
2012-02-28,2850.75,0.2218,3.16
2012-02-29,2820.43,-1.0636,2.06
2012-03-01,2819.57,-0.0305,2.03
2012-03-02,2869.46,1.7694,3.83
2012-03-05,2851.0,-0.6433,3.17
2012-03-06,2806.41,-1.564,1.55
2012-03-07,2787.09,-0.6884,0.85
2012-03-08,2822.19,1.2594,2.12
2012-03-09,2852.72,1.0818,3.23
2012-03-12,2842.12,-0.3716,2.84
2012-03-13,2870.7,1.0056,3.88
2012-03-14,2789.36,-2.8335,0.93
2012-03-15,2768.42,-0.7507,0.18
2012-03-16,2809.08,1.4687,1.65
2012-03-19,2816.03,0.2474,1.9
2012-03-20,2767.24,-1.7326,0.13
2012-03-21,2770.82,0.1294,0.26
2012-03-22,2766.49,-0.1563,0.11
2012-03-23,2733.5,-1.1925,-1.09
2012-03-26,2736.28,0.1017,-0.99
2012-03-27,2727.39,-0.3249,-1.31
2012-03-28,2650.04,-2.836,-4.11
2012-03-29,2616.11,-1.2804,-5.33
2012-03-30,2628.72,0.482,-4.88
2012-04-05,2690.79,2.3612,-2.63
2012-04-06,2698.28,0.2784,-2.36
2012-04-09,2671.85,-0.9795,-3.32
2012-04-10,2698.24,0.9877,-2.36
2012-04-11,2698.57,0.0122,-2.35
2012-04-12,2752.77,2.0085,-0.39
2012-04-13,2763.49,0.3894,-0.0
2012-04-16,2756.63,-0.2482,-0.25
2012-04-17,2722.19,-1.2494,-1.5
2012-04-18,2784.4,2.2853,0.76
2012-04-19,2780.43,-0.1426,0.61
2012-04-20,2813.4,1.1858,1.8
2012-04-23,2791.12,-0.7919,1.0
2012-04-24,2790.23,-0.0319,0.97
2012-04-25,2812.85,0.8107,1.78
2012-04-26,2818.89,0.2147,2.0
2012-04-27,2813.18,-0.2026,1.8
2012-05-02,2874.6,2.1833,4.02
2012-05-03,2883.2,0.2992,4.33
2012-05-04,2909.56,0.9143,5.28
2012-05-07,2913.24,0.1265,5.42
2012-05-08,2903.96,-0.3185,5.08
2012-05-09,2848.81,-1.8991,3.09
2012-05-10,2848.73,-0.0028,3.08
2012-05-11,2827.17,-0.7568,2.3
2012-05-14,2804.37,-0.8065,1.48
2012-05-15,2806.52,0.0767,1.56
2012-05-16,2761.33,-1.6102,-0.08
2012-05-17,2803.52,1.5279,1.45
2012-05-18,2761.2,-1.5095,-0.08
2012-05-21,2775.52,0.5186,0.43
2012-05-22,2818.82,1.5601,2.0
2012-05-23,2807.42,-0.4044,1.59
2012-05-24,2784.47,-0.8175,0.76
2012-05-25,2760.93,-0.8454,-0.09
2012-05-28,2806.31,1.6436,1.55
2012-05-29,2845.2,1.3858,2.96
2012-05-30,2835.97,-0.3244,2.62
2012-05-31,2827.63,-0.2941,2.32
2012-06-01,2829.2,0.0555,2.38
2012-06-04,2749.94,-2.8015,-0.49
2012-06-05,2750.08,0.0051,-0.49
2012-06-06,2748.85,-0.0447,-0.53
2012-06-07,2736.05,-0.4656,-0.99
2012-06-08,2718.12,-0.6553,-1.64
2012-06-11,2757.53,1.4499,-0.22
2012-06-12,2739.56,-0.6517,-0.87
2012-06-13,2783.84,1.6163,0.73
2012-06-14,2764.38,-0.699,0.03
2012-06-15,2773.48,0.3292,0.36
2012-06-18,2788.63,0.5462,0.91
2012-06-19,2764.86,-0.8524,0.05
2012-06-20,2759.85,-0.1812,-0.13
2012-06-21,2716.62,-1.5664,-1.7
2012-06-25,2658.76,-2.1299,-3.79
2012-06-26,2662.83,0.1531,-3.64
2012-06-27,2654.51,-0.3124,-3.94
2012-06-28,2631.75,-0.8574,-4.77
2012-06-29,2670.81,1.4842,-3.36
2012-07-02,2675.55,0.1775,-3.18
2012-07-03,2679.47,0.1465,-3.04
2012-07-04,2675.61,-0.1441,-3.18
2012-07-05,2640.36,-1.3175,-4.46
2012-07-06,2687.56,1.7876,-2.75
2012-07-09,2626.87,-2.2582,-4.95
2012-07-10,2617.07,-0.3731,-5.3
2012-07-11,2638.3,0.8112,-4.53
2012-07-12,2664.51,0.9934,-3.58
2012-07-13,2666.64,0.0799,-3.51
2012-07-16,2612.04,-2.0475,-5.48
2012-07-17,2628.17,0.6175,-4.9
2012-07-18,2628.64,0.0179,-4.88
2012-07-19,2641.09,0.4736,-4.43
2012-07-20,2613.15,-1.0579,-5.44
2012-07-23,2577.2,-1.3757,-6.74
2012-07-24,2588.7,0.4462,-6.33
2012-07-25,2571.46,-0.666,-6.95
2012-07-26,2557.78,-0.532,-7.45
2012-07-27,2559.67,0.0739,-7.38
2012-07-30,2545.46,-0.5551,-7.89
2012-07-31,2542.33,-0.123,-8.0
2012-08-01,2570.37,1.1029,-6.99
2012-08-02,2546.26,-0.938,-7.86
2012-08-03,2567.42,0.831,-7.1
2012-08-06,2602.29,1.3582,-5.83
2012-08-07,2605.85,0.1368,-5.71
2012-08-08,2607.41,0.0599,-5.65
2012-08-09,2631.34,0.9178,-4.78
2012-08-10,2618.39,-0.4921,-5.25
2012-08-13,2566.57,-1.9791,-7.13
2012-08-14,2572.12,0.2162,-6.93
2012-08-15,2544.4,-1.0777,-7.93
2012-08-16,2531.49,-0.5074,-8.4
2012-08-17,2525.43,-0.2394,-8.62
2012-08-20,2512.77,-0.5013,-9.07
2012-08-21,2525.8,0.5186,-8.6
2012-08-22,2506.07,-0.7811,-9.32
2012-08-23,2513.29,0.2881,-9.06
2012-08-24,2484.34,-1.1519,-10.1
2012-08-27,2432.51,-2.0863,-11.98
2012-08-28,2443.69,0.4596,-11.57
2012-08-29,2417.93,-1.0541,-12.51
2012-08-30,2414.17,-0.1555,-12.64
2012-08-31,2407.08,-0.2937,-12.9
2012-09-03,2434.6,1.1433,-11.9
2012-09-04,2408.42,-1.0753,-12.85
2012-09-05,2403.47,-0.2055,-13.03
2012-09-06,2423.08,0.8159,-12.32
2012-09-07,2531.63,4.4798,-8.39
2012-09-10,2542.03,0.4108,-8.02
2012-09-11,2525.88,-0.6353,-8.6
2012-09-12,2534.82,0.3539,-8.28
2012-09-13,2511.21,-0.9314,-9.13
2012-09-14,2529.87,0.7431,-8.46
2012-09-17,2468.0,-2.4456,-10.69
2012-09-18,2442.64,-1.0276,-11.61
2012-09-19,2454.66,0.4921,-11.18
2012-09-20,2399.71,-2.2386,-13.17
2012-09-21,2403.11,0.1417,-13.04
2012-09-24,2421.09,0.7482,-12.39
2012-09-25,2415.23,-0.242,-12.6
2012-09-26,2387.89,-1.132,-13.59
2012-09-27,2460.93,3.0588,-10.95
2012-09-28,2506.22,1.8404,-9.31
2012-10-08,2481.03,-1.0051,-10.22
2012-10-09,2535.79,2.2071,-8.24
2012-10-10,2540.11,0.1704,-8.08
2012-10-11,2516.52,-0.9287,-8.94
2012-10-12,2518.71,0.087,-8.86
2012-10-15,2508.14,-0.4197,-9.24
2012-10-16,2511.75,0.1439,-9.11
2012-10-17,2514.63,0.1147,-9.01
2012-10-18,2553.24,1.5354,-7.61
2012-10-19,2549.43,-0.1492,-7.75
2012-10-22,2559.4,0.3911,-7.39
2012-10-23,2527.18,-1.2589,-8.55
2012-10-24,2522.48,-0.186,-8.72
2012-10-25,2504.4,-0.7168,-9.38
2012-10-26,2457.04,-1.8911,-11.09
2012-10-29,2443.86,-0.5364,-11.57
2012-10-30,2448.26,0.18,-11.41
2012-10-31,2464.59,0.667,-10.82
2012-11-01,2511.66,1.9099,-9.11
2012-11-02,2521.43,0.389,-8.76
2012-11-05,2516.08,-0.2122,-8.95
2012-11-06,2505.51,-0.4201,-9.34
2012-11-07,2500.37,-0.2051,-9.52
2012-11-08,2454.35,-1.8405,-11.19
2012-11-09,2449.5,-0.1976,-11.36
2012-11-12,2461.44,0.4874,-10.93
2012-11-13,2418.36,-1.7502,-12.49
2012-11-14,2430.02,0.4821,-12.07
2012-11-15,2397.79,-1.3263,-13.23
2012-11-16,2379.88,-0.7469,-13.88
2012-11-19,2377.42,-0.1034,-13.97
2012-11-20,2366.38,-0.4644,-14.37
2012-11-21,2399.18,1.3861,-13.18
2012-11-22,2380.22,-0.7903,-13.87
2012-11-23,2396.76,0.6949,-13.27
2012-11-26,2378.09,-0.779,-13.95
2012-11-27,2350.81,-1.1471,-14.93
2012-11-28,2327.33,-0.9988,-15.78
2012-11-29,2312.59,-0.6333,-16.32
2012-11-30,2338.81,1.1338,-15.37
2012-12-03,2305.13,-1.44,-16.59
2012-12-04,2329.86,1.0728,-15.69
2012-12-05,2413.37,3.5843,-12.67
2012-12-06,2408.7,-0.1935,-12.84
2012-12-07,2455.87,1.9583,-11.13
2012-12-10,2482.42,1.0811,-10.17
2012-12-11,2468.71,-0.5523,-10.67
2012-12-12,2478.84,0.4103,-10.3
2012-12-13,2451.37,-1.1082,-11.3
2012-12-14,2575.14,5.049,-6.82
2012-12-17,2586.98,0.4598,-6.39
2012-12-18,2588.53,0.0599,-6.33
2012-12-19,2591.8,0.1263,-6.21
2012-12-20,2606.78,0.578,-5.67
2012-12-21,2592.77,-0.5374,-6.18
2012-12-24,2602.85,0.3888,-5.81
2012-12-25,2676.28,2.8211,-3.16
2012-12-26,2686.36,0.3766,-2.79
2012-12-27,2672.12,-0.5301,-3.31
2012-12-28,2710.88,1.4505,-1.91
2012-12-31,2757.77,1.7297,-0.21
2013-01-04,2759.37,0.058,-0.15
2013-01-07,2772.02,0.4584,0.31
2013-01-08,2760.37,-0.4203,-0.11
2013-01-09,2761.24,0.0315,-0.08
2013-01-10,2766.1,0.176,0.09
2013-01-11,2714.35,-1.8709,-1.78
2013-01-14,2817.65,3.8057,1.96
2013-01-15,2837.46,0.7031,2.68
2013-01-16,2816.95,-0.7228,1.93
2013-01-17,2790.35,-0.9443,0.97
2013-01-18,2837.01,1.6722,2.66
2013-01-21,2853.9,0.5953,3.27
2013-01-22,2838.6,-0.5361,2.72
2013-01-23,2850.14,0.4065,3.13
2013-01-24,2823.14,-0.9473,2.16
2013-01-25,2811.03,-0.429,1.72
2013-01-28,2898.68,3.1181,4.89
2013-01-29,2924.92,0.9052,5.84
2013-01-30,2938.96,0.48,6.35
2013-01-31,2936.96,-0.0681,6.28
2013-02-01,2998.66,2.1008,8.51
2013-02-04,3003.8,0.1714,8.69
2013-02-05,3029.65,0.8606,9.63
2013-02-06,3034.2,0.1502,9.79
2013-02-07,3016.74,-0.5754,9.16
2013-02-08,3029.7,0.4296,9.63
2013-02-18,2992.26,-1.2358,8.28
2013-02-19,2935.57,-1.8946,6.23
2013-02-20,2954.18,0.6339,6.9
2013-02-21,2853.52,-3.4074,3.26
2013-02-22,2838.28,-0.5341,2.7
2013-02-25,2847.41,0.3217,3.04
2013-02-26,2806.57,-1.4343,1.56
2013-02-27,2836.17,1.0547,2.63
2013-02-28,2922.14,3.0312,5.74
2013-03-01,2917.24,-0.1677,5.56
2013-03-04,2782.66,-4.6133,0.69
2013-03-05,2866.92,3.028,3.74
2013-03-06,2896.87,1.0447,4.82
2013-03-07,2863.29,-1.1592,3.61
2013-03-08,2849.56,-0.4795,3.11
2013-03-11,2833.65,-0.5583,2.54
2013-03-12,2793.48,-1.4176,1.08
2013-03-13,2762.73,-1.1008,-0.03
2013-03-14,2770.15,0.2686,0.24
2013-03-15,2776.27,0.2209,0.46
2013-03-18,2735.41,-1.4718,-1.02
2013-03-19,2760.22,0.907,-0.12
2013-03-20,2853.22,3.3693,3.25
2013-03-21,2858.58,0.1879,3.44
2013-03-22,2862.21,0.127,3.57
2013-03-25,2856.51,-0.1991,3.36
2013-03-26,2814.92,-1.456,1.86
2013-03-27,2824.19,0.3293,2.2
2013-03-28,2732.12,-3.26,-1.14
2013-03-29,2727.51,-0.1687,-1.3
2013-04-01,2725.43,-0.0763,-1.38
2013-04-02,2718.0,-0.2726,-1.65
2013-04-03,2714.92,-0.1133,-1.76
2013-04-08,2702.62,-0.4531,-2.2
2013-04-09,2721.35,0.693,-1.53
2013-04-10,2716.85,-0.1654,-1.69
2013-04-11,2708.82,-0.2956,-1.98
2013-04-12,2691.77,-0.6294,-2.6
2013-04-15,2664.22,-1.0235,-3.59
2013-04-16,2689.15,0.9357,-2.69
2013-04-17,2687.92,-0.0457,-2.74
2013-04-18,2694.9,0.2597,-2.48
2013-04-19,2770.31,2.7982,0.25
2013-04-22,2766.99,-0.1198,0.13
2013-04-23,2678.24,-3.2075,-3.09
2013-04-24,2728.65,1.8822,-1.26
2013-04-25,2698.36,-1.1101,-2.36
2013-04-26,2675.94,-0.8309,-3.17
2013-05-02,2678.49,0.0953,-3.08
2013-05-03,2726.46,1.7909,-1.34
2013-05-06,2762.62,1.3263,-0.03
2013-05-07,2767.0,0.1585,0.13
2013-05-08,2781.07,0.5085,0.63
2013-05-09,2764.75,-0.5868,0.04
2013-05-10,2779.05,0.5172,0.56
2013-05-13,2768.08,-0.3947,0.16
2013-05-14,2727.3,-1.4732,-1.31
2013-05-15,2742.35,0.5518,-0.77
2013-05-16,2793.65,1.8707,1.09
2013-05-17,2836.87,1.5471,2.65
2013-05-20,2857.0,0.7096,3.38
2013-05-21,2862.8,0.203,3.59
2013-05-22,2866.74,0.1376,3.73
2013-05-23,2829.16,-1.3109,2.37
2013-05-24,2845.34,0.5719,2.96
2013-05-27,2848.34,0.1054,3.07
2013-05-28,2897.57,1.7284,4.85
2013-05-29,2895.64,-0.0666,4.78
2013-05-30,2886.83,-0.3043,4.46
2013-05-31,2856.77,-1.0413,3.37
2013-06-03,2856.57,-0.007,3.37
2013-06-04,2816.45,-1.4045,1.91
2013-06-05,2812.12,-0.1537,1.76
2013-06-06,2777.73,-1.2229,0.51
2013-06-07,2732.89,-1.6143,-1.11
2013-06-13,2645.18,-3.2094,-4.28
2013-06-14,2664.2,0.719,-3.59
2013-06-17,2650.37,-0.5191,-4.09
2013-06-18,2668.36,0.6788,-3.44
2013-06-19,2649.69,-0.6997,-4.12
2013-06-20,2562.65,-3.2849,-7.27
2013-06-21,2559.8,-0.1112,-7.37
2013-06-24,2398.48,-6.3021,-13.21
2013-06-25,2392.49,-0.2497,-13.43
2013-06-26,2398.07,0.2332,-13.22
2013-06-27,2391.77,-0.2627,-13.45
2013-06-28,2438.25,1.9433,-11.77
2013-07-01,2453.76,0.6361,-11.21
2013-07-02,2463.43,0.3941,-10.86
2013-07-03,2445.76,-0.7173,-11.5
2013-07-04,2466.82,0.8611,-10.74
2013-07-05,2473.35,0.2647,-10.5
2013-07-08,2405.48,-2.7441,-12.96
2013-07-09,2404.59,-0.037,-12.99
2013-07-10,2473.09,2.8487,-10.51
2013-07-11,2592.22,4.8171,-6.2
2013-07-12,2535.26,-2.1973,-8.26
2013-07-15,2570.96,1.4081,-6.97
2013-07-16,2582.91,0.4648,-6.54
2013-07-17,2544.52,-1.4863,-7.93
2013-07-18,2503.41,-1.6156,-9.41
2013-07-19,2442.43,-2.4359,-11.62
2013-07-22,2458.26,0.6481,-11.05
2013-07-23,2529.34,2.8915,-8.47
2013-07-24,2511.92,-0.6887,-9.1
2013-07-25,2500.12,-0.4698,-9.53
2013-07-26,2485.15,-0.5988,-10.07
2013-07-29,2431.59,-2.1552,-12.01
2013-07-30,2446.58,0.6165,-11.47
2013-07-31,2451.31,0.1933,-11.3
2013-08-01,2509.82,2.3869,-9.18
2013-08-02,2512.03,0.0881,-9.1
2013-08-05,2546.98,1.3913,-7.84
2013-08-06,2564.29,0.6796,-7.21
2013-08-07,2549.74,-0.5674,-7.74
2013-08-08,2546.54,-0.1255,-7.85
2013-08-09,2557.11,0.4151,-7.47
2013-08-12,2631.81,2.9213,-4.77
2013-08-13,2638.86,0.2679,-4.51
2013-08-14,2627.69,-0.4233,-4.92
2013-08-15,2597.06,-1.1657,-6.02
2013-08-16,2577.84,-0.7401,-6.72
2013-08-19,2608.65,1.1952,-5.6
2013-08-20,2587.54,-0.8092,-6.37
2013-08-21,2583.42,-0.1592,-6.52
2013-08-22,2578.66,-0.1843,-6.69
2013-08-23,2559.63,-0.738,-7.38
2013-08-26,2614.12,2.1288,-5.41
2013-08-27,2620.01,0.2253,-5.19
2013-08-28,2605.7,-0.5462,-5.71
2013-08-29,2594.8,-0.4183,-6.11
2013-08-30,2589.87,-0.19,-6.28
2013-09-02,2597.07,0.278,-6.02
2013-09-03,2635.3,1.472,-4.64
2013-09-04,2631.05,-0.1613,-4.79
2013-09-05,2621.01,-0.3816,-5.16
2013-09-06,2638.97,0.6852,-4.51
2013-09-09,2731.68,3.5131,-1.15
2013-09-10,2772.36,1.4892,0.32
2013-09-11,2781.31,0.3228,0.64
2013-09-12,2809.39,1.0096,1.66
2013-09-13,2788.61,-0.7397,0.91
2013-09-16,2776.83,-0.4224,0.48
2013-09-17,2719.61,-2.0606,-1.59
2013-09-18,2725.42,0.2136,-1.38
2013-09-23,2769.99,1.6353,0.23
2013-09-24,2738.17,-1.1487,-0.92
2013-09-25,2721.53,-0.6077,-1.52
2013-09-26,2671.57,-1.8357,-3.33
2013-09-27,2683.37,0.4417,-2.9
2013-09-30,2699.12,0.5869,-2.33
2013-10-08,2735.87,1.3616,-1.0
2013-10-09,2749.06,0.4821,-0.52
2013-10-10,2721.9,-0.988,-1.51
2013-10-11,2765.81,1.6132,0.08
2013-10-14,2770.33,0.1634,0.25
2013-10-15,2764.7,-0.2032,0.04
2013-10-16,2713.0,-1.87,-1.83
2013-10-17,2703.99,-0.3321,-2.15
2013-10-18,2718.29,0.5288,-1.64
2013-10-21,2769.02,1.8662,0.2
2013-10-22,2740.52,-1.0292,-0.83
2013-10-23,2709.82,-1.1202,-1.94
2013-10-24,2689.67,-0.7436,-2.67
2013-10-25,2653.87,-1.331,-3.97
2013-10-28,2650.99,-0.1085,-4.07
2013-10-29,2657.83,0.258,-3.82
2013-10-30,2697.51,1.4929,-2.39
2013-10-31,2659.69,-1.402,-3.76
2013-11-01,2672.29,0.4737,-3.3
2013-11-04,2667.24,-0.189,-3.48
2013-11-05,2670.96,0.1395,-3.35
2013-11-06,2637.12,-1.267,-4.57
2013-11-07,2622.53,-0.5533,-5.1
2013-11-08,2586.0,-1.3929,-6.42
2013-11-11,2594.9,0.3442,-6.1
2013-11-12,2621.91,1.0409,-5.12
2013-11-13,2563.78,-2.2171,-7.23
2013-11-14,2582.14,0.7161,-6.56
2013-11-15,2633.94,2.0061,-4.69
2013-11-18,2721.53,3.3254,-1.52
2013-11-19,2702.77,-0.6893,-2.2
2013-11-20,2716.99,0.5261,-1.68
2013-11-21,2700.34,-0.6128,-2.29
2013-11-22,2686.86,-0.4992,-2.77
2013-11-25,2676.4,-0.3893,-3.15
2013-11-26,2675.04,-0.0508,-3.2
2013-11-27,2705.37,1.1338,-2.1
2013-11-28,2733.43,1.0372,-1.09
2013-11-29,2732.79,-0.0234,-1.11
2013-12-02,2710.2,-0.8266,-1.93
2013-12-03,2737.09,0.9922,-0.96
2013-12-04,2773.34,1.3244,0.35
2013-12-05,2765.56,-0.2805,0.07
2013-12-06,2747.74,-0.6444,-0.57
2013-12-09,2746.15,-0.0579,-0.63
2013-12-10,2748.9,0.1001,-0.53
2013-12-11,2703.45,-1.6534,-2.17
2013-12-12,2700.37,-0.1139,-2.29
2013-12-13,2696.59,-0.14,-2.42
2013-12-16,2653.21,-1.6087,-3.99
2013-12-17,2640.27,-0.4877,-4.46
2013-12-18,2641.22,0.036,-4.43
2013-12-19,2613.42,-1.0525,-5.43
2013-12-20,2552.6,-2.3272,-7.63
2013-12-23,2559.85,0.284,-7.37
2013-12-24,2563.93,0.1594,-7.22
2013-12-25,2582.83,0.7371,-6.54
2013-12-26,2538.26,-1.7256,-8.15
2013-12-27,2581.0,1.6838,-6.6
2013-12-30,2576.5,-0.1744,-6.77
2013-12-31,2610.75,1.3293,-5.53
2014-01-02,2601.73,-0.3455,-5.85
2014-01-03,2566.77,-1.3437,-7.12
2014-01-06,2508.35,-2.276,-9.23
2014-01-07,2507.63,-0.0287,-9.26
2014-01-08,2512.02,0.1751,-9.1
2014-01-09,2489.95,-0.8786,-9.9
2014-01-10,2470.49,-0.7815,-10.6
2014-01-13,2457.97,-0.5068,-11.06
2014-01-14,2479.45,0.8739,-10.28
2014-01-15,2475.07,-0.1767,-10.44
2014-01-16,2478.34,0.1321,-10.32
2014-01-17,2440.97,-1.5079,-11.67
2014-01-20,2426.97,-0.5735,-12.18
2014-01-21,2450.96,0.9885,-11.31
2014-01-22,2514.15,2.5782,-9.02
2014-01-23,2500.82,-0.5302,-9.51
2014-01-24,2516.27,0.6178,-8.95
2014-01-27,2482.92,-1.3254,-10.15
2014-01-28,2487.34,0.178,-9.99
2014-01-29,2496.22,0.357,-9.67
2014-01-30,2467.83,-1.1373,-10.7
2014-02-07,2479.07,0.4555,-10.29
2014-02-10,2540.76,2.4884,-8.06
2014-02-11,2560.96,0.795,-7.33
2014-02-12,2567.46,0.2538,-7.09
2014-02-13,2554.36,-0.5102,-7.57
2014-02-14,2572.31,0.7027,-6.92
2014-02-17,2590.32,0.7001,-6.27
2014-02-18,2557.6,-1.2632,-7.45
2014-02-19,2586.97,1.1483,-6.39
2014-02-20,2563.19,-0.9192,-7.25
2014-02-21,2537.26,-1.0116,-8.19
2014-02-24,2481.48,-2.1984,-10.21
2014-02-25,2418.05,-2.5561,-12.5
2014-02-26,2424.21,0.2548,-12.28
2014-02-27,2413.79,-0.4298,-12.66
2014-02-28,2441.65,1.1542,-11.65
2014-03-03,2454.43,0.5234,-11.18
2014-03-04,2447.59,-0.2787,-11.43
2014-03-05,2424.85,-0.9291,-12.26
2014-03-06,2435.67,0.4462,-11.86
2014-03-07,2429.76,-0.2426,-12.08
2014-03-10,2350.68,-3.2546,-14.94
2014-03-11,2362.87,0.5186,-14.5
2014-03-12,2369.0,0.2594,-14.28
2014-03-13,2398.36,1.2393,-13.21
2014-03-14,2378.75,-0.8176,-13.92
2014-03-17,2401.39,0.9518,-13.1
2014-03-18,2395.89,-0.229,-13.3
2014-03-19,2376.55,-0.8072,-14.0
2014-03-20,2338.56,-1.5985,-15.38
2014-03-21,2419.05,3.4419,-12.47
2014-03-24,2438.94,0.8222,-11.75
2014-03-25,2436.58,-0.0968,-11.83
2014-03-26,2432.77,-0.1564,-11.97
2014-03-27,2415.84,-0.6959,-12.58
2014-03-28,2411.64,-0.1739,-12.73
2014-03-31,2405.3,-0.2629,-12.96
2014-04-01,2424.14,0.7833,-12.28
2014-04-02,2443.88,0.8143,-11.57
2014-04-03,2426.26,-0.721,-12.2
2014-04-04,2449.19,0.9451,-11.37
2014-04-08,2507.3,2.3726,-9.27
2014-04-09,2508.76,0.0582,-9.22
2014-04-10,2548.14,1.5697,-7.79
2014-04-11,2544.69,-0.1354,-7.92
2014-04-14,2542.45,-0.088,-8.0
2014-04-15,2498.58,-1.7255,-9.59
2014-04-16,2502.16,0.1433,-9.46
2014-04-17,2493.51,-0.3457,-9.77
2014-04-18,2493.14,-0.0148,-9.78
2014-04-21,2451.41,-1.6738,-11.29
2014-04-22,2462.13,0.4373,-10.91
2014-04-23,2459.82,-0.0938,-10.99
2014-04-24,2455.72,-0.1667,-11.14
2014-04-25,2430.44,-1.0294,-12.05
2014-04-28,2393.63,-1.5145,-13.39
2014-04-29,2419.98,1.1008,-12.43
2014-04-30,2420.9,0.038,-12.4
2014-05-05,2418.45,-0.1012,-12.49
2014-05-06,2419.51,0.0438,-12.45
2014-05-07,2397.12,-0.9254,-13.26
2014-05-08,2397.56,0.0184,-13.24
2014-05-09,2395.78,-0.0742,-13.31
2014-05-12,2447.63,2.1642,-11.43
2014-05-13,2441.79,-0.2386,-11.64
2014-05-14,2439.58,-0.0905,-11.72
2014-05-15,2407.86,-1.3002,-12.87
2014-05-16,2410.37,0.1042,-12.78
2014-05-19,2376.03,-1.4247,-14.02
2014-05-20,2376.74,0.0299,-14.0
2014-05-21,2399.52,0.9585,-13.17
2014-05-22,2394.71,-0.2005,-13.35
2014-05-23,2415.25,0.8577,-12.6
2014-05-26,2424.18,0.3697,-12.28
2014-05-27,2414.67,-0.3923,-12.62
2014-05-28,2439.75,1.0387,-11.72
2014-05-29,2423.82,-0.6529,-12.29
2014-05-30,2425.42,0.066,-12.23
2014-06-03,2418.5,-0.2853,-12.49
2014-06-04,2394.15,-1.0068,-13.37
2014-06-05,2419.7,1.0672,-12.44
2014-06-06,2403.9,-0.653,-13.01
2014-06-09,2403.52,-0.0158,-13.03
2014-06-10,2433.91,1.2644,-11.93
2014-06-11,2433.34,-0.0234,-11.95
2014-06-12,2425.69,-0.3144,-12.22
2014-06-13,2452.25,1.0949,-11.26
2014-06-16,2470.65,0.7503,-10.6
2014-06-17,2447.65,-0.9309,-11.43
2014-06-18,2438.22,-0.3853,-11.77
2014-06-19,2400.96,-1.5282,-13.12
2014-06-20,2414.63,0.5694,-12.63
2014-06-23,2413.0,-0.0675,-12.68
2014-06-24,2428.91,0.6593,-12.11
2014-06-25,2418.37,-0.4339,-12.49
2014-06-26,2436.8,0.7621,-11.82
2014-06-27,2440.02,0.1321,-11.71
2014-06-30,2457.31,0.7086,-11.08
2014-07-01,2457.4,0.0037,-11.08
2014-07-02,2465.16,0.3158,-10.8
2014-07-03,2478.06,0.5233,-10.33
2014-07-04,2477.07,-0.04,-10.37
2014-07-07,2474.69,-0.0961,-10.45
2014-07-08,2479.45,0.1923,-10.28
2014-07-09,2444.37,-1.4148,-11.55
2014-07-10,2440.66,-0.1518,-11.68
2014-07-11,2454.79,0.5789,-11.17
2014-07-14,2483.43,1.1667,-10.14
2014-07-15,2487.38,0.1591,-9.99
2014-07-16,2483.52,-0.1552,-10.13
2014-07-17,2470.57,-0.5214,-10.6
2014-07-18,2482.89,0.4987,-10.16
2014-07-21,2485.36,0.0995,-10.07
2014-07-22,2515.91,1.2292,-8.96
2014-07-23,2521.92,0.2389,-8.74
2014-07-24,2567.15,1.7935,-7.11
2014-07-25,2594.92,1.0817,-6.1
2014-07-28,2668.09,2.8197,-3.45
2014-07-29,2677.18,0.3407,-3.12
2014-07-30,2668.48,-0.325,-3.44
2014-07-31,2701.33,1.231,-2.25
2014-08-01,2677.44,-0.8844,-3.12
2014-08-04,2730.56,1.984,-1.19
2014-08-05,2723.54,-0.2571,-1.45
2014-08-06,2716.73,-0.25,-1.69
2014-08-07,2675.62,-1.5132,-3.18
2014-08-08,2680.87,0.1962,-2.99
2014-08-11,2720.22,1.4678,-1.57
2014-08-12,2710.72,-0.3492,-1.91
2014-08-13,2712.96,0.0826,-1.83
2014-08-14,2686.55,-0.9735,-2.79
2014-08-15,2715.69,1.0847,-1.73
2014-08-18,2731.71,0.5899,-1.15
2014-08-19,2732.1,0.0143,-1.14
2014-08-20,2722.61,-0.3474,-1.48
2014-08-21,2708.97,-0.501,-1.97
2014-08-22,2721.79,0.4732,-1.51
2014-08-25,2695.9,-0.9512,-2.45
2014-08-26,2674.34,-0.7997,-3.23
2014-08-27,2678.45,0.1537,-3.08
2014-08-28,2659.67,-0.7012,-3.76
2014-08-29,2690.75,1.1686,-2.63
2014-09-01,2710.35,0.7284,-1.92
2014-09-02,2746.18,1.322,-0.63
2014-09-03,2771.93,0.9377,0.3
2014-09-04,2791.94,0.7219,1.03
2014-09-05,2818.45,0.9495,1.99
2014-09-09,2813.81,-0.1646,1.82
2014-09-10,2799.09,-0.5231,1.29
2014-09-11,2788.75,-0.3694,0.91
2014-09-12,2806.5,0.6365,1.55
2014-09-15,2805.16,-0.0477,1.51
2014-09-16,2749.42,-1.9871,-0.51
2014-09-17,2763.88,0.5259,0.01
2014-09-18,2772.33,0.3057,0.32
2014-09-19,2791.7,0.6987,1.02
2014-09-22,2738.42,-1.9085,-0.91
2014-09-23,2762.06,0.8633,-0.05
2014-09-24,2811.13,1.7766,1.72
2014-09-25,2805.49,-0.2006,1.52
2014-09-26,2805.76,0.0096,1.53
2014-09-29,2818.0,0.4362,1.97
2014-09-30,2821.67,0.1302,2.1
2014-10-08,2853.21,1.1178,3.25
2014-10-09,2857.32,0.144,3.39
2014-10-10,2839.9,-0.6097,2.76
2014-10-13,2826.26,-0.4803,2.27
2014-10-14,2816.61,-0.3414,1.92
2014-10-15,2836.54,0.7076,2.64
2014-10-16,2814.12,-0.7904,1.83
2014-10-17,2811.05,-0.1091,1.72
2014-10-20,2825.99,0.5315,2.26
2014-10-21,2801.45,-0.8684,1.37
2014-10-22,2784.47,-0.6061,0.76
2014-10-23,2758.33,-0.9388,-0.19
2014-10-24,2752.36,-0.2164,-0.4
2014-10-27,2727.18,-0.9149,-1.32
2014-10-28,2782.23,2.0186,0.68
2014-10-29,2822.22,1.4373,2.12
2014-10-30,2842.41,0.7154,2.85
2014-10-31,2887.77,1.5958,4.5
2014-11-03,2892.63,0.1683,4.67
2014-11-04,2893.35,0.0249,4.7
2014-11-05,2882.33,-0.3809,4.3
2014-11-06,2885.35,0.1048,4.41
2014-11-07,2880.84,-0.1563,4.24
2014-11-10,2954.04,2.5409,6.89
2014-11-11,2945.84,-0.2776,6.6
2014-11-12,2986.95,1.3955,8.08
2014-11-13,2970.22,-0.5601,7.48
2014-11-14,2971.76,0.0518,7.53
2014-11-17,2955.66,-0.5418,6.95
2014-11-18,2926.08,-1.0008,5.88
2014-11-19,2921.25,-0.1651,5.71
2014-11-20,2921.11,-0.0048,5.7
2014-11-21,2974.48,1.827,7.63
2014-11-24,3050.25,2.5473,10.38
2014-11-25,3092.04,1.3701,11.89
2014-11-26,3135.17,1.3949,13.45
2014-11-27,3171.41,1.1559,14.76
2014-11-28,3233.96,1.9723,17.02
2014-12-01,3246.62,0.3915,17.48
2014-12-02,3366.5,3.6925,21.82
2014-12-03,3416.71,1.4915,23.64
2014-12-04,3574.22,4.61,29.34
2014-12-05,3597.86,0.6614,30.19
2014-12-08,3745.23,4.096,35.52
2014-12-09,3577.17,-4.4873,29.44
2014-12-10,3709.16,3.6898,34.22
2014-12-11,3664.79,-1.1962,32.61
2014-12-12,3676.55,0.3209,33.04
2014-12-15,3704.35,0.7561,34.04
2014-12-16,3803.57,2.6785,37.63
2014-12-17,3869.43,1.7315,40.02
2014-12-18,3852.54,-0.4365,39.41
2014-12-19,3895.41,1.1128,40.96
2014-12-22,3908.44,0.3345,41.43
2014-12-23,3828.35,-2.0492,38.53
2014-12-24,3719.5,-2.8433,34.59
2014-12-25,3840.44,3.2515,38.97
2014-12-26,3967.65,3.3124,43.57
2014-12-29,3978.72,0.279,43.97
2014-12-30,3981.14,0.0608,44.06
2014-12-31,4068.82,2.2024,47.23
2015-01-05,4192.99,3.0517,51.73
2015-01-06,4192.43,-0.0134,51.71
2015-01-07,4195.58,0.0751,51.82
2015-01-08,4098.25,-2.3198,48.3
2015-01-09,4084.72,-0.3301,47.81
2015-01-12,4046.55,-0.9345,46.43
2015-01-13,4047.08,0.0131,46.45
2015-01-14,4033.7,-0.3306,45.96
2015-01-15,4150.82,2.9035,50.2
2015-01-16,4186.56,0.861,51.49
2015-01-19,3864.09,-7.7025,39.82
2015-01-20,3911.39,1.2241,41.54
2015-01-21,4087.21,4.4951,47.9
2015-01-22,4108.78,0.5277,48.68
2015-01-23,4113.52,0.1154,48.85
2015-01-26,4155.28,1.0152,50.36
2015-01-27,4117.21,-0.9162,48.98
2015-01-28,4060.07,-1.3878,46.92
2015-01-29,4009.95,-1.2345,45.1
2015-01-30,3955.35,-1.3616,43.13
2015-02-02,3862.72,-2.3419,39.77
2015-02-03,3958.87,2.4892,43.25
2015-02-04,3917.78,-1.0379,41.77
2015-02-05,3877.67,-1.0238,40.32
2015-02-06,3814.88,-1.6193,38.04
2015-02-09,3853.46,1.0113,39.44
2015-02-10,3923.74,1.8238,41.98
2015-02-11,3955.04,0.7977,43.12
2015-02-12,3965.12,0.2549,43.48
2015-02-13,3996.16,0.7828,44.6
2015-02-16,4030.32,0.8548,45.84
2015-02-17,4056.62,0.6526,46.79
2015-02-25,4006.41,-1.2377,44.97
2015-02-26,4107.26,2.5172,48.62
2015-02-27,4114.8,0.1836,48.9
2015-03-02,4147.54,0.7957,50.08
2015-03-03,4040.01,-2.5926,46.19
2015-03-04,4066.41,0.6535,47.15
2015-03-05,4026.7,-0.9765,45.71
2015-03-06,4006.17,-0.5098,44.97
2015-03-09,4074.39,1.7029,47.43
2015-03-10,4054.65,-0.4845,46.72
2015-03-11,4059.3,0.1147,46.89
2015-03-12,4137.84,1.9348,49.73
2015-03-13,4166.41,0.6905,50.76
2015-03-16,4267.78,2.433,54.43
2015-03-17,4327.04,1.3885,56.58
2015-03-18,4429.46,2.367,60.28
2015-03-19,4422.18,-0.1644,60.02
2015-03-20,4483.03,1.376,62.22
2015-03-23,4574.58,2.0421,65.53
2015-03-24,4575.71,0.0247,65.57
2015-03-25,4538.13,-0.8213,64.21
2015-03-26,4549.17,0.2433,64.61
2015-03-27,4574.16,0.5493,65.52
2015-03-30,4708.31,2.9328,70.37
2015-03-31,4665.73,-0.9044,68.83
2015-04-01,4749.44,1.7941,71.86
2015-04-02,4750.46,0.0215,71.9
2015-04-03,4803.16,1.1094,73.81
2015-04-07,4906.24,2.1461,77.54
2015-04-08,4947.43,0.8395,79.03
2015-04-09,4909.06,-0.7756,77.64
2015-04-10,5003.83,1.9305,81.07
2015-04-13,5092.59,1.7738,84.28
2015-04-14,5112.61,0.3931,85.0
2015-04-15,5046.73,-1.2886,82.62
2015-04-16,5200.04,3.0378,88.17
2015-04-17,5295.19,1.8298,91.61
2015-04-20,5209.69,-1.6147,88.52
2015-04-21,5321.72,2.1504,92.57
2015-04-22,5460.85,2.6144,97.6
2015-04-23,5462.12,0.0233,97.65
2015-04-24,5418.12,-0.8055,96.06
2015-04-27,5539.03,2.2316,100.43
2015-04-28,5463.3,-1.3672,97.69
2015-04-29,5500.89,0.688,99.05
2015-04-30,5474.64,-0.4772,98.1
2015-05-04,5518.49,0.801,99.69
2015-05-05,5298.45,-3.9873,91.73
2015-05-06,5248.3,-0.9465,89.91
2015-05-07,5152.35,-1.8282,86.44
2015-05-08,5254.69,1.9863,90.14
2015-05-11,5407.13,2.901,95.66
2015-05-12,5472.99,1.218,98.04
2015-05-13,5439.79,-0.6066,96.84
2015-05-14,5419.85,-0.3666,96.12
2015-05-15,5324.13,-1.7661,92.66
2015-05-18,5275.59,-0.9117,90.9
2015-05-19,5455.72,3.4144,97.42
2015-05-20,5483.97,0.5178,98.44
2015-05-21,5583.63,1.8173,102.05
2015-05-22,5711.57,2.2913,106.68
2015-05-25,5882.48,2.9923,112.86
2015-05-26,5997.45,1.9544,117.02
2015-05-27,5980.52,-0.2823,116.41
2015-05-28,5580.91,-6.6819,101.95
2015-05-29,5588.83,0.1419,102.24
2015-06-01,5860.76,4.8656,112.08
2015-06-02,5959.84,1.6906,115.66
2015-06-03,5942.72,-0.2873,115.04
2015-06-04,5986.63,0.7389,116.63
2015-06-05,6043.57,0.9511,118.69
2015-06-08,6186.02,2.3571,123.84
2015-06-09,6144.36,-0.6735,122.34
2015-06-10,6135.84,-0.1387,122.03
2015-06-11,6133.88,-0.0319,121.96
2015-06-12,6167.41,0.5466,123.17
2015-06-15,6036.45,-2.1234,118.43
2015-06-16,5857.22,-2.9691,111.95
2015-06-17,5943.06,1.4655,115.05
2015-06-18,5702.82,-4.0424,106.36
2015-06-19,5366.76,-5.8929,94.2
2015-06-23,5543.55,3.2942,100.6
2015-06-24,5652.77,1.9702,104.55
2015-06-25,5452.22,-3.5478,97.29
2015-06-26,5024.71,-7.841,81.82
2015-06-29,4857.12,-3.3353,75.76
2015-06-30,5184.41,6.7384,87.6
2015-07-01,4930.67,-4.8943,78.42
2015-07-02,4762.62,-3.4083,72.34
2015-07-03,4515.41,-5.1906,63.39
2015-07-06,4647.27,2.9202,68.16
2015-07-07,4569.62,-1.6709,65.35
2015-07-08,4262.95,-6.7111,54.26
2015-07-09,4536.57,6.4186,64.16
2015-07-10,4782.21,5.4147,73.05
2015-07-13,4905.52,2.5785,77.51
2015-07-14,4789.55,-2.3641,73.31
2015-07-15,4620.79,-3.5235,67.21
2015-07-16,4657.04,0.7845,68.52
2015-07-17,4839.82,3.9248,75.13
2015-07-20,4850.45,0.2196,75.52
2015-07-21,4859.13,0.179,75.83
2015-07-22,4851.05,-0.1663,75.54
2015-07-23,4961.0,2.2665,79.52
2015-07-24,4874.25,-1.7486,76.38
2015-07-27,4458.19,-8.5359,61.32
2015-07-28,4449.4,-0.1972,61.0
2015-07-29,4588.66,3.1299,66.04
2015-07-30,4454.52,-2.9233,61.19
2015-07-31,4456.1,0.0355,61.25
2015-08-03,4470.73,0.3283,61.78
2015-08-04,4609.58,3.1058,66.8
2015-08-05,4514.71,-2.0581,63.37
2015-08-06,4473.86,-0.9048,61.89
2015-08-07,4561.97,1.9694,65.08
2015-08-10,4769.21,4.5428,72.58
2015-08-11,4748.55,-0.4332,71.83
2015-08-12,4689.67,-1.24,69.7
2015-08-13,4758.96,1.4775,72.21
2015-08-14,4757.71,-0.0263,72.16
2015-08-17,4762.77,0.1064,72.34
2015-08-18,4468.06,-6.1878,61.68
2015-08-19,4538.98,1.5873,64.25
2015-08-20,4393.66,-3.2016,58.99
2015-08-21,4193.27,-4.5609,51.74
2015-08-24,3826.46,-8.7476,38.46
2015-08-25,3554.77,-7.1003,28.63
2015-08-26,3534.64,-0.5663,27.9
2015-08-27,3744.85,5.9471,35.51
2015-08-28,3904.49,4.2629,41.29
2015-08-31,3932.81,0.7253,42.31
2015-09-01,3927.61,-0.1322,42.12
2015-09-02,3931.99,0.1115,42.28
2015-09-07,3797.24,-3.427,37.41
2015-09-08,3894.83,2.57,40.94
2015-09-09,3971.99,1.9811,43.73
2015-09-10,3923.21,-1.2281,41.96
2015-09-11,3911.09,-0.3089,41.53
2015-09-14,3833.91,-1.9734,38.73
2015-09-15,3683.29,-3.9286,33.28
2015-09-16,3866.91,4.9852,39.93
2015-09-17,3782.48,-2.1834,36.87
2015-09-18,3799.29,0.4444,37.48
2015-09-21,3865.87,1.7524,39.89
2015-09-22,3901.84,0.9305,41.19
2015-09-23,3813.89,-2.2541,38.01
2015-09-24,3839.62,0.6746,38.94
2015-09-25,3777.62,-1.6147,36.7
2015-09-28,3790.25,0.3343,37.15
2015-09-29,3715.63,-1.9687,34.45
2015-09-30,3743.8,0.7581,35.47
2015-10-08,3853.12,2.92,39.43
2015-10-09,3904.13,1.3239,41.27
2015-10-12,4030.41,3.2345,45.84
2015-10-13,4027.35,-0.0759,45.73
2015-10-14,3981.84,-1.13,44.09
2015-10-15,4076.19,2.3695,47.5
2015-10-16,4131.42,1.3549,49.5
2015-10-19,4131.56,0.0034,49.5
2015-10-20,4182.55,1.2342,51.35
2015-10-21,4060.44,-2.9195,46.93
2015-10-22,4120.39,1.4764,49.1
2015-10-23,4174.99,1.3251,51.07
2015-10-26,4196.06,0.5047,51.84
2015-10-27,4200.29,0.1008,51.99
2015-10-28,4120.84,-1.8915,49.12
2015-10-29,4130.65,0.2381,49.47
2015-10-30,4131.55,0.0218,49.5
2015-11-02,4063.61,-1.6444,47.04
2015-11-03,4051.37,-0.3012,46.6
2015-11-04,4242.08,4.7073,53.5
2015-11-05,4332.6,2.1339,56.78
2015-11-06,4434.78,2.3584,60.48
2015-11-09,4489.71,1.2386,62.46
2015-11-10,4481.39,-0.1853,62.16
2015-11-11,4481.86,0.0105,62.18
2015-11-12,4437.06,-0.9996,60.56
2015-11-13,4379.68,-1.2932,58.48
2015-11-16,4400.59,0.4774,59.24
2015-11-17,4393.88,-0.1525,59.0
2015-11-18,4343.86,-1.1384,57.19
2015-11-19,4413.3,1.5986,59.7
2015-11-20,4412.61,-0.0156,59.67
2015-11-23,4388.0,-0.5577,58.78
2015-11-24,4388.65,0.0148,58.81
2015-11-25,4421.06,0.7385,59.98
2015-11-26,4395.13,-0.5865,59.04
2015-11-27,4158.46,-5.3848,50.48
2015-11-30,4169.47,0.2648,50.87
2015-12-01,4199.03,0.709,51.94
2015-12-02,4351.32,3.6268,57.46
2015-12-03,4383.28,0.7345,58.61
2015-12-04,4299.45,-1.9125,55.58
2015-12-07,4311.16,0.2724,56.0
2015-12-08,4235.65,-1.7515,53.27
2015-12-09,4250.75,0.3565,53.82
2015-12-10,4235.73,-0.3533,53.27
2015-12-11,4218.16,-0.4148,52.64
2015-12-14,4338.89,2.8621,57.01
2015-12-15,4319.09,-0.4563,56.29
2015-12-16,4309.15,-0.2301,55.93
2015-12-17,4391.52,1.9115,58.91
2015-12-18,4405.58,0.3202,59.42
2015-12-21,4520.22,2.6022,63.57
2015-12-22,4532.81,0.2785,64.02
2015-12-23,4520.71,-0.2669,63.58
2015-12-24,4477.47,-0.9565,62.02
2015-12-25,4487.76,0.2298,62.39
2015-12-28,4358.5,-2.8803,57.71
2015-12-29,4398.54,0.9187,59.16
2015-12-30,4402.4,0.0878,59.3
2015-12-31,4362.44,-0.9077,57.86
2016-01-04,4056.17,-7.0206,46.77
2016-01-05,4067.53,0.2801,47.19
2016-01-06,4138.89,1.7544,49.77
2016-01-07,3851.93,-6.9333,39.38
2016-01-08,3930.48,2.0392,42.23
2016-01-11,3732.74,-5.0309,35.07
2016-01-12,3759.94,0.7287,36.06
2016-01-13,3689.98,-1.8607,33.52
2016-01-14,3766.88,2.084,36.31
2016-01-15,3646.63,-3.1923,31.96
2016-01-18,3660.66,0.3847,32.46
2016-01-19,3768.7,2.9514,36.37
2016-01-20,3711.7,-1.5125,34.31
2016-01-21,3602.92,-2.9307,30.37
2016-01-22,3640.47,1.0422,31.73
2016-01-25,3658.51,0.4955,32.39
2016-01-26,3438.24,-6.0208,24.41
2016-01-27,3426.37,-0.3452,23.99
2016-01-28,3336.81,-2.6138,20.74
2016-01-29,3444.77,3.2354,24.65
2016-02-01,3392.1,-1.529,22.75
2016-02-02,3462.59,2.0781,25.3
2016-02-03,3447.75,-0.4286,24.76
2016-02-04,3489.98,1.2249,26.29
2016-02-05,3465.46,-0.7026,25.4
2016-02-15,3445.49,-0.5763,24.68
2016-02-16,3551.11,3.0655,28.5
2016-02-17,3581.84,0.8654,29.61
2016-02-18,3570.59,-0.3141,29.2
2016-02-19,3568.12,-0.0692,29.11
2016-02-22,3646.79,2.2048,31.96
2016-02-23,3612.29,-0.946,30.71
2016-02-24,3635.89,0.6533,31.57
2016-02-25,3412.8,-6.1358,23.49
2016-02-26,3447.96,1.0302,24.77
2016-02-29,3365.43,-2.3936,21.78
2016-03-01,3427.69,1.85,24.03
2016-03-02,3568.78,4.1162,29.14
2016-03-03,3577.08,0.2326,29.44
2016-03-04,3618.56,1.1596,30.94
2016-03-07,3631.36,0.3537,31.4
2016-03-08,3634.68,0.0914,31.52
2016-03-09,3592.85,-1.1509,30.01
2016-03-10,3524.12,-1.913,27.52
2016-03-11,3530.13,0.1705,27.74
2016-03-14,3585.58,1.5708,29.75
2016-03-15,3596.21,0.2965,30.13
2016-03-16,3614.05,0.4961,30.78
2016-03-17,3654.01,1.1057,32.22
2016-03-18,3709.87,1.5287,34.24
2016-03-21,3800.48,2.4424,37.52
2016-03-22,3772.83,-0.7275,36.52
2016-03-23,3784.88,0.3194,36.96
2016-03-24,3721.44,-1.6761,34.66
2016-03-25,3740.11,0.5017,35.34
2016-03-28,3707.26,-0.8783,34.15
2016-03-29,3667.12,-1.0827,32.7
2016-03-30,3761.7,2.5791,36.12
2016-03-31,3763.82,0.0564,36.2
2016-04-01,3768.35,0.1204,36.36
2016-04-05,3818.16,1.3218,38.16
2016-04-06,3810.02,-0.2132,37.87
2016-04-07,3753.62,-1.4803,35.83
2016-04-08,3726.06,-0.7342,34.83
2016-04-11,3777.96,1.3929,36.71
2016-04-12,3764.52,-0.3557,36.22
2016-04-13,3814.74,1.334,38.04
2016-04-14,3831.64,0.443,38.65
2016-04-15,3827.5,-0.108,38.5
2016-04-18,3776.37,-1.3359,36.65
2016-04-19,3787.93,0.3061,37.07
2016-04-20,3720.93,-1.7688,34.64
2016-04-21,3697.04,-0.642,33.78
2016-04-22,3714.03,0.4596,34.39
2016-04-25,3699.01,-0.4044,33.85
2016-04-26,3719.11,0.5434,34.58
2016-04-27,3703.97,-0.4071,34.03
2016-04-28,3698.28,-0.1536,33.82
2016-04-29,3694.46,-0.1033,33.69
2016-05-03,3761.07,1.803,36.1
2016-05-04,3756.43,-0.1234,35.93
2016-05-05,3761.64,0.1387,36.12
2016-05-06,3666.22,-2.5367,32.66
2016-05-09,3590.4,-2.0681,29.92
2016-05-10,3594.5,0.1142,30.07
2016-05-11,3610.6,0.4479,30.65
2016-05-12,3619.21,0.2385,30.96
2016-05-13,3601.41,-0.4918,30.32
2016-05-16,3625.42,0.6667,31.19
2016-05-17,3615.72,-0.2676,30.84
2016-05-18,3595.43,-0.5612,30.1
2016-05-19,3589.21,-0.173,29.88
2016-05-20,3607.65,0.5138,30.54
2016-05-23,3619.16,0.319,30.96
2016-05-24,3591.49,-0.7645,29.96
2016-05-25,3586.7,-0.1334,29.79
2016-05-26,3592.55,0.1631,30.0
2016-05-27,3590.55,-0.0557,29.93
2016-05-30,3595.66,0.1423,30.11
2016-05-31,3717.2,3.3802,34.51
2016-06-01,3706.66,-0.2835,34.13
2016-06-02,3714.46,0.2104,34.41
2016-06-03,3740.9,0.7118,35.37
2016-06-06,3732.14,-0.2342,35.05
2016-06-07,3730.55,-0.0426,34.99
2016-06-08,3717.44,-0.3514,34.52
2016-06-13,3602.83,-3.083,30.37
2016-06-14,3614.29,0.3181,30.79
2016-06-15,3662.01,1.3203,32.51
2016-06-16,3638.97,-0.6292,31.68
2016-06-17,3659.22,0.5565,32.41
2016-06-20,3662.34,0.0853,32.52
2016-06-21,3654.86,-0.2042,32.25
2016-06-22,3688.0,0.9067,33.45
2016-06-23,3671.44,-0.449,32.85
2016-06-24,3629.04,-1.1549,31.32
2016-06-27,3680.51,1.4183,33.18
2016-06-28,3700.45,0.5418,33.9
2016-06-29,3718.29,0.4821,34.55
2016-06-30,3722.89,0.1237,34.72
2016-07-01,3724.72,0.0492,34.78
2016-07-04,3784.63,1.6084,36.95
2016-07-05,3789.89,0.139,37.14
2016-07-06,3802.36,0.329,37.59
2016-07-07,3801.65,-0.0187,37.56
2016-07-08,3787.05,-0.384,37.04
2016-07-11,3801.35,0.3776,37.55
2016-07-12,3884.74,2.1937,40.57
2016-07-13,3904.27,0.5027,41.28
2016-07-14,3897.19,-0.1813,41.02
2016-07-15,3899.08,0.0485,41.09
2016-07-18,3882.27,-0.4311,40.48
2016-07-19,3867.63,-0.3771,39.95
2016-07-20,3855.23,-0.3206,39.5
2016-07-21,3873.09,0.4633,40.15
2016-07-22,3841.05,-0.8272,38.99
2016-07-25,3848.99,0.2067,39.28
2016-07-26,3895.39,1.2055,40.96
2016-07-27,3834.76,-1.5565,38.76
2016-07-28,3838.23,0.0905,38.89
2016-07-29,3820.43,-0.4638,38.24
2016-08-01,3788.09,-0.8465,37.07
2016-08-02,3802.69,0.3854,37.6
2016-08-03,3808.0,0.1396,37.79
2016-08-04,3817.28,0.2437,38.13
2016-08-05,3823.19,0.1548,38.34
2016-08-08,3857.86,0.9068,39.6
2016-08-09,3885.06,0.7051,40.58
2016-08-10,3868.96,-0.4144,40.0
2016-08-11,3858.45,-0.2716,39.62
2016-08-12,3932.07,1.908,42.28
2016-08-15,4050.47,3.0111,46.57
2016-08-16,4032.35,-0.4474,45.91
2016-08-17,4026.14,-0.154,45.69
2016-08-18,4016.11,-0.2491,45.33
2016-08-19,4018.57,0.0613,45.41
2016-08-22,3984.87,-0.8386,44.19
2016-08-23,3991.12,0.1568,44.42
2016-08-24,3977.88,-0.3317,43.94
2016-08-25,3952.93,-0.6272,43.04
2016-08-26,3950.97,-0.0496,42.97
2016-08-29,3951.8,0.021,43.0
2016-08-30,3956.82,0.127,43.18
2016-08-31,3975.84,0.4807,43.87
2016-09-01,3944.51,-0.788,42.73
2016-09-02,3959.49,0.3798,43.28
2016-09-05,3967.1,0.1922,43.55
2016-09-06,3994.52,0.6912,44.54
2016-09-07,3992.36,-0.0541,44.47
2016-09-08,3990.86,-0.0376,44.41
2016-09-09,3965.15,-0.6442,43.48
2016-09-12,3898.89,-1.6711,41.08
2016-09-13,3896.18,-0.0695,40.99
2016-09-14,3870.36,-0.6627,40.05
2016-09-19,3899.52,0.7534,41.11
2016-09-20,3892.68,-0.1754,40.86
2016-09-21,3904.21,0.2962,41.28
2016-09-22,3933.47,0.7494,42.33
2016-09-23,3915.0,-0.4696,41.67
2016-09-26,3850.33,-1.6519,39.33
2016-09-27,3874.8,0.6355,40.21
2016-09-28,3863.01,-0.3043,39.79
2016-09-29,3879.34,0.4227,40.38
2016-09-30,3890.09,0.2771,40.77
2016-10-10,3938.62,1.2475,42.52
2016-10-11,3953.79,0.3852,43.07
2016-10-12,3945.96,-0.198,42.79
2016-10-13,3949.11,0.0798,42.9
2016-10-14,3952.94,0.097,43.04
2016-10-17,3919.5,-0.846,41.83
2016-10-18,3971.46,1.3257,43.71
2016-10-19,3965.37,-0.1533,43.49
2016-10-20,3968.3,0.0739,43.6
2016-10-21,3979.23,0.2754,43.99
2016-10-24,4026.86,1.197,45.71
2016-10-25,4026.73,-0.0032,45.71
2016-10-26,4011.6,-0.3757,45.16
2016-10-27,4000.71,-0.2715,44.77
2016-10-28,3994.05,-0.1665,44.53
2016-10-31,3989.45,-0.1152,44.36
2016-11-01,4016.68,0.6826,45.35
2016-11-02,3985.95,-0.7651,44.23
2016-11-03,4023.97,0.9539,45.61
2016-11-04,4010.92,-0.3243,45.14
2016-11-07,4013.81,0.0721,45.24
2016-11-08,4031.28,0.4352,45.87
2016-11-09,4009.68,-0.5358,45.09
2016-11-10,4054.59,1.12,46.72
2016-11-11,4086.41,0.7848,47.87
2016-11-14,4101.99,0.3813,48.43
2016-11-15,4101.54,-0.011,48.42
2016-11-16,4101.21,-0.008,48.4
2016-11-17,4109.51,0.2024,48.71
2016-11-18,4086.7,-0.5551,47.88
2016-11-21,4114.98,0.692,48.9
2016-11-22,4147.57,0.792,50.08
2016-11-23,4155.18,0.1835,50.36
2016-11-24,4171.94,0.4034,50.96
2016-11-25,4210.87,0.9331,52.37
2016-11-28,4227.43,0.3933,52.97
2016-11-29,4262.06,0.8192,54.23
2016-11-30,4230.92,-0.7306,53.1
2016-12-01,4263.25,0.7641,54.27
2016-12-02,4220.1,-1.0121,52.71
2016-12-05,4148.89,-1.6874,50.13
2016-12-06,4136.63,-0.2955,49.69
2016-12-07,4156.56,0.4818,50.41
2016-12-08,4149.86,-0.1612,50.17
2016-12-09,4178.03,0.6788,51.18
2016-12-12,4076.96,-2.4191,47.53
2016-12-13,4072.09,-0.1195,47.35
2016-12-14,4040.89,-0.7662,46.22
2016-12-15,3994.83,-1.1398,44.56
2016-12-16,4001.52,0.1675,44.8
2016-12-19,3981.14,-0.5093,44.06
2016-12-20,3957.31,-0.5986,43.2
2016-12-21,3992.56,0.8908,44.47
2016-12-22,3989.14,-0.0857,44.35
2016-12-23,3955.56,-0.8418,43.13
2016-12-26,3973.26,0.4475,43.77
2016-12-27,3966.07,-0.181,43.51
2016-12-28,3948.73,-0.4372,42.89
2016-12-29,3943.8,-0.1249,42.71
2016-12-30,3958.53,0.3735,43.24
2017-01-03,3996.97,0.9711,44.63
2017-01-04,4028.17,0.7806,45.76
2017-01-05,4027.54,-0.0156,45.74
2017-01-06,4003.48,-0.5974,44.87
2017-01-09,4022.89,0.4848,45.57
2017-01-10,4016.16,-0.1673,45.33
2017-01-11,3987.73,-0.7079,44.3
2017-01-12,3967.55,-0.5061,43.57
2017-01-13,3970.29,0.0691,43.67
2017-01-16,3969.73,-0.0141,43.65
2017-01-17,3977.99,0.2081,43.95
2017-01-18,3993.55,0.3912,44.51
2017-01-19,3981.5,-0.3017,44.07
2017-01-20,4012.12,0.7691,45.18
2017-01-23,4023.11,0.2739,45.58
2017-01-24,4023.55,0.0109,45.59
2017-01-25,4037.25,0.3405,46.09
2017-01-26,4051.67,0.3572,46.61
2017-02-03,4023.6,-0.6928,45.6
2017-02-06,4034.02,0.259,45.97
2017-02-07,4025.03,-0.2229,45.65
2017-02-08,4046.08,0.523,46.41
2017-02-09,4061.63,0.3843,46.97
2017-02-10,4082.19,0.5062,47.72
2017-02-13,4109.45,0.6678,48.7
2017-02-14,4108.88,-0.0139,48.68
2017-02-15,4092.03,-0.4101,48.07
2017-02-16,4115.02,0.5618,48.9
2017-02-17,4091.71,-0.5665,48.06
2017-02-20,4151.44,1.4598,50.22
2017-02-21,4165.11,0.3293,50.72
2017-02-22,4173.41,0.1993,51.02
2017-02-23,4153.75,-0.4711,50.31
2017-02-24,4154.38,0.0152,50.33
2017-02-27,4121.34,-0.7953,49.13
2017-02-28,4129.22,0.1912,49.42
2017-03-01,4135.95,0.163,49.66
2017-03-02,4108.04,-0.6748,48.65
2017-03-03,4099.39,-0.2106,48.34
2017-03-06,4121.87,0.5484,49.15
2017-03-07,4130.8,0.2166,49.48
2017-03-08,4124.56,-0.1511,49.25
2017-03-09,4098.5,-0.6318,48.31
2017-03-10,4099.63,0.0276,48.35
2017-03-13,4135.76,0.8813,49.65
2017-03-14,4134.08,-0.0406,49.59
2017-03-15,4142.47,0.2029,49.9
2017-03-16,4163.84,0.5159,50.67
2017-03-17,4121.14,-1.0255,49.13
2017-03-20,4125.69,0.1104,49.29
2017-03-21,4145.71,0.4853,50.02
2017-03-22,4126.22,-0.4701,49.31
2017-03-23,4140.48,0.3456,49.83
2017-03-24,4173.52,0.798,51.02
2017-03-27,4159.69,-0.3314,50.52
2017-03-28,4149.85,-0.2366,50.16
2017-03-29,4145.09,-0.1147,49.99
2017-03-30,4111.08,-0.8205,48.76
2017-03-31,4134.15,0.5612,49.6
2017-04-05,4191.38,1.3843,51.67
2017-04-06,4203.53,0.2899,52.11
2017-04-07,4207.7,0.0992,52.26
2017-04-10,4193.07,-0.3477,51.73
2017-04-11,4207.89,0.3534,52.27
2017-04-12,4198.45,-0.2243,51.92
2017-04-13,4204.59,0.1462,52.15
2017-04-14,4171.02,-0.7984,50.93
2017-04-17,4163.16,-0.1884,50.65
2017-04-18,4142.64,-0.4929,49.9
2017-04-19,4122.52,-0.4857,49.18
2017-04-20,4141.27,0.4548,49.85
2017-04-21,4147.58,0.1524,50.08
2017-04-24,4105.1,-1.0242,48.55
2017-04-25,4116.77,0.2843,48.97
2017-04-26,4121.85,0.1234,49.15
2017-04-27,4123.69,0.0446,49.22
2017-04-28,4115.46,-0.1996,48.92
2017-05-02,4099.7,-0.3829,48.35
2017-05-03,4083.66,-0.3912,47.77
2017-05-04,4073.2,-0.2561,47.39
2017-05-05,4047.09,-0.641,46.45
2017-05-08,4018.69,-0.7017,45.42
2017-05-09,4012.73,-0.1483,45.2
2017-05-10,3997.17,-0.3878,44.64
2017-05-11,4020.44,0.5822,45.48
2017-05-12,4055.89,0.8817,46.76
2017-05-15,4072.89,0.4191,47.38
2017-05-16,4108.66,0.8782,48.67
2017-05-17,4086.32,-0.5437,47.87
2017-05-18,4072.63,-0.335,47.37
2017-05-19,4079.64,0.1721,47.62
2017-05-22,4088.83,0.2253,47.96
2017-05-23,4104.51,0.3835,48.52
2017-05-24,4104.66,0.0037,48.53
2017-05-25,4179.54,1.8243,51.24
2017-05-26,4173.69,-0.14,51.03
2017-05-31,4188.8,0.362,51.57
2017-06-01,4194.87,0.1449,51.79
2017-06-02,4181.48,-0.3192,51.31
2017-06-05,4161.4,-0.4802,50.58
2017-06-06,4190.59,0.7014,51.64
2017-06-07,4240.59,1.1931,53.45
2017-06-08,4273.57,0.7777,54.64
2017-06-09,4293.56,0.4678,55.37
2017-06-12,4291.6,-0.0456,55.29
2017-06-13,4301.59,0.2328,55.66
2017-06-14,4253.38,-1.1207,53.91
2017-06-15,4246.17,-0.1695,53.65
2017-06-16,4239.54,-0.1561,53.41
2017-06-19,4282.16,1.0053,54.95
2017-06-20,4273.55,-0.2011,54.64
2017-06-21,4324.15,1.184,56.47
2017-06-22,4327.8,0.0844,56.6
2017-06-23,4367.1,0.9081,58.03
2017-06-26,4421.88,1.2544,60.01
2017-06-27,4429.88,0.1809,60.3
2017-06-28,4395.54,-0.7752,59.06
2017-06-29,4424.56,0.6602,60.11
2017-06-30,4423.11,-0.0328,60.05
2017-07-03,4403.88,-0.4348,59.36
2017-07-04,4367.27,-0.8313,58.03
2017-07-05,4420.04,1.2083,59.94
2017-07-06,4422.78,0.062,60.04
2017-07-07,4422.48,-0.0068,60.03
2017-07-10,4422.94,0.0104,60.05
2017-07-11,4448.79,0.5845,60.98
2017-07-12,4435.96,-0.2884,60.52
2017-07-13,4473.59,0.8483,61.88
2017-07-14,4498.0,0.5456,62.76
2017-07-17,4450.13,-1.0643,61.03
2017-07-18,4456.08,0.1337,61.25
2017-07-19,4533.4,1.7352,64.04
2017-07-20,4555.75,0.493,64.85
2017-07-21,4533.55,-0.4873,64.05
2017-07-24,4552.0,0.407,64.72
2017-07-25,4523.22,-0.6322,63.68
2017-07-26,4506.23,-0.3756,63.06
2017-07-27,4515.49,0.2055,63.4
2017-07-28,4527.32,0.262,63.82
2017-07-31,4546.76,0.4294,64.53
2017-08-01,4586.64,0.8771,65.97
2017-08-02,4576.49,-0.2213,65.6
2017-08-03,4536.36,-0.8769,64.15
2017-08-04,4512.32,-0.5299,63.28
2017-08-07,4535.7,0.5181,64.13
2017-08-08,4543.45,0.1709,64.41
2017-08-09,4542.21,-0.0273,64.36
2017-08-10,4524.06,-0.3996,63.71
2017-08-11,4441.44,-1.8262,60.72
2017-08-14,4499.2,1.3005,62.81
2017-08-15,4513.05,0.3078,63.31
2017-08-16,4507.48,-0.1234,63.11
2017-08-17,4531.66,0.5364,63.98
2017-08-18,4537.26,0.1236,64.18
2017-08-21,4557.14,0.4381,64.9
2017-08-22,4570.91,0.3022,65.4
2017-08-23,4575.53,0.1011,65.57
2017-08-24,4549.75,-0.5634,64.64
2017-08-25,4624.85,1.6506,67.35
2017-08-28,4682.06,1.237,69.42
2017-08-29,4674.41,-0.1634,69.15
2017-08-30,4674.12,-0.0062,69.14
2017-08-31,4659.23,-0.3186,68.6
2017-09-01,4669.53,0.2211,68.97
2017-09-04,4690.25,0.4437,69.72
2017-09-05,4704.19,0.2972,70.22
2017-09-06,4694.92,-0.1971,69.89
2017-09-07,4671.04,-0.5086,69.02
2017-09-08,4666.31,-0.1013,68.85
2017-09-11,4665.89,-0.009,68.84
2017-09-12,4680.88,0.3213,69.38
2017-09-13,4686.58,0.1218,69.59
2017-09-14,4671.15,-0.3292,69.03
2017-09-15,4672.93,0.0381,69.09
2017-09-18,4687.38,0.3092,69.62
2017-09-19,4673.93,-0.2869,69.13
2017-09-20,4686.97,0.279,69.6
2017-09-21,4681.33,-0.1203,69.4
2017-09-22,4681.23,-0.0021,69.39
2017-09-25,4656.91,-0.5195,68.51
2017-09-26,4661.77,0.1044,68.69
2017-09-27,4662.28,0.0109,68.71
2017-09-28,4663.92,0.0352,68.77
2017-09-29,4680.95,0.3651,69.38
2017-10-09,4736.72,1.1914,71.4
2017-10-10,4746.06,0.1972,71.74
2017-10-11,4761.71,0.3297,72.31
2017-10-12,4774.23,0.2629,72.76
2017-10-13,4784.05,0.2057,73.11
2017-10-16,4774.84,-0.1925,72.78
2017-10-17,4774.37,-0.0098,72.76
2017-10-18,4812.31,0.7947,74.14
2017-10-19,4796.56,-0.3273,73.57
2017-10-20,4791.5,-0.1055,73.38
2017-10-23,4796.32,0.1006,73.56
2017-10-24,4831.25,0.7283,74.82
2017-10-25,4852.66,0.4432,75.6
2017-10-26,4872.95,0.4181,76.33
2017-10-27,4907.62,0.7115,77.59
2017-10-30,4892.68,-0.3044,77.04
2017-10-31,4889.01,-0.075,76.91
2017-11-01,4876.69,-0.252,76.47
2017-11-02,4877.32,0.0129,76.49
2017-11-03,4871.91,-0.1109,76.29
2017-11-06,4906.31,0.7061,77.54
2017-11-07,4947.01,0.8295,79.01
2017-11-08,4939.39,-0.154,78.73
2017-11-09,4973.43,0.6892,79.97
2017-11-10,5017.37,0.8835,81.56
2017-11-13,5037.09,0.393,82.27
2017-11-14,5002.04,-0.6958,81.0
2017-11-15,4970.71,-0.6263,79.87
2017-11-16,5008.95,0.7693,81.25
2017-11-17,5028.28,0.3859,81.95
2017-11-20,5056.34,0.558,82.97
2017-11-21,5146.48,1.7827,86.23
2017-11-22,5158.51,0.2338,86.66
2017-11-23,5005.78,-2.9607,81.14
2017-11-24,5008.01,0.0445,81.22
2017-11-27,4941.8,-1.3221,78.82
2017-11-28,4948.97,0.1451,79.08
2017-11-29,4946.45,-0.0509,78.99
2017-11-30,4888.3,-1.1756,76.89
2017-12-01,4878.58,-0.1988,76.53
2017-12-04,4903.87,0.5184,77.45
2017-12-05,4929.87,0.5302,78.39
2017-12-06,4900.17,-0.6024,77.32
2017-12-07,4845.55,-1.1147,75.34
2017-12-08,4884.99,0.8139,76.77
2017-12-11,4965.67,1.6516,79.69
2017-12-12,4900.41,-1.3142,77.32
2017-12-13,4941.99,0.8485,78.83
2017-12-14,4912.78,-0.5911,77.77
2017-12-15,4857.51,-1.125,75.77
2017-12-18,4862.92,0.1114,75.97
2017-12-19,4923.98,1.2556,78.18
2017-12-20,4918.07,-0.12,77.96
2017-12-21,4963.66,0.927,79.61
2017-12-22,4947.49,-0.3258,79.03
2017-12-25,4931.56,-0.322,78.45
2017-12-26,4946.3,0.2989,78.98
2017-12-27,4870.14,-1.5397,76.23
2017-12-28,4903.93,0.6938,77.45
2017-12-29,4918.52,0.2975,77.98
2018-01-02,4987.52,1.4029,80.48
2018-01-03,5016.79,0.5869,81.54
2018-01-04,5038.05,0.4238,82.3
2018-01-05,5050.17,0.2406,82.74
2018-01-08,5076.3,0.5174,83.69
2018-01-09,5111.85,0.7003,84.98
2018-01-10,5134.45,0.4421,85.79
2018-01-11,5131.73,-0.053,85.69
2018-01-12,5155.42,0.4616,86.55
2018-01-15,5155.71,0.0056,86.56
2018-01-16,5196.26,0.7865,88.03
2018-01-17,5183.62,-0.2433,87.57
2018-01-18,5212.06,0.5487,88.6
2018-01-19,5229.11,0.3271,89.22
2018-01-22,5291.59,1.1948,91.48
2018-01-23,5347.74,1.0611,93.51
2018-01-24,5356.61,0.1659,93.83
2018-01-25,5326.34,-0.5651,92.74
2018-01-26,5347.0,0.3879,93.48
2018-01-29,5250.24,-1.8096,89.98
2018-01-30,5194.21,-1.0672,87.96
2018-01-31,5218.37,0.4651,88.83
2018-02-01,5181.75,-0.7018,87.5
2018-02-02,5212.67,0.5967,88.62
2018-02-05,5216.23,0.0683,88.75
2018-02-06,5063.36,-2.9307,83.22
2018-02-07,4943.28,-2.3715,78.88
2018-02-08,4896.38,-0.9488,77.18
2018-02-09,4687.21,-4.2719,69.61
2018-02-12,4747.56,1.2875,71.79
2018-02-13,4803.13,1.1705,73.8
2018-02-14,4841.36,0.7959,75.19
2018-02-22,4946.04,2.1622,78.98
2018-02-23,4968.44,0.4529,79.79
2018-02-26,5026.2,1.1625,81.88
2018-02-27,4953.66,-1.4432,79.25
2018-02-28,4910.53,-0.8707,77.69
2018-03-01,4941.59,0.6325,78.81
2018-03-02,4901.77,-0.8058,77.37
2018-03-05,4903.77,0.0408,77.45
2018-03-06,4962.92,1.2062,79.59
2018-03-07,4926.41,-0.7357,78.27
2018-03-08,4976.39,1.0145,80.07
2018-03-09,5014.54,0.7666,81.45
2018-03-12,5037.49,0.4577,82.28
2018-03-13,4993.05,-0.8822,80.68
2018-03-14,4971.19,-0.4378,79.89
2018-03-15,4999.04,0.5602,80.89
2018-03-16,4950.54,-0.9702,79.14
2018-03-19,4972.29,0.4393,79.93
2018-03-20,4976.51,0.0849,80.08
2018-03-21,4956.19,-0.4083,79.34
2018-03-22,4906.52,-1.0022,77.55
2018-03-23,4765.66,-2.8709,72.45
2018-03-26,4735.1,-0.6413,71.34
2018-03-27,4775.83,0.8602,72.82
2018-03-28,4689.73,-1.8028,69.7
2018-03-29,4752.38,1.3359,71.97
2018-03-30,4757.89,0.1159,72.17
2018-04-02,4743.76,-0.297,71.66
2018-04-03,4713.93,-0.6288,70.58
2018-04-04,4704.63,-0.1973,70.24
2018-04-09,4702.27,-0.0502,70.15
2018-04-10,4792.88,1.9269,73.43
2018-04-11,4806.52,0.2846,73.93
2018-04-12,4758.05,-1.0084,72.17
2018-04-13,4724.5,-0.7051,70.96
2018-04-16,4648.51,-1.6084,68.21
2018-04-17,4575.02,-1.5809,65.55
2018-04-18,4596.58,0.4713,66.33
2018-04-19,4652.18,1.2096,68.34
2018-04-20,4589.95,-1.3377,66.09
2018-04-23,4596.63,0.1455,66.33
2018-04-24,4690.8,2.0487,69.74
2018-04-25,4672.86,-0.3825,69.09
2018-04-26,4583.51,-1.9121,65.86
2018-04-27,4585.66,0.0469,65.93
2018-05-02,4593.99,0.1817,66.24
2018-05-03,4629.82,0.7799,67.53
2018-05-04,4610.44,-0.4186,66.83
2018-05-07,4683.38,1.5821,69.47
2018-05-08,4737.72,1.1603,71.44
2018-05-09,4729.87,-0.1657,71.15
2018-05-10,4756.35,0.5598,72.11
2018-05-11,4731.79,-0.5164,71.22
2018-05-14,4776.37,0.9421,72.84
2018-05-15,4794.61,0.3819,73.5
2018-05-16,4756.6,-0.7928,72.12
2018-05-17,4721.64,-0.735,70.86
2018-05-18,4769.41,1.0117,72.58
2018-05-21,4792.02,0.4741,73.4
2018-05-22,4774.5,-0.3656,72.77
2018-05-23,4711.4,-1.3216,70.48
2018-05-24,4678.11,-0.7066,69.28
2018-05-25,4668.07,-0.2146,68.92
2018-05-28,4688.66,0.4411,69.66
2018-05-29,4653.6,-0.7478,68.39
2018-05-30,4555.13,-2.116,64.83
2018-05-31,4652.62,2.1402,68.36
2018-06-01,4614.12,-0.8275,66.96
2018-06-04,4659.41,0.9816,68.6
2018-06-05,4707.54,1.033,70.35
2018-06-06,4697.89,-0.205,70.0
2018-06-07,4696.63,-0.0268,69.95
2018-06-08,4637.03,-1.269,67.79
2018-06-11,4637.67,0.0138,67.82
2018-06-12,4694.16,1.2181,69.86
2018-06-13,4648.48,-0.9731,68.21
2018-06-14,4630.35,-0.39,67.55
2018-06-15,4613.77,-0.3581,66.95
2018-06-19,4451.68,-3.5132,61.09
2018-06-20,4470.27,0.4176,61.76
2018-06-21,4418.77,-1.1521,59.9
2018-06-22,4441.3,0.5099,60.71
2018-06-25,4382.06,-1.3338,58.57
2018-06-26,4346.47,-0.8122,57.28
2018-06-27,4258.53,-2.0233,54.1
2018-06-28,4215.85,-1.0022,52.55
2018-06-29,4327.29,2.6434,56.59
2018-07-02,4200.49,-2.9302,52.0
2018-07-03,4202.58,0.0498,52.07
2018-07-04,4147.18,-1.3182,50.07
2018-07-05,4122.76,-0.5888,49.18
2018-07-06,4152.84,0.7296,50.27
2018-07-09,4269.9,2.8188,54.51
2018-07-10,4282.44,0.2937,54.96
2018-07-11,4209.09,-1.7128,52.31
2018-07-12,4306.76,2.3205,55.84
2018-07-13,4325.88,0.444,56.53
2018-07-16,4305.34,-0.4748,55.79
2018-07-17,4282.34,-0.5342,54.96
2018-07-18,4260.8,-0.503,54.18
2018-07-19,4257.36,-0.0807,54.06
2018-07-20,4337.83,1.8901,56.97
2018-07-23,4378.92,0.9472,58.45
2018-07-24,4448.5,1.589,60.97
2018-07-25,4443.75,-0.1068,60.8
2018-07-26,4392.36,-1.1565,58.94
2018-07-27,4375.19,-0.3909,58.32
2018-07-30,4367.65,-0.1723,58.05
2018-07-31,4371.37,0.0852,58.18
2018-08-01,4284.82,-1.9799,55.05
2018-08-02,4189.84,-2.2167,51.61
2018-08-03,4120.9,-1.6454,49.12
2018-08-06,4068.72,-1.2662,47.23
2018-08-07,4187.84,2.9277,51.54
2018-08-08,4122.25,-1.5662,49.17
2018-08-09,4225.93,2.5151,52.92
2018-08-10,4235.43,0.2248,53.26
2018-08-13,4217.36,-0.4266,52.61
2018-08-14,4195.68,-0.5141,51.82
2018-08-15,4095.61,-2.3851,48.2
2018-08-16,4076.67,-0.4624,47.52
2018-08-17,4018.74,-1.421,45.42
2018-08-20,4065.56,1.165,47.11
2018-08-21,4139.78,1.8256,49.8
2018-08-22,4116.8,-0.5551,48.97
2018-08-23,4133.85,0.4142,49.59
2018-08-24,4142.12,0.2001,49.89
2018-08-27,4243.47,2.4468,53.55
2018-08-28,4235.62,-0.185,53.27
2018-08-29,4218.68,-0.3999,52.66
2018-08-30,4174.49,-1.0475,51.06
2018-08-31,4153.82,-0.4952,50.31
2018-09-03,4138.02,-0.3804,49.74
2018-09-04,4190.44,1.2668,51.63
2018-09-05,4108.52,-1.9549,48.67
2018-09-06,4067.32,-1.0028,47.18
2018-09-07,4085.72,0.4524,47.84
2018-09-10,4026.42,-1.4514,45.7
2018-09-11,4019.12,-0.1813,45.43
2018-09-12,3992.14,-0.6713,44.46
2018-09-13,4035.21,1.0789,46.02
2018-09-14,4042.1,0.1707,46.27
2018-09-17,3995.78,-1.1459,44.59
2018-09-18,4076.25,2.0139,47.5
2018-09-19,4129.92,1.3167,49.44
2018-09-20,4126.98,-0.0712,49.34
2018-09-21,4252.35,3.0378,53.87
2018-09-25,4214.1,-0.8995,52.49
2018-09-26,4260.78,1.1077,54.18
2018-09-27,4243.86,-0.3971,53.57
2018-09-28,4287.99,1.0399,55.16
2018-10-08,4103.48,-4.3029,48.49
2018-10-09,4100.73,-0.067,48.39
2018-10-10,4091.89,-0.2156,48.07
2018-10-11,3895.52,-4.799,40.96
2018-10-12,3953.66,1.4925,43.07
2018-10-15,3898.45,-1.3964,41.07
2018-10-16,3866.68,-0.8149,39.92
2018-10-17,3888.22,0.5571,40.7
2018-10-18,3796.13,-2.3684,37.37
2018-10-19,3909.04,2.9743,41.45
2018-10-22,4078.02,4.3228,47.57
2018-10-23,3970.06,-2.6474,43.66
2018-10-24,3976.25,0.1559,43.88
2018-10-25,3984.03,0.1957,44.16
2018-10-26,3958.35,-0.6446,43.24
2018-10-29,3837.68,-3.0485,38.87
2018-10-30,3879.3,1.0845,40.37
2018-10-31,3933.69,1.4021,42.34
2018-11-01,3962.64,0.736,43.39
2018-11-02,4103.85,3.5635,48.5
2018-11-05,4069.66,-0.8331,47.26
2018-11-06,4045.11,-0.6032,46.37
2018-11-07,4018.61,-0.6551,45.42
2018-11-08,4007.22,-0.2834,45.0
2018-11-09,3950.68,-1.411,42.96
2018-11-12,3997.7,1.1902,44.66
2018-11-13,4037.91,1.0058,46.11
2018-11-14,3997.45,-1.002,44.65
2018-11-15,4044.54,1.178,46.35
2018-11-16,4063.63,0.472,47.04
2018-11-19,4109.7,1.1337,48.71
2018-11-20,4014.65,-2.3128,45.27
2018-11-21,4024.73,0.2511,45.64
2018-11-22,4009.68,-0.3739,45.09
2018-11-23,3921.18,-2.2072,41.89
2018-11-26,3918.39,-0.0712,41.79
2018-11-27,3913.4,-0.1273,41.61
2018-11-28,3965.41,1.329,43.49
2018-11-29,3913.92,-1.2985,41.63
2018-11-30,3957.62,1.1165,43.21
2018-12-03,4067.72,2.782,47.19
2018-12-04,4076.15,0.2072,47.5
2018-12-05,4056.56,-0.4806,46.79
2018-12-06,3968.83,-2.1627,43.61
2018-12-07,3969.06,0.0058,43.62
2018-12-10,3923.15,-1.1567,41.96
2018-12-11,3941.92,0.4784,42.64
2018-12-12,3955.39,0.3417,43.13
2018-12-13,4016.62,1.548,45.34
2018-12-14,3949.53,-1.6703,42.92
2018-12-17,3943.65,-0.1489,42.7
2018-12-18,3902.77,-1.0366,41.22
2018-12-19,3856.23,-1.1925,39.54
2018-12-20,3826.65,-0.7671,38.47
2018-12-21,3779.22,-1.2395,36.75
2018-12-24,3790.2,0.2905,37.15
2018-12-25,3764.11,-0.6884,36.21
2018-12-26,3745.09,-0.5053,35.52
2018-12-27,3730.71,-0.384,35.0
2018-12-28,3755.91,0.6755,35.91
2019-01-02,3704.62,-1.3656,34.05
2019-01-03,3698.76,-0.1582,33.84
2019-01-04,3787.38,2.3959,37.05
2019-01-07,3810.37,0.607,37.88
2019-01-08,3802.14,-0.216,37.58
2019-01-09,3840.52,1.0094,38.97
2019-01-10,3833.3,-0.188,38.71
2019-01-11,3860.86,0.719,39.71
2019-01-14,3827.19,-0.8721,38.49
2019-01-15,3902.3,1.9625,41.21
2019-01-16,3903.12,0.021,41.24
2019-01-17,3881.62,-0.5508,40.46
2019-01-18,3952.43,1.8242,43.02
2019-01-21,3974.21,0.5511,43.81
2019-01-22,3921.42,-1.3283,41.9
2019-01-23,3918.59,-0.0722,41.8
2019-01-24,3940.71,0.5645,42.6
2019-01-25,3972.76,0.8133,43.76
2019-01-28,3971.89,-0.0219,43.73
2019-01-29,3984.61,0.3203,44.19
2019-01-30,3952.81,-0.7981,43.03
2019-01-31,3994.17,1.0463,44.53
2019-02-01,4051.26,1.4293,46.6
2019-02-11,4124.96,1.8192,49.26
2019-02-12,4154.73,0.7217,50.34
2019-02-13,4237.93,2.0025,53.35
2019-02-14,4244.31,0.1505,53.58
2019-02-15,4165.17,-1.8646,50.72
2019-02-18,4298.71,3.2061,55.55
2019-02-19,4291.05,-0.1782,55.27
2019-02-20,4306.42,0.3582,55.83
2019-02-21,4294.92,-0.267,55.41
2019-02-22,4391.49,2.2485,58.91
2019-02-25,4653.91,5.9756,68.4
2019-02-26,4598.02,-1.2009,66.38
2019-02-27,4590.15,-0.1712,66.1
2019-02-28,4578.89,-0.2453,65.69
2019-03-01,4679.15,2.1896,69.32
2019-03-04,4734.55,1.184,71.32
2019-03-05,4761.89,0.5775,72.31
2019-03-06,4801.91,0.8404,73.76
2019-03-07,4752.95,-1.0196,71.99
2019-03-08,4564.18,-3.9716,65.16
2019-03-11,4654.5,1.9789,68.43
2019-03-12,4686.19,0.6808,69.57
2019-03-13,4647.31,-0.8297,68.17
2019-03-14,4615.23,-0.6903,67.0
2019-03-15,4673.28,1.2578,69.11
2019-03-18,4806.48,2.8502,73.93
2019-03-19,4784.28,-0.4619,73.12
2019-03-20,4786.13,0.0387,73.19
2019-03-21,4787.94,0.0378,73.25
2019-03-22,4784.08,-0.0806,73.11
2019-03-25,4670.56,-2.3729,69.01
2019-03-26,4617.66,-1.1326,67.09
2019-03-27,4671.26,1.1608,69.03
2019-03-28,4652.75,-0.3963,68.36
2019-03-29,4832.43,3.8618,74.86
2019-04-01,4959.2,2.6233,79.45
2019-04-02,4955.9,-0.0665,79.33
2019-04-03,5019.39,1.2811,81.63
2019-04-04,5069.53,0.9989,83.44
2019-04-08,5064.98,-0.0898,83.28
2019-04-09,5087.71,0.4488,84.1
2019-04-10,5100.71,0.2555,84.57
2019-04-11,4990.52,-2.1603,80.58
2019-04-12,4979.33,-0.2242,80.18
2019-04-15,4962.99,-0.3282,79.59
2019-04-16,5100.78,2.7764,84.57
2019-04-17,5102.59,0.0355,84.64
2019-04-18,5084.13,-0.3618,83.97
2019-04-19,5144.8,1.1933,86.17
2019-04-22,5026.4,-2.3014,81.88
2019-04-23,5018.15,-0.1641,81.58
2019-04-24,5032.01,0.2762,82.09
2019-04-25,4921.79,-2.1904,78.1
2019-04-26,4856.19,-1.3328,75.72
2019-04-29,4870.04,0.2852,76.23
2019-04-30,4886.12,0.3302,76.81
2019-05-06,4600.73,-5.8408,66.48
2019-05-07,4646.16,0.9875,68.12
2019-05-08,4579.71,-1.4302,65.72
2019-05-09,4495.17,-1.846,62.66
2019-05-10,4658.54,3.6343,68.57
2019-05-13,4581.46,-1.6546,65.78
2019-05-14,4552.01,-0.6428,64.72
2019-05-15,4654.96,2.2616,68.44
2019-05-16,4676.09,0.4539,69.21
2019-05-17,4557.34,-2.5395,64.91
2019-05-20,4518.66,-0.8487,63.51
2019-05-21,4580.34,1.365,65.74
2019-05-22,4558.62,-0.4742,64.96
2019-05-23,4481.83,-1.6845,62.18
2019-05-24,4495.48,0.3046,62.67
2019-05-27,4551.65,1.2495,64.7
2019-05-28,4597.02,0.9968,66.35
2019-05-29,4587.17,-0.2143,65.99
2019-05-30,4561.61,-0.5572,65.06
2019-05-31,4549.72,-0.2607,64.63
2019-06-03,4554.24,0.0993,64.8
2019-06-04,4512.19,-0.9233,63.28
2019-06-05,4511.58,-0.0135,63.25
2019-06-06,4472.57,-0.8647,61.84
2019-06-10,4530.52,1.2957,63.94
2019-06-11,4670.19,3.0829,68.99
2019-06-12,4635.27,-0.7477,67.73
2019-06-13,4628.3,-0.1504,67.48
2019-06-14,4591.54,-0.7942,66.15
2019-06-17,4591.8,0.0057,66.16
2019-06-18,4608.21,0.3574,66.75
2019-06-19,4677.07,1.4943,69.24
2019-06-20,4819.04,3.0354,74.38
2019-06-21,4826.35,0.1517,74.64
2019-06-24,4836.12,0.2024,75.0
2019-06-25,4786.36,-1.0289,73.2
2019-06-26,4779.12,-0.1513,72.94
2019-06-27,4832.56,1.1182,74.87
2019-06-28,4825.33,-0.1496,74.61
2019-07-01,4964.46,2.8833,79.64
2019-07-02,4966.2,0.035,79.7
2019-07-03,4914.19,-1.0473,77.82
2019-07-04,4889.0,-0.5126,76.91
2019-07-05,4918.25,0.5983,77.97
2019-07-08,4805.3,-2.2965,73.88
2019-07-09,4796.3,-0.1873,73.56
2019-07-10,4790.16,-0.128,73.33
2019-07-11,4792.63,0.0516,73.42
2019-07-12,4830.67,0.7937,74.8
2019-07-15,4850.31,0.4066,75.51
2019-07-16,4828.9,-0.4414,74.74
2019-07-17,4827.08,-0.0377,74.67
2019-07-18,4783.31,-0.9068,73.09
2019-07-19,4835.28,1.0865,74.97
2019-07-22,4802.47,-0.6786,73.78
2019-07-23,4815.47,0.2707,74.25
2019-07-24,4853.87,0.7974,75.64
2019-07-25,4893.99,0.8266,77.09
2019-07-26,4904.34,0.2115,77.47
2019-07-29,4898.93,-0.1103,77.27
2019-07-30,4919.71,0.4242,78.02
2019-07-31,4876.7,-0.8742,76.47
2019-08-01,4836.15,-0.8315,75.0
2019-08-02,4766.09,-1.4487,72.46
2019-08-05,4675.33,-1.9043,69.18
2019-08-06,4628.07,-1.0108,67.47
2019-08-07,4609.11,-0.4097,66.78
2019-08-08,4671.13,1.3456,69.03
2019-08-09,4626.0,-0.9661,67.39
2019-08-12,4709.97,1.8152,70.43
2019-08-13,4667.5,-0.9017,68.9
2019-08-14,4688.7,0.4542,69.66
2019-08-15,4706.24,0.3741,70.3
2019-08-16,4727.74,0.4568,71.08
2019-08-19,4830.72,2.1782,74.8
2019-08-20,4826.49,-0.0876,74.65
2019-08-21,4818.96,-0.156,74.38
2019-08-22,4834.62,0.325,74.94
2019-08-23,4869.49,0.7213,76.21
2019-08-26,4799.74,-1.4324,73.68
2019-08-27,4865.08,1.3613,76.05
2019-08-28,4846.77,-0.3764,75.38
2019-08-29,4830.97,-0.326,74.81
2019-08-30,4842.95,0.248,75.25
2019-09-02,4905.07,1.2827,77.49
2019-09-03,4911.81,0.1374,77.74
2019-09-04,4956.32,0.9062,79.35
2019-09-05,5006.47,1.0118,81.16
2019-09-06,5036.04,0.5906,82.23
2019-09-09,5067.21,0.6189,83.36
2019-09-10,5049.76,-0.3444,82.73
2019-09-11,5012.56,-0.7367,81.38
2019-09-12,5066.49,1.0759,83.33
2019-09-16,5047.78,-0.3693,82.66
2019-09-17,4963.59,-1.6679,79.61
2019-09-18,4987.65,0.4847,80.48
2019-09-19,5005.89,0.3657,81.14
2019-09-20,5020.27,0.2873,81.66
2019-09-23,4962.88,-1.1432,79.58
2019-09-24,4976.44,0.2732,80.08
2019-09-25,4938.05,-0.7714,78.69
2019-09-26,4900.08,-0.7689,77.31
2019-09-27,4914.77,0.2998,77.84
2019-09-30,4866.13,-0.9897,76.08
2019-10-08,4895.67,0.6071,77.15
2019-10-09,4902.76,0.1448,77.41
2019-10-10,4942.82,0.8171,78.86
2019-10-11,4990.57,0.966,80.59
2019-10-14,5043.53,1.0612,82.5
2019-10-15,5021.86,-0.4297,81.72
2019-10-16,5004.55,-0.3447,81.09
2019-10-17,5007.79,0.0647,81.21
2019-10-18,4936.54,-1.4228,78.63
2019-10-21,4951.22,0.2974,79.16
2019-10-22,4970.41,0.3876,79.86
2019-10-23,4938.78,-0.6364,78.71
2019-10-24,4938.25,-0.0107,78.69
2019-10-25,4971.88,0.681,79.91
2019-10-28,5009.89,0.7645,81.29
2019-10-29,4989.02,-0.4166,80.53
2019-10-30,4964.78,-0.4859,79.65
2019-10-31,4959.07,-0.115,79.45
2019-11-01,5042.81,1.6886,82.48
2019-11-04,5075.65,0.6512,83.67
2019-11-05,5107.15,0.6206,84.81
2019-11-06,5084.27,-0.448,83.98
2019-11-07,5093.19,0.1754,84.3
2019-11-08,5069.12,-0.4726,83.43
2019-11-11,4979.77,-1.7626,80.2
2019-11-12,4980.76,0.0199,80.23
2019-11-13,4976.03,-0.095,80.06
2019-11-14,4983.52,0.1505,80.33
2019-11-15,4946.82,-0.7364,79.0
2019-11-18,4986.17,0.7955,80.43
2019-11-19,5036.42,1.0078,82.25
2019-11-20,4986.43,-0.9926,80.44
2019-11-21,4963.12,-0.4675,79.59
2019-11-22,4912.59,-1.0181,77.77
2019-11-25,4948.59,0.7328,79.07
2019-11-26,4965.75,0.3468,79.69
2019-11-27,4945.29,-0.412,78.95
2019-11-28,4928.3,-0.3436,78.33
2019-11-29,4885.38,-0.8709,76.78
2019-12-02,4894.81,0.193,77.12
2019-12-03,4913.99,0.3918,77.82
2019-12-04,4912.37,-0.033,77.76
2019-12-05,4950.07,0.7675,79.12
2019-12-06,4979.44,0.5933,80.18
2019-12-09,4970.7,-0.1755,79.87
2019-12-10,4977.0,0.1267,80.1
2019-12-11,4980.01,0.0605,80.2
2019-12-12,4965.05,-0.3004,79.66
2019-12-13,5063.83,1.9895,83.24
2019-12-16,5088.49,0.487,84.13
2019-12-17,5157.72,1.3605,86.64
2019-12-18,5146.3,-0.2214,86.22
2019-12-19,5139.12,-0.1395,85.96
2019-12-20,5126.49,-0.2458,85.51
2019-12-23,5062.49,-1.2484,83.19
2019-12-24,5095.49,0.6519,84.38
2019-12-25,5092.82,-0.0524,84.29
2019-12-26,5137.64,0.8801,85.91
2019-12-27,5132.59,-0.0983,85.73
2019-12-30,5208.65,1.4819,88.48
2019-12-31,5227.73,0.3663,89.17
2020-01-02,5298.75,1.3585,91.74
2020-01-03,5289.47,-0.1751,91.4
2020-01-06,5269.47,-0.3781,90.68
2020-01-07,5308.94,0.749,92.11
2020-01-08,5247.81,-1.1515,89.9
2020-01-09,5314.23,1.2657,92.3
2020-01-10,5312.72,-0.0284,92.24
2020-01-13,5364.79,0.9801,94.13
2020-01-14,5346.79,-0.3355,93.48
2020-01-15,5317.25,-0.5525,92.41
2020-01-16,5294.67,-0.4247,91.59
2020-01-17,5302.09,0.1401,91.86
2020-01-20,5341.62,0.7456,93.29
2020-01-21,5250.35,-1.7087,89.99
2020-01-22,5272.84,0.4284,90.8
2020-01-23,5109.45,-3.0987,84.89
2020-02-03,4706.78,-7.8809,70.32
2020-02-04,4830.92,2.6375,74.81
2020-02-05,4885.66,1.1331,76.79
2020-02-06,4976.58,1.861,80.08
2020-02-07,4976.7,0.0024,80.08
2020-02-10,4997.29,0.4137,80.83
2020-02-11,5043.81,0.9309,82.51
2020-02-12,5084.61,0.8089,83.99
2020-02-13,5053.33,-0.6152,82.86
2020-02-14,5088.82,0.7023,84.14
2020-02-17,5203.28,2.2492,88.28
2020-02-18,5177.87,-0.4883,87.36
2020-02-19,5169.95,-0.153,87.08
2020-02-20,5289.07,2.3041,91.39
2020-02-21,5295.24,0.1167,91.61
2020-02-24,5273.99,-0.4013,90.84
2020-02-25,5262.53,-0.2173,90.43
2020-02-26,5197.65,-1.2329,88.08
2020-02-27,5212.79,0.2913,88.63
2020-02-28,5027.97,-3.5455,81.94
2020-03-02,5193.38,3.2898,87.93
2020-03-03,5221.06,0.533,88.93
2020-03-04,5251.3,0.5792,90.02
2020-03-05,5368.28,2.2276,94.25
2020-03-06,5281.23,-1.6216,91.1
2020-03-09,5100.82,-3.4161,84.58
2020-03-10,5210.05,2.1414,88.53
2020-03-11,5140.75,-1.3301,86.02
2020-03-12,5041.83,-1.9242,82.44
2020-03-13,4970.88,-1.4072,79.87
2020-03-16,4757.17,-4.2992,72.14
2020-03-17,4734.0,-0.4871,71.3
2020-03-18,4640.3,-1.9793,67.91
2020-03-19,4580.11,-1.2971,65.73
2020-03-20,4661.95,1.7869,68.7
2020-03-23,4505.09,-3.3647,63.02
2020-03-24,4626.08,2.6856,67.4
2020-03-25,4750.38,2.6869,71.9
2020-03-26,4719.15,-0.6574,70.77
2020-03-27,4734.48,0.3248,71.32
2020-03-30,4688.6,-0.9691,69.66
2020-03-31,4703.97,0.3278,70.22
2020-04-01,4689.83,-0.3006,69.7
2020-04-02,4765.78,1.6195,72.45
2020-04-03,4738.58,-0.5707,71.47
2020-04-07,4846.8,2.2838,75.38
2020-04-08,4824.24,-0.4655,74.57
2020-04-09,4840.15,0.3298,75.14
2020-04-10,4809.99,-0.6231,74.05
2020-04-13,4789.67,-0.4225,73.32
2020-04-14,4882.12,1.9302,76.66
2020-04-15,4845.96,-0.7407,75.35
2020-04-16,4852.36,0.1321,75.59
2020-04-17,4899.71,0.9758,77.3
2020-04-20,4917.54,0.3639,77.94
2020-04-21,4859.59,-1.1784,75.85
2020-04-22,4899.58,0.8229,77.29
2020-04-23,4887.29,-0.2508,76.85
2020-04-24,4845.7,-0.851,75.34
2020-04-27,4878.75,0.682,76.54
2020-04-28,4912.41,0.6899,77.76
2020-04-29,4935.43,0.4686,78.59
2020-04-30,4994.07,1.1881,80.71
2020-05-06,5024.29,0.6051,81.81
2020-05-07,5010.15,-0.2814,81.3
2020-05-08,5065.03,1.0954,83.28
2020-05-11,5060.75,-0.0845,83.13
2020-05-12,5060.94,0.0038,83.13
2020-05-13,5071.23,0.2033,83.51
2020-05-14,5016.23,-1.0845,81.52
2020-05-15,5001.15,-0.3006,80.97
2020-05-18,5014.05,0.2579,81.44
2020-05-19,5056.88,0.8542,82.99
2020-05-20,5030.97,-0.5124,82.05
2020-05-21,5003.65,-0.543,81.06
2020-05-22,4889.59,-2.2795,76.93
2020-05-25,4896.69,0.1452,77.19
2020-05-26,4952.88,1.1475,79.22
2020-05-27,4918.39,-0.6964,77.97
2020-05-28,4933.76,0.3125,78.53
2020-05-29,4950.61,0.3415,79.14
2020-06-01,5084.27,2.6999,83.98
2020-06-02,5103.22,0.3727,84.66
2020-06-03,5104.39,0.0229,84.71
2020-06-04,5103.1,-0.0253,84.66
2020-06-05,5128.45,0.4968,85.58
2020-06-08,5155.09,0.5195,86.54
2020-06-09,5187.28,0.6244,87.7
2020-06-10,5181.61,-0.1093,87.5
2020-06-11,5130.54,-0.9856,85.65
2020-06-12,5140.3,0.1902,86.0
2020-06-15,5080.19,-1.1694,83.83
2020-06-16,5156.97,1.5114,86.61
2020-06-17,5161.59,0.0896,86.78
2020-06-18,5198.3,0.7112,88.1
2020-06-19,5270.53,1.3895,90.72
2020-06-22,5276.75,0.118,90.94
2020-06-23,5302.54,0.4887,91.88
2020-06-24,5332.68,0.5684,92.97
2020-06-29,5295.2,-0.7028,91.61
2020-06-30,5370.27,1.4177,94.33
2020-07-01,5478.56,2.0165,98.24
2020-07-02,5593.2,2.0925,102.39
2020-07-03,5701.92,1.9438,106.33
2020-07-06,6025.88,5.6816,118.05
2020-07-07,6062.7,0.611,119.38
2020-07-08,6162.39,1.6443,122.99
2020-07-09,6249.94,1.4207,126.16
2020-07-10,6146.69,-1.652,122.42
2020-07-13,6279.9,2.1672,127.24
2020-07-14,6223.09,-0.9046,125.19
2020-07-15,6149.73,-1.1788,122.53
2020-07-16,5856.24,-4.7724,111.91
2020-07-17,5897.23,0.6999,113.39
2020-07-20,6073.54,2.9897,119.77
2020-07-21,6087.58,0.2312,120.28
2020-07-22,6118.94,0.5151,121.42
2020-07-23,6120.32,0.0226,121.47
2020-07-24,5851.71,-4.3888,111.75
2020-07-27,5881.75,0.5134,112.83
2020-07-28,5933.46,0.8792,114.71
2020-07-29,6077.49,2.4274,119.92
2020-07-30,6048.03,-0.4847,118.85
2020-07-31,6098.73,0.8383,120.69
2020-08-03,6197.8,1.6244,124.27
2020-08-04,6203.69,0.095,124.48
2020-08-05,6205.85,0.0348,124.56
2020-08-06,6187.3,-0.2989,123.89
2020-08-07,6117.34,-1.1307,121.36
2020-08-10,6139.36,0.36,122.16
2020-08-11,6083.38,-0.9118,120.13
2020-08-12,6040.43,-0.706,118.58
2020-08-13,6024.93,-0.2566,118.02
2020-08-14,6118.03,1.5452,121.38
2020-08-17,6261.9,2.3516,126.59
2020-08-18,6258.95,-0.0471,126.48
2020-08-19,6165.31,-1.4961,123.1
2020-08-20,6085.97,-1.2869,120.22
2020-08-21,6139.26,0.8756,122.15
2020-08-24,6187.83,0.7911,123.91
2020-08-25,6195.83,0.1293,124.2
2020-08-26,6123.2,-1.1722,121.57
2020-08-27,6156.01,0.5358,122.76
2020-08-28,6302.93,2.3866,128.08
2020-08-31,6266.43,-0.5791,126.75
2020-09-01,6300.14,0.5379,127.97
2020-09-02,6302.44,0.0365,128.06
2020-09-03,6267.58,-0.5531,126.8
2020-09-04,6206.59,-0.9731,124.59
2020-09-07,6075.37,-2.1142,119.84
2020-09-08,6107.92,0.5358,121.02
2020-09-09,5965.06,-2.3389,115.85
2020-09-10,5961.66,-0.057,115.73
2020-09-11,6020.61,0.9888,117.86
2020-09-14,6051.54,0.5137,118.98
2020-09-15,6100.24,0.8048,120.74
2020-09-16,6062.95,-0.6113,119.39
2020-09-17,6030.87,-0.5291,118.23
2020-09-18,6166.75,2.2531,123.15
2020-09-21,6107.32,-0.9637,121.0
2020-09-22,6035.16,-1.1815,118.39
2020-09-23,6056.73,0.3574,119.17
2020-09-24,5940.52,-1.9187,114.96
2020-09-25,5949.72,0.1549,115.29
2020-09-28,5965.26,0.2612,115.86
2020-09-29,5978.14,0.2159,116.32
2020-09-30,5972.42,-0.0957,116.12
2020-10-09,6094.46,2.0434,120.53
2020-10-12,6279.36,3.0339,127.22
2020-10-13,6300.25,0.3327,127.98
2020-10-14,6258.46,-0.6633,126.47
2020-10-15,6247.56,-0.1742,126.07
2020-10-16,6238.63,-0.1429,125.75
2020-10-19,6191.52,-0.7551,124.04
2020-10-20,6240.97,0.7987,125.83
2020-10-21,6240.13,-0.0135,125.8
2020-10-22,6220.81,-0.3096,125.1
2020-10-23,6143.88,-1.2367,122.32
2020-10-26,6108.57,-0.5747,121.04
2020-10-27,6119.44,0.1779,121.44
2020-10-28,6168.91,0.8084,123.23
2020-10-29,6215.33,0.7525,124.91
2020-10-30,6114.3,-1.6255,121.25
2020-11-02,6147.5,0.543,122.45
2020-11-03,6221.38,1.2018,125.12
2020-11-04,6268.38,0.7555,126.83
2020-11-05,6361.93,1.4924,130.21
2020-11-06,6362.72,0.0124,130.24
2020-11-09,6487.26,1.9573,134.75
2020-11-10,6451.49,-0.5514,133.45
2020-11-11,6387.7,-0.9888,131.14
2020-11-12,6394.07,0.0997,131.37
2020-11-13,6326.83,-1.0516,128.94
2020-11-16,6388.48,0.9744,131.17
2020-11-17,6376.25,-0.1914,130.73
2020-11-18,6372.19,-0.0637,130.58
2020-11-19,6419.5,0.7424,132.29
2020-11-20,6439.43,0.3105,133.01
2020-11-23,6519.86,1.249,135.93
2020-11-24,6479.81,-0.6143,134.48
2020-11-25,6397.21,-1.2747,131.49
2020-11-26,6408.79,0.181,131.91
2020-11-27,6489.49,1.2592,134.83
2020-11-30,6462.76,-0.4119,133.86
2020-12-01,6601.97,2.154,138.9
2020-12-02,6602.03,0.0009,138.9
2020-12-03,6588.89,-0.199,138.42
2020-12-04,6600.43,0.1751,138.84
2020-12-07,6543.52,-0.8622,136.78
2020-12-08,6527.45,-0.2456,136.2
2020-12-09,6439.92,-1.341,133.03
2020-12-10,6437.09,-0.0439,132.93
2020-12-11,6371.22,-1.0233,130.55
2020-12-14,6430.12,0.9245,132.68
2020-12-15,6443.5,0.2081,133.16
2020-12-16,6454.92,0.1772,133.58
2020-12-17,6537.85,1.2848,136.58
2020-12-18,6515.04,-0.3489,135.75
2020-12-21,6576.11,0.9374,137.96
2020-12-22,6469.18,-1.626,134.09
2020-12-23,6524.36,0.853,136.09
2020-12-24,6515.1,-0.1419,135.75
2020-12-25,6569.82,0.8399,137.73
2020-12-28,6599.01,0.4443,138.79
2020-12-29,6571.03,-0.424,137.78
2020-12-30,6663.25,1.4034,141.11
2020-12-31,6790.39,1.9081,145.71
2021-01-04,6863.92,1.0829,148.38
2021-01-05,6995.25,1.9133,153.13
2021-01-06,7059.31,0.9158,155.45
2021-01-07,7184.38,1.7717,159.97
2021-01-08,7160.63,-0.3306,159.11
2021-01-11,7089.92,-0.9875,156.55
2021-01-12,7292.14,2.8522,163.87
2021-01-13,7268.19,-0.3284,163.0
2021-01-14,7128.09,-1.9276,157.93
2021-01-15,7111.97,-0.2261,157.35
2021-01-18,7190.72,1.1073,160.2
2021-01-19,7085.18,-1.4677,156.38
2021-01-20,7135.88,0.7156,158.22
2021-01-21,7251.24,1.6166,162.39
2021-01-22,7257.51,0.0865,162.62
2021-01-25,7330.67,1.0081,165.26
2021-01-26,7183.48,-2.0079,159.94
2021-01-27,7203.08,0.2728,160.65
2021-01-28,7006.5,-2.7291,153.53
2021-01-29,6973.69,-0.4683,152.35
2021-02-01,7059.28,1.2273,155.44
2021-02-02,7168.01,1.5402,159.38
2021-02-03,7147.3,-0.2889,158.63
2021-02-04,7132.64,-0.2051,158.1
2021-02-05,7144.98,0.173,158.55
2021-02-08,7250.71,1.4798,162.37
2021-02-09,7409.27,2.1868,168.11
2021-02-10,7567.55,2.1362,173.84
2021-02-18,7516.29,-0.6774,171.98
2021-02-19,7529.92,0.1813,172.47
2021-02-22,7293.41,-3.1409,163.92
2021-02-23,7270.4,-0.3155,163.08
2021-02-24,7085.24,-2.5468,156.38
2021-02-25,7126.92,0.5883,157.89
2021-02-26,6953.88,-2.428,151.63
2021-03-01,7060.76,1.537,155.5
2021-03-02,6970.65,-1.2762,152.24
2021-03-03,7104.32,1.9176,157.07
2021-03-04,6880.84,-3.1457,148.99
2021-03-05,6857.51,-0.3391,148.14
2021-03-08,6619.35,-3.473,139.53
2021-03-09,6477.41,-2.1443,134.39
2021-03-10,6519.9,0.656,135.93
2021-03-11,6682.27,2.4904,141.8
2021-03-12,6705.93,0.3541,142.66
2021-03-15,6561.51,-2.1536,137.43
2021-03-16,6618.61,0.8702,139.5
2021-03-17,6646.62,0.4232,140.51
2021-03-18,6699.92,0.8019,142.44
2021-03-19,6524.43,-2.6193,136.09
2021-03-22,6589.67,0.9999,138.45
2021-03-23,6527.24,-0.9474,136.19
2021-03-24,6422.27,-1.6082,132.39
2021-03-25,6419.22,-0.0475,132.28
2021-03-26,6564.7,2.2663,137.55
2021-03-29,6576.28,0.1764,137.97
2021-03-30,6638.63,0.9481,140.22
2021-03-31,6578.3,-0.9088,138.04
2021-04-01,6659.88,1.2401,140.99
2021-04-02,6726.05,0.9936,143.39
2021-04-06,6698.41,-0.4109,142.39
2021-04-07,6650.71,-0.7121,140.66
2021-04-08,6661.74,0.1658,141.06
2021-04-09,6561.57,-1.5037,137.43
2021-04-12,6447.43,-1.7395,133.3
2021-04-13,6436.87,-0.1638,132.92
2021-04-14,6490.28,0.8298,134.85
2021-04-15,6449.03,-0.6356,133.36
2021-04-16,6471.46,0.3478,134.17
2021-04-19,6628.92,2.4331,139.87
2021-04-20,6624.37,-0.0686,139.71
2021-04-21,6644.41,0.3025,140.43
2021-04-22,6637.23,-0.1081,140.17
2021-04-23,6697.49,0.9079,142.35
2021-04-26,6622.27,-1.1231,139.63
2021-04-27,6639.59,0.2615,140.26
2021-04-28,6677.05,0.5642,141.61
2021-04-29,6735.65,0.8776,143.73
2021-04-30,6682.75,-0.7854,141.82
2021-05-06,6601.41,-1.2172,138.88
2021-05-07,6516.59,-1.2849,135.81
2021-05-10,6512.03,-0.07,135.64
2021-05-11,6552.03,0.6142,137.09
2021-05-12,6580.48,0.4342,138.12
2021-05-13,6513.26,-1.0215,135.69
2021-05-14,6667.31,2.3652,141.26
2021-05-17,6765.26,1.4691,144.81
2021-05-18,6768.68,0.0506,144.93
2021-05-19,6749.67,-0.2809,144.24
2021-05-20,6768.42,0.2778,144.92
2021-05-21,6701.61,-0.9871,142.5
2021-05-24,6729.62,0.418,143.52
2021-05-25,6942.32,3.1607,151.21
2021-05-26,6945.19,0.0413,151.32
2021-05-27,6968.4,0.3342,152.16
2021-05-28,6947.26,-0.3034,151.39
2021-05-31,6961.77,0.2089,151.92
2021-06-01,6975.5,0.1972,152.41
2021-06-02,6910.75,-0.9282,150.07
2021-06-03,6866.66,-0.638,148.47
2021-06-04,6905.41,0.5643,149.88
2021-06-07,6900.24,-0.0749,149.69
2021-06-08,6841.14,-0.8565,147.55
2021-06-09,6848.02,0.1006,147.8
2021-06-10,6894.27,0.6754,149.47
2021-06-11,6835.59,-0.8511,147.35
2021-06-15,6759.65,-1.111,144.6
2021-06-16,6648.22,-1.6485,140.57
2021-06-17,6680.61,0.4872,141.74
2021-06-18,6683.8,0.0478,141.86
2021-06-21,6668.1,-0.2349,141.29
2021-06-22,6710.15,0.6306,142.81
2021-06-23,6743.92,0.5033,144.03
2021-06-24,6756.92,0.1928,144.5
2021-06-25,6871.85,1.7009,148.66
2021-06-28,6887.63,0.2296,149.23
2021-06-29,6811.75,-1.1017,146.49
2021-06-30,6859.06,0.6945,148.2
2021-07-01,6867.0,0.1158,148.49
2021-07-02,6672.11,-2.8381,141.43
2021-07-05,6678.4,0.0943,141.66
2021-07-06,6679.83,0.0214,141.71
2021-07-07,6757.16,1.1577,144.51
2021-07-08,6690.49,-0.9867,142.1
2021-07-09,6671.81,-0.2792,141.42
2021-07-12,6757.03,1.2773,144.51
2021-07-13,6777.87,0.3084,145.26
2021-07-14,6700.34,-1.1439,142.46
2021-07-15,6792.09,1.3693,145.78
2021-07-16,6722.11,-1.0303,143.24
2021-07-19,6747.16,0.3727,144.15
2021-07-20,6741.74,-0.0803,143.95
2021-07-21,6790.98,0.7304,145.74
2021-07-22,6801.89,0.1607,146.13
2021-07-23,6719.81,-1.2067,143.16
2021-07-26,6503.35,-3.2212,135.33
2021-07-27,6273.91,-3.528,127.03
2021-07-28,6286.78,0.2051,127.49
2021-07-29,6407.1,1.9139,131.84
2021-07-30,6357.65,-0.7718,130.06
2021-08-02,6519.61,2.5475,135.92
2021-08-03,6520.57,0.0147,135.95
2021-08-04,6579.57,0.9048,138.09
2021-08-05,6539.88,-0.6032,136.65
2021-08-06,6505.27,-0.5292,135.4
2021-08-09,6589.97,1.302,138.46
2021-08-10,6666.18,1.1565,141.22
2021-08-11,6629.44,-0.5511,139.89
2021-08-12,6573.99,-0.8364,137.88
2021-08-13,6538.52,-0.5396,136.6
2021-08-16,6533.72,-0.0734,136.43
2021-08-17,6396.86,-2.0947,131.47
2021-08-18,6472.36,1.1803,134.21
2021-08-19,6430.05,-0.6537,132.68
2021-08-20,6309.78,-1.8704,128.32
2021-08-23,6402.75,1.4734,131.69
2021-08-24,6472.27,1.0858,134.2
2021-08-25,6488.28,0.2474,134.78
2021-08-26,6360.39,-1.9711,130.15
2021-08-27,6394.45,0.5355,131.39
2021-08-30,6376.2,-0.2854,130.73
2021-08-31,6366.06,-0.159,130.36
2021-09-01,6450.64,1.3286,133.42
2021-09-02,6450.57,-0.0011,133.42
2021-09-03,6415.67,-0.541,132.15
2021-09-06,6535.77,1.872,136.5
2021-09-07,6614.07,1.198,139.33
2021-09-08,6586.65,-0.4146,138.34
2021-09-09,6583.84,-0.0427,138.24
2021-09-10,6641.48,0.8755,140.33
2021-09-13,6612.52,-0.436,139.28
2021-09-14,6513.83,-1.4925,135.71
2021-09-15,6447.8,-1.0137,133.32
2021-09-16,6368.82,-1.2249,130.46
2021-09-17,6433.84,1.0209,132.81
2021-09-22,6388.6,-0.7032,131.18
2021-09-23,6430.24,0.6518,132.68
2021-09-24,6425.25,-0.0776,132.5
2021-09-27,6462.27,0.5762,133.84
2021-09-28,6470.83,0.1325,134.15
2021-09-29,6404.75,-1.0212,131.76
2021-09-30,6447.75,0.6714,133.32
2021-10-08,6531.97,1.3062,136.36
2021-10-11,6540.25,0.1268,136.66
2021-10-12,6470.88,-1.0607,134.15
2021-10-13,6545.44,1.1522,136.85
2021-10-14,6510.34,-0.5363,135.58
2021-10-15,6535.84,0.3917,136.5
2021-10-18,6459.86,-1.1625,133.75
2021-10-19,6523.4,0.9836,136.05
2021-10-20,6506.78,-0.2548,135.45
2021-10-21,6530.53,0.365,136.31
2021-10-22,6573.54,0.6586,137.87
2021-10-25,6602.85,0.4459,138.93
2021-10-26,6581.07,-0.3299,138.14
2021-10-27,6494.97,-1.3083,135.02
2021-10-28,6449.85,-0.6947,133.39
2021-10-29,6509.03,0.9175,135.53
2021-11-01,6485.05,-0.3684,134.67
2021-11-02,6417.63,-1.0396,132.23
2021-11-03,6392.79,-0.3871,131.33
2021-11-04,6455.95,0.988,133.61
2021-11-05,6420.95,-0.5421,132.35
2021-11-08,6428.69,0.1205,132.63
2021-11-09,6426.95,-0.0271,132.56
2021-11-10,6393.06,-0.5273,131.34
2021-11-11,6495.78,1.6067,135.05
2021-11-12,6482.15,-0.2098,134.56
2021-11-15,6474.2,-0.1226,134.27
2021-11-16,6475.45,0.0193,134.32
2021-11-17,6478.98,0.0545,134.45
2021-11-18,6415.21,-0.9843,132.14
2021-11-19,6484.85,1.0855,134.66
2021-11-22,6514.47,0.4568,135.73
2021-11-23,6515.73,0.0193,135.78
2021-11-24,6520.12,0.0674,135.93
2021-11-25,6493.31,-0.4112,134.96
2021-11-26,6445.15,-0.7417,133.22
2021-11-29,6433.61,-0.179,132.8
2021-11-30,6407.89,-0.3998,131.87
2021-12-01,6423.57,0.2447,132.44
2021-12-02,6439.9,0.2542,133.03
2021-12-03,6499.38,0.9236,135.18
2021-12-06,6488.25,-0.1712,134.78
2021-12-07,6527.34,0.6025,136.2
2021-12-08,6625.25,1.5,139.74
2021-12-09,6735.01,1.6567,143.71
2021-12-10,6703.75,-0.4641,142.58
2021-12-13,6741.79,0.5674,143.96
2021-12-14,6696.56,-0.6709,142.32
2021-12-15,6638.48,-0.8673,140.22
2021-12-16,6676.72,0.576,141.6
2021-12-17,6570.67,-1.5884,137.76
2021-12-20,6472.08,-1.5005,134.2
2021-12-21,6515.93,0.6775,135.78
2021-12-22,6517.22,0.0198,135.83
2021-12-23,6562.68,0.6975,137.47
2021-12-24,6526.35,-0.5536,136.16
2021-12-27,6523.67,-0.0411,136.06
2021-12-28,6572.26,0.7448,137.82
2021-12-29,6476.14,-1.4625,134.34
2021-12-30,6526.57,0.7787,136.17
2021-12-31,6551.59,0.3834,137.07
2022-01-04,6521.61,-0.4576,135.99
2022-01-05,6455.77,-1.0096,133.61
2022-01-06,6389.61,-1.0248,131.21
2022-01-07,6395.1,0.0859,131.41
2022-01-10,6423.84,0.4494,132.45
2022-01-11,6362.48,-0.9552,130.23
2022-01-12,6425.88,0.9965,132.52
2022-01-13,6320.24,-1.644,128.7
2022-01-14,6268.27,-0.8223,126.82
2022-01-17,6322.04,0.8578,128.77
2022-01-18,6383.13,0.9663,130.98
2022-01-19,6339.41,-0.6849,129.4
2022-01-20,6396.61,0.9023,131.47
2022-01-21,6338.0,-0.9163,129.34
2022-01-24,6347.85,0.1554,129.7
2022-01-25,6204.24,-2.2623,124.5
2022-01-26,6249.15,0.7239,126.13
2022-01-27,6126.57,-1.9615,121.69
2022-01-28,6052.16,-1.2145,119.0
2022-02-07,6145.41,1.5408,122.38
2022-02-08,6111.84,-0.5463,121.16
2022-02-09,6169.25,0.9393,123.24
2022-02-10,6153.07,-0.2623,122.65
2022-02-11,6102.06,-0.829,120.81
2022-02-14,6036.14,-1.0803,118.42
2022-02-15,6100.34,1.0636,120.74
2022-02-16,6124.06,0.3888,121.6
2022-02-17,6138.88,0.242,122.14
2022-02-18,6168.15,0.4768,123.2
2022-02-21,6145.71,-0.3638,122.39
2022-02-22,6065.93,-1.2981,119.5
2022-02-23,6130.77,1.0689,121.85
2022-02-24,6006.47,-2.0275,117.35
2022-02-25,6064.96,0.9738,119.46
2022-02-28,6075.87,0.1799,119.86
2022-03-01,6126.31,0.8302,121.68
2022-03-02,6071.83,-0.8893,119.71
2022-03-03,6036.06,-0.5891,118.42
2022-03-04,5962.86,-1.2127,115.77
2022-03-07,5772.36,-3.1948,108.88
2022-03-08,5656.47,-2.0077,104.68
2022-03-09,5604.69,-0.9154,102.81
2022-03-10,5692.87,1.5733,106.0
2022-03-11,5711.02,0.3188,106.66
2022-03-14,5536.28,-3.0597,100.33
2022-03-15,5283.06,-4.5738,91.17
2022-03-16,5511.51,4.3242,99.44
2022-03-17,5619.74,1.9637,103.35
2022-03-18,5657.15,0.6657,104.71
2022-03-21,5647.66,-0.1678,104.36
2022-03-22,5643.08,-0.0811,104.2
2022-03-23,5671.23,0.4988,105.22
2022-03-24,5637.79,-0.5896,104.01
2022-03-25,5536.04,-1.8048,100.32
2022-03-28,5501.41,-0.6255,99.07
2022-03-29,5482.42,-0.3452,98.38
2022-03-30,5641.61,2.9036,104.15
2022-03-31,5599.84,-0.7404,102.63
2022-04-01,5670.87,1.2684,105.2
2022-04-06,5654.55,-0.2878,104.61
2022-04-07,5581.96,-1.2837,101.99
2022-04-08,5612.01,0.5383,103.07
2022-04-11,5438.64,-3.0893,96.8
2022-04-12,5544.63,1.9488,100.64
2022-04-13,5491.49,-0.9584,98.71
2022-04-14,5560.25,1.2521,101.2
2022-04-15,5556.51,-0.0673,101.07
2022-04-18,5526.9,-0.5329,99.99
2022-04-19,5485.13,-0.7558,98.48
2022-04-20,5400.3,-1.5465,95.41
2022-04-21,5300.87,-1.8412,91.82
2022-04-22,5323.98,0.436,92.65
2022-04-25,5060.86,-4.9422,83.13
2022-04-26,5020.03,-0.8068,81.65
2022-04-27,5167.83,2.9442,87.0
2022-04-28,5201.75,0.6564,88.23
2022-04-29,5330.21,2.4696,92.88
2022-05-05,5322.45,-0.1456,92.6
2022-05-06,5187.9,-2.528,87.73
2022-05-09,5146.36,-0.8007,86.22
2022-05-10,5203.05,1.1016,88.28
2022-05-11,5278.25,1.4453,91.0
2022-05-12,5254.96,-0.4412,90.15
2022-05-13,5294.6,0.7543,91.59
2022-05-16,5252.53,-0.7946,90.07
2022-05-17,5318.05,1.2474,92.44
2022-05-18,5299.48,-0.3492,91.76
2022-05-19,5310.7,0.2117,92.17
2022-05-20,5414.34,1.9515,95.92
2022-05-23,5382.98,-0.5792,94.79
2022-05-24,5257.21,-2.3364,90.24
2022-05-25,5289.47,0.6136,91.4
2022-05-26,5306.59,0.3237,92.02
2022-05-27,5317.8,0.2112,92.43
2022-05-30,5357.32,0.7432,93.86
2022-05-31,5440.86,1.5594,96.88
2022-06-01,5432.1,-0.161,96.56
2022-06-02,5444.17,0.2222,97.0
2022-06-06,5546.51,1.8798,100.7
2022-06-07,5564.11,0.3173,101.34
2022-06-08,5619.68,0.9987,103.35
2022-06-09,5561.98,-1.0267,101.26
2022-06-10,5649.51,1.5737,104.43
2022-06-13,5583.82,-1.1628,102.05
2022-06-14,5627.79,0.7875,103.64
2022-06-15,5702.5,1.3275,106.35
2022-06-16,5669.77,-0.574,105.16
2022-06-17,5749.64,1.4087,108.05
2022-06-20,5783.09,0.5818,109.26
2022-06-21,5779.8,-0.0569,109.15
2022-06-22,5707.65,-1.2483,106.53
2022-06-23,5806.63,1.7342,110.12
2022-06-24,5876.26,1.1991,112.64
2022-06-27,5942.86,1.1334,115.05
2022-06-28,6005.55,1.0549,117.31
2022-06-29,5916.52,-1.4825,114.09
2022-06-30,6008.25,1.5504,117.41
2022-07-01,5983.74,-0.4079,116.53
2022-07-04,6023.08,0.6574,117.95
2022-07-05,6014.58,-0.1411,117.64
2022-07-06,5927.94,-1.4405,114.51
2022-07-07,5955.84,0.4707,115.52
2022-07-08,5940.22,-0.2623,114.95
2022-07-11,5844.16,-1.6171,111.47
2022-07-12,5796.11,-0.8222,109.74
2022-07-13,5807.57,0.1977,110.15
2022-07-14,5809.35,0.0306,110.21
2022-07-15,5724.22,-1.4654,107.13
2022-07-18,5783.67,1.0386,109.29
2022-07-19,5752.59,-0.5374,108.16
2022-07-20,5772.12,0.3395,108.87
2022-07-21,5711.85,-1.0442,106.69
2022-07-22,5715.43,0.0627,106.82
2022-07-25,5681.29,-0.5973,105.58
2022-07-26,5726.74,0.8,107.23
2022-07-27,5698.49,-0.4933,106.2
2022-07-28,5700.54,0.036,106.28
2022-07-29,5627.26,-1.2855,103.63
2022-08-01,5652.33,0.4455,104.53
2022-08-02,5542.14,-1.9495,100.55
2022-08-03,5488.47,-0.9684,98.6
2022-08-04,5535.16,0.8507,100.29
2022-08-05,5614.42,1.4319,103.16
2022-08-08,5603.1,-0.2016,102.75
2022-08-09,5614.2,0.1981,103.15
2022-08-10,5551.66,-1.114,100.89
2022-08-11,5664.87,2.0392,104.99
2022-08-12,5662.27,-0.0459,104.89
2022-08-15,5655.08,-0.127,104.63
2022-08-16,5644.55,-0.1862,104.25
2022-08-17,5697.4,0.9363,106.16
2022-08-18,5647.84,-0.8699,104.37
2022-08-19,5609.19,-0.6843,102.97
2022-08-22,5650.17,0.7306,104.45
2022-08-23,5623.71,-0.4683,103.5
2022-08-24,5517.44,-1.8897,99.65
2022-08-25,5565.11,0.864,101.38
2022-08-26,5555.92,-0.1651,101.04
2022-08-29,5531.54,-0.4388,100.16
2022-08-30,5512.97,-0.3357,99.49
2022-08-31,5517.09,0.0747,99.64
2022-09-01,5469.61,-0.8606,97.92
2022-09-02,5442.39,-0.4977,96.94
2022-09-05,5431.32,-0.2034,96.54
2022-09-06,5481.41,0.9222,98.35
2022-09-07,5485.07,0.0668,98.48
2022-09-08,5461.86,-0.4231,97.64
2022-09-09,5537.75,1.3895,100.39
2022-09-13,5561.19,0.4233,101.24
2022-09-14,5499.3,-1.1129,99.0
2022-09-15,5447.86,-0.9354,97.13
2022-09-16,5320.11,-2.345,92.51
2022-09-19,5314.39,-0.1075,92.3
2022-09-20,5321.5,0.1338,92.56
2022-09-21,5282.12,-0.74,91.14
2022-09-22,5235.68,-0.8792,89.46
2022-09-23,5217.65,-0.3444,88.8
2022-09-26,5191.61,-0.4991,87.86
2022-09-27,5266.87,1.4496,90.58
2022-09-28,5181.47,-1.6215,87.49
2022-09-29,5179.35,-0.0409,87.42
2022-09-30,5149.23,-0.5815,86.33
2022-10-10,5035.62,-2.2063,82.22
2022-10-11,5044.76,0.1815,82.55
2022-10-12,5121.38,1.5188,85.32
2022-10-13,5079.17,-0.8242,83.79
2022-10-14,5200.7,2.3927,88.19
2022-10-17,5206.04,0.1027,88.38
2022-10-18,5195.02,-0.2117,87.98
2022-10-19,5111.46,-1.6085,84.96
2022-10-20,5085.05,-0.5167,84.01
2022-10-21,5068.89,-0.3178,83.42
2022-10-24,4920.58,-2.9259,78.05
2022-10-25,4912.56,-0.163,77.76
2022-10-26,4952.44,0.8118,79.21
2022-10-27,4917.56,-0.7043,77.94
2022-10-28,4795.92,-2.4736,73.54
2022-10-31,4751.83,-0.9193,71.95
2022-11-01,4921.76,3.5761,78.1
2022-11-02,4980.85,1.2006,80.24
2022-11-03,4940.34,-0.8133,78.77
2022-11-04,5101.88,3.2698,84.61
2022-11-07,5112.88,0.2156,85.01
2022-11-08,5077.71,-0.6879,83.74
2022-11-09,5030.6,-0.9278,82.04
2022-11-10,4991.89,-0.7695,80.63
2022-11-11,5131.06,2.7879,85.67
2022-11-14,5138.61,0.1471,85.94
2022-11-15,5236.07,1.8966,89.47
2022-11-16,5193.29,-0.817,87.92
2022-11-17,5172.0,-0.41,87.15
2022-11-18,5148.92,-0.4462,86.32
2022-11-21,5104.98,-0.8534,84.73
2022-11-22,5105.59,0.0119,84.75
2022-11-23,5110.98,0.1056,84.94
2022-11-24,5088.33,-0.4432,84.12
2022-11-25,5114.02,0.5049,85.05
2022-11-28,5056.56,-1.1236,82.97
2022-11-29,5212.57,3.0853,88.62
2022-11-30,5218.82,0.1199,88.85
2022-12-01,5275.34,1.083,90.89
2022-12-02,5243.08,-0.6115,89.72
2022-12-05,5345.92,1.9614,93.45
2022-12-06,5374.86,0.5413,94.49
2022-12-07,5361.64,-0.246,94.01
2022-12-08,5362.64,0.0187,94.05
2022-12-09,5415.56,0.9868,95.97
2022-12-12,5354.87,-1.1207,93.77
2022-12-13,5344.36,-0.1963,93.39
2022-12-14,5360.44,0.3009,93.97
2022-12-15,5356.51,-0.0733,93.83
2022-12-16,5359.54,0.0566,93.94
2022-12-19,5276.86,-1.5427,90.95
2022-12-20,5189.84,-1.6491,87.8
2022-12-21,5191.9,0.0397,87.87
2022-12-22,5199.34,0.1433,88.14
2022-12-23,5188.75,-0.2037,87.76
2022-12-26,5209.8,0.4057,88.52
2022-12-27,5273.97,1.2317,90.84
2022-12-28,5251.47,-0.4266,90.03
2022-12-29,5231.71,-0.3763,89.31
2022-12-30,5251.97,0.3873,90.05
2023-01-03,5274.03,0.42,90.84
2023-01-04,5280.88,0.1299,91.09
2023-01-05,5383.48,1.9429,94.8
2023-01-06,5400.17,0.31,95.41
2023-01-09,5443.9,0.8098,96.99
2023-01-10,5449.8,0.1084,97.2
2023-01-11,5440.1,-0.178,96.85
2023-01-12,5450.74,0.1956,97.24
2023-01-13,5527.4,1.4064,100.01
2023-01-16,5613.66,1.5606,103.13
2023-01-17,5612.68,-0.0175,103.1
2023-01-18,5603.28,-0.1675,102.76
2023-01-19,5638.14,0.6221,104.02
2023-01-20,5672.76,0.614,105.27
2023-01-30,5699.65,0.474,106.25
2023-01-31,5639.29,-1.059,104.06
2023-02-01,5692.3,0.94,105.98
2023-02-02,5672.25,-0.3522,105.25
2023-02-03,5618.64,-0.9451,103.31
2023-02-06,5544.36,-1.322,100.63
2023-02-07,5554.34,0.18,100.99
2023-02-08,5529.79,-0.442,100.1
2023-02-09,5604.02,1.3424,102.78
2023-02-10,5570.72,-0.5942,101.58
2023-02-13,5621.27,0.9074,103.41
2023-02-14,5623.6,0.0414,103.49
2023-02-15,5594.3,-0.521,102.43
2023-02-16,5553.32,-0.7325,100.95
2023-02-17,5473.31,-1.4408,98.06
2023-02-20,5607.59,2.4534,102.91
2023-02-21,5622.33,0.2629,103.45
2023-02-22,5571.59,-0.9025,101.61
2023-02-23,5567.11,-0.0804,101.45
2023-02-24,5509.31,-1.0382,99.36
2023-02-27,5487.24,-0.4006,98.56
2023-02-28,5522.0,0.6335,99.82
2023-03-01,5600.0,1.4125,102.64
2023-03-02,5587.51,-0.223,102.19
2023-03-03,5604.9,0.3112,102.82
2023-03-06,5575.67,-0.5215,101.76
2023-03-07,5494.04,-1.464,98.81
2023-03-08,5474.03,-0.3642,98.08
2023-03-09,5454.68,-0.3535,97.38
2023-03-10,5383.15,-1.3114,94.79
2023-03-13,5439.53,1.0473,96.83
2023-03-14,5406.98,-0.5984,95.65
2023-03-15,5409.97,0.0553,95.76
2023-03-16,5345.18,-1.1976,93.42
2023-03-17,5371.87,0.4993,94.38
2023-03-20,5345.08,-0.4987,93.41
2023-03-21,5403.83,1.0991,95.54
2023-03-22,5426.99,0.4286,96.38
2023-03-23,5480.79,0.9913,98.33
2023-03-24,5464.45,-0.2981,97.73
2023-03-27,5444.68,-0.3618,97.02
2023-03-28,5427.09,-0.3231,96.38
2023-03-29,5436.08,0.1657,96.71
2023-03-30,5480.21,0.8118,98.3
2023-03-31,5497.03,0.3069,98.91
2023-04-03,5550.83,0.9787,100.86
2023-04-04,5567.84,0.3064,101.48
2023-04-06,5559.07,-0.1575,101.16
2023-04-07,5595.22,0.6503,102.47
2023-04-10,5570.16,-0.4479,101.56
2023-04-11,5563.83,-0.1136,101.33
2023-04-12,5559.95,-0.0697,101.19
2023-04-13,5521.7,-0.688,99.81
2023-04-14,5552.94,0.5658,100.94
2023-04-17,5630.81,1.4023,103.75
2023-04-18,5648.19,0.3087,104.38
2023-04-19,5597.33,-0.9005,102.54
2023-04-20,5581.87,-0.2762,101.98
2023-04-21,5472.98,-1.9508,98.04
2023-04-24,5405.22,-1.2381,95.59
2023-04-25,5378.17,-0.5004,94.61
2023-04-26,5374.85,-0.0617,94.49
2023-04-27,5414.77,0.7427,95.94
2023-04-28,5470.07,1.0213,97.94
2023-05-04,5471.65,0.0289,97.99
2023-05-05,5453.49,-0.3319,97.34
2023-05-08,5515.65,1.1398,99.59
2023-05-09,5468.49,-0.855,97.88
2023-05-10,5426.44,-0.769,96.36
2023-05-11,5418.02,-0.1552,96.05
2023-05-12,5346.62,-1.3178,93.47
2023-05-15,5429.81,1.5559,96.48
2023-05-16,5402.51,-0.5028,95.49
2023-05-17,5378.06,-0.4526,94.61
2023-05-18,5373.13,-0.0917,94.43
2023-05-19,5358.76,-0.2674,93.91
2023-05-22,5392.49,0.6294,95.13
2023-05-23,5316.31,-1.4127,92.37
2023-05-24,5242.87,-1.3814,89.72
2023-05-25,5231.64,-0.2142,89.31
2023-05-26,5233.54,0.0363,89.38
2023-05-29,5211.28,-0.4253,88.57
2023-05-30,5216.64,0.1029,88.77
2023-05-31,5166.12,-0.9684,86.94
2023-06-01,5181.3,0.2938,87.49
2023-06-02,5256.77,1.4566,90.22
2023-06-05,5232.89,-0.4543,89.36
2023-06-06,5184.02,-0.9339,87.59
2023-06-07,5159.86,-0.466,86.71
2023-06-08,5202.26,0.8217,88.25
2023-06-09,5226.72,0.4702,89.13
2023-06-12,5237.75,0.211,89.53
2023-06-13,5267.81,0.5739,90.62
2023-06-14,5273.53,0.1086,90.83
2023-06-15,5359.15,1.6236,93.92
2023-06-16,5411.95,0.9852,95.83
2023-06-19,5373.28,-0.7145,94.44
2023-06-20,5365.58,-0.1433,94.16
2023-06-21,5287.74,-1.4507,91.34
2023-06-26,5215.29,-1.3702,88.72
2023-06-27,5266.67,0.9852,90.58
2023-06-28,5264.97,-0.0323,90.52
2023-06-29,5240.66,-0.4617,89.64
2023-06-30,5275.95,0.6734,90.91
2023-07-03,5345.99,1.3275,93.45
2023-07-04,5354.41,0.1575,93.75
2023-07-05,5315.31,-0.7302,92.34
2023-07-06,5281.04,-0.6447,91.1
2023-07-07,5258.51,-0.4266,90.28
2023-07-10,5284.16,0.4878,91.21
2023-07-11,5319.22,0.6635,92.48
2023-07-12,5289.9,-0.5512,91.42
2023-07-13,5374.87,1.6063,94.49
2023-07-14,5377.86,0.0556,94.6
2023-07-17,5341.13,-0.683,93.27
2023-07-18,5327.66,-0.2522,92.78
2023-07-19,5323.45,-0.079,92.63
2023-07-20,5286.36,-0.6967,91.29
2023-07-21,5287.99,0.0308,91.35
2023-07-24,5264.96,-0.4355,90.52
2023-07-25,5417.37,2.8948,96.03
2023-07-26,5406.94,-0.1925,95.65
2023-07-27,5400.54,-0.1184,95.42
2023-07-28,5528.07,2.3614,100.04
2023-07-31,5558.39,0.5485,101.13
2023-08-01,5535.38,-0.414,100.3
2023-08-02,5496.83,-0.6964,98.91
2023-08-03,5545.41,0.8838,100.66
2023-08-04,5567.24,0.3937,101.45
2023-08-07,5525.1,-0.7569,99.93
2023-08-08,5510.72,-0.2603,99.41
2023-08-09,5495.28,-0.2802,98.85
2023-08-10,5507.15,0.216,99.28
2023-08-11,5382.39,-2.2654,94.77
2023-08-14,5343.11,-0.7298,93.34
2023-08-15,5330.13,-0.2429,92.87
2023-08-16,5291.05,-0.7332,91.46
2023-08-17,5308.74,0.3343,92.1
2023-08-18,5243.7,-1.2251,89.75
2023-08-21,5168.28,-1.4383,87.02
2023-08-22,5208.23,0.773,88.46
2023-08-23,5122.87,-1.6389,85.37
2023-08-24,5160.18,0.7283,86.72
2023-08-25,5144.11,-0.3114,86.14
2023-08-28,5205.28,1.1891,88.36
2023-08-29,5257.4,1.0013,90.24
2023-08-30,5255.18,-0.0422,90.16
2023-08-31,5223.55,-0.6019,89.02
2023-09-01,5260.5,0.7074,90.35
2023-09-04,5340.23,1.5156,93.24
2023-09-05,5300.5,-0.744,91.8
2023-09-06,5289.0,-0.217,91.39
2023-09-07,5214.69,-1.405,88.7
2023-09-08,5189.05,-0.4917,87.77
2023-09-11,5227.49,0.7408,89.16
2023-09-12,5217.87,-0.184,88.81
2023-09-13,5184.63,-0.637,87.61
2023-09-14,5180.27,-0.0841,87.45
2023-09-15,5146.7,-0.648,86.24
2023-09-18,5173.01,0.5112,87.19
2023-09-19,5163.01,-0.1933,86.83
2023-09-20,5143.12,-0.3852,86.11
2023-09-21,5097.01,-0.8965,84.44
2023-09-22,5189.29,1.8105,87.78
2023-09-25,5155.53,-0.6506,86.56
2023-09-26,5125.42,-0.584,85.47
2023-09-27,5136.13,0.209,85.85
2023-09-28,5121.09,-0.2928,85.31
2023-10-09,5114.44,-0.1299,85.07
2023-10-10,5076.13,-0.7491,83.68
2023-10-11,5090.6,0.2851,84.21
2023-10-12,5138.99,0.9506,85.96
2023-10-13,5084.93,-1.052,84.0
2023-10-16,5034.11,-0.9994,82.16
2023-10-17,5051.88,0.353,82.81
2023-10-18,5011.9,-0.7914,81.36
2023-10-19,4904.97,-2.1335,77.49
2023-10-20,4873.11,-0.6495,76.34
2023-10-23,4822.74,-1.0336,74.51
2023-10-24,4840.75,0.3734,75.17
2023-10-25,4867.63,0.5553,76.14
2023-10-26,4881.08,0.2763,76.62
2023-10-27,4948.43,1.3798,79.06
2023-10-30,4978.14,0.6004,80.14
2023-10-31,4962.49,-0.3144,79.57
2023-11-01,4960.43,-0.0415,79.5
2023-11-02,4937.04,-0.4715,78.65
2023-11-03,4978.64,0.8426,80.16
2023-11-06,5045.97,1.3524,82.59
2023-11-07,5028.12,-0.3537,81.95
2023-11-08,5016.18,-0.2375,81.51
2023-11-09,5018.62,0.0486,81.6
2023-11-10,4982.03,-0.7291,80.28
2023-11-13,4972.2,-0.1973,79.92
2023-11-14,4975.87,0.0738,80.05
2023-11-15,5010.86,0.7032,81.32
2023-11-16,4962.55,-0.9641,79.57
2023-11-17,4956.59,-0.1201,79.36
2023-11-20,4968.05,0.2312,79.77
2023-11-21,4974.64,0.1326,80.01
2023-11-22,4924.31,-1.0117,78.19
2023-11-23,4948.07,0.4825,79.05
2023-11-24,4915.41,-0.6601,77.87
2023-11-27,4879.23,-0.7361,76.56
2023-11-28,4888.38,0.1875,76.89
2023-11-29,4846.67,-0.8532,75.38
2023-11-30,4857.64,0.2263,75.78
2023-12-01,4839.13,-0.381,75.11
2023-12-04,4807.53,-0.653,73.96
2023-12-05,4715.99,-1.9041,70.65
2023-12-06,4723.41,0.1573,70.92
2023-12-07,4711.86,-0.2445,70.5
2023-12-08,4723.65,0.2502,70.93
2023-12-11,4751.44,0.5883,71.93
2023-12-12,4761.65,0.2149,72.3
2023-12-13,4682.17,-1.6692,69.43
2023-12-14,4657.65,-0.5237,68.54
2023-12-15,4643.19,-0.3105,68.02
2023-12-18,4626.25,-0.3648,67.4
2023-12-19,4632.75,0.1405,67.64
2023-12-20,4586.12,-1.0065,65.95
2023-12-21,4632.53,1.012,67.63
2023-12-22,4641.37,0.1908,67.95
2023-12-25,4655.82,0.3113,68.47
2023-12-26,4624.3,-0.677,67.33
2023-12-27,4640.39,0.3479,67.92
2023-12-28,4749.13,2.3433,71.85
2023-12-29,4772.18,0.4854,72.68
2024-01-02,4709.92,-1.3046,70.43
2024-01-03,4698.72,-0.2378,70.03
2024-01-04,4655.26,-0.9249,68.45
2024-01-05,4630.31,-0.536,67.55
2024-01-08,4570.43,-1.2932,65.38
2024-01-09,4579.39,0.196,65.71
2024-01-10,4558.01,-0.4669,64.93
2024-01-11,4583.8,0.5658,65.87
2024-01-12,4567.8,-0.3491,65.29
2024-01-15,4563.28,-0.099,65.13
2024-01-16,4591.04,0.6083,66.13
2024-01-17,4491.18,-2.1751,62.52
2024-01-18,4554.67,1.4137,64.81
2024-01-19,4547.78,-0.1513,64.56
2024-01-22,4477.02,-1.5559,62.0
2024-01-23,4495.15,0.405,62.66
2024-01-24,4557.98,1.3977,64.93
2024-01-25,4649.51,2.0081,68.25
2024-01-26,4636.86,-0.2721,67.79
2024-01-29,4595.33,-0.8956,66.28
2024-01-30,4513.38,-1.7833,63.32
2024-01-31,4472.09,-0.9148,61.83
2024-02-01,4475.37,0.0733,61.94
2024-02-02,4422.4,-1.1836,60.03
2024-02-05,4451.32,0.6539,61.07
2024-02-06,4606.08,3.4767,66.67
2024-02-07,4650.5,0.9644,68.28
2024-02-08,4680.13,0.6371,69.35
2024-02-19,4734.2,1.1553,71.31
2024-02-20,4744.0,0.207,71.66
2024-02-21,4808.01,1.3493,73.98
2024-02-22,4849.46,0.8621,75.48
2024-02-23,4853.72,0.0878,75.63
2024-02-26,4803.12,-1.0425,73.8
2024-02-27,4860.74,1.1996,75.89
2024-02-28,4798.81,-1.2741,73.65
2024-02-29,4890.36,1.9078,76.96
2024-03-01,4920.57,0.6177,78.05
2024-03-04,4924.83,0.0866,78.21
2024-03-05,4959.11,0.6961,79.45
2024-03-06,4938.99,-0.4057,78.72
2024-03-07,4909.33,-0.6005,77.65
2024-03-08,4930.45,0.4302,78.41
2024-03-11,4992.14,1.2512,80.64
2024-03-12,5003.59,0.2294,81.06
2024-03-13,4968.64,-0.6985,79.79
2024-03-14,4954.53,-0.284,79.28
2024-03-15,4965.34,0.2182,79.67
2024-03-18,5011.98,0.9393,81.36
2024-03-19,4975.96,-0.7187,80.06
2024-03-20,4986.75,0.2168,80.45
2024-03-21,4980.78,-0.1197,80.23
2024-03-22,4930.58,-1.0079,78.42
2024-03-25,4903.82,-0.5427,77.45
2024-03-26,4928.84,0.5102,78.35
2024-03-27,4871.87,-1.1559,76.29
2024-03-28,4897.15,0.5189,77.21
2024-03-29,4920.26,0.4719,78.04
2024-04-01,5001.15,1.644,80.97
2024-04-02,4980.33,-0.4163,80.22
2024-04-03,4962.43,-0.3594,79.57
2024-04-08,4918.76,-0.88,77.99
2024-04-09,4914.7,-0.0825,77.84
2024-04-10,4874.67,-0.8145,76.39
2024-04-11,4874.02,-0.0133,76.37
2024-04-12,4834.52,-0.8104,74.94
2024-04-15,4936.38,2.1069,78.63
2024-04-16,4883.58,-1.0696,76.72
2024-04-17,4959.09,1.5462,79.45
2024-04-18,4965.6,0.1313,79.68
2024-04-19,4926.66,-0.7842,78.27
2024-04-22,4912.53,-0.2868,77.76
2024-04-23,4878.56,-0.6915,76.53
2024-04-24,4899.98,0.4391,77.31
2024-04-25,4912.03,0.2459,77.74
2024-04-26,4987.35,1.5334,80.47
2024-04-29,5042.74,1.1106,82.47
2024-04-30,5019.19,-0.467,81.62
2024-05-06,5093.66,1.4837,84.32
2024-05-07,5095.24,0.031,84.37
2024-05-08,5055.17,-0.7864,82.92
2024-05-09,5102.99,0.946,84.65
2024-05-10,5106.04,0.0598,84.77
2024-05-13,5103.84,-0.0431,84.69
2024-05-14,5093.77,-0.1973,84.32
2024-05-15,5054.72,-0.7666,82.91
2024-05-16,5074.68,0.3949,83.63
2024-05-17,5127.69,1.0446,85.55
2024-05-20,5145.8,0.3532,86.2
2024-05-21,5126.58,-0.3735,85.51
2024-05-22,5138.8,0.2384,85.95
2024-05-23,5079.36,-1.1567,83.8
2024-05-24,5023.9,-1.0919,81.79
2024-05-27,5072.07,0.9588,83.54
2024-05-28,5035.45,-0.722,82.21
2024-05-29,5042.26,0.1352,82.46
2024-05-30,5016.31,-0.5147,81.52
2024-05-31,4996.33,-0.3983,80.8
2024-06-03,5008.93,0.2522,81.25
2024-06-04,5047.05,0.761,82.63
2024-06-05,5020.11,-0.5338,81.66
2024-06-06,5017.83,-0.0454,81.57
2024-06-07,4995.57,-0.4436,80.77
2024-06-11,4952.94,-0.8534,79.23
2024-06-12,4955.19,0.0454,79.31
2024-06-13,4932.59,-0.4561,78.49
2024-06-14,4961.28,0.5816,79.53
2024-06-17,4954.18,-0.1431,79.27
2024-06-18,4967.52,0.2693,79.75
2024-06-19,4951.52,-0.3221,79.17
2024-06-20,4916.88,-0.6996,77.92
2024-06-21,4907.3,-0.1948,77.57
2024-06-24,4881.73,-0.5211,76.65
2024-06-25,4855.18,-0.5439,75.69
2024-06-26,4889.74,0.7118,76.94
2024-06-27,4856.09,-0.6882,75.72
2024-06-28,4870.47,0.2961,76.24
2024-07-01,4893.82,0.4794,77.09
2024-07-02,4884.82,-0.1839,76.76
2024-07-03,4873.71,-0.2274,76.36
2024-07-04,4849.4,-0.4988,75.48
2024-07-05,4829.91,-0.4019,74.77
2024-07-08,4791.55,-0.7942,73.39
2024-07-09,4850.1,1.2219,75.5
2024-07-10,4840.25,-0.2031,75.15
2024-07-11,4905.59,1.3499,77.51
2024-07-12,4918.72,0.2677,77.99
2024-07-15,4925.23,0.1324,78.22
2024-07-16,4961.97,0.746,79.55
2024-07-17,4968.26,0.1268,79.78
2024-07-18,4997.1,0.5805,80.82
2024-07-19,5026.61,0.5905,81.89
2024-07-22,4992.51,-0.6784,80.66
2024-07-23,4886.88,-2.1158,76.83
2024-07-24,4857.52,-0.6008,75.77
2024-07-25,4831.03,-0.5453,74.81
2024-07-26,4851.22,0.4179,75.54
2024-07-29,4825.6,-0.5281,74.62
2024-07-30,4796.31,-0.607,73.56
2024-07-31,4899.82,2.1581,77.3
2024-08-01,4867.61,-0.6574,76.14
2024-08-02,4817.96,-1.02,74.34
2024-08-05,4759.52,-1.213,72.23
2024-08-06,4759.14,-0.008,72.21
2024-08-07,4757.02,-0.0445,72.14
2024-08-08,4759.69,0.0561,72.23
2024-08-09,4745.0,-0.3086,71.7
2024-08-12,4736.8,-0.1728,71.4
2024-08-13,4748.97,0.2569,71.84
2024-08-14,4714.14,-0.7334,70.58
2024-08-15,4761.49,1.0044,72.3
2024-08-16,4768.66,0.1506,72.56
2024-08-19,4784.88,0.3401,73.14
2024-08-20,4750.72,-0.7139,71.91
2024-08-21,4735.15,-0.3277,71.34
2024-08-22,4723.12,-0.2541,70.91
2024-08-23,4744.35,0.4495,71.68
2024-08-26,4741.39,-0.0624,71.57
2024-08-27,4714.45,-0.5682,70.6
2024-08-28,4690.48,-0.5084,69.73
2024-08-29,4677.9,-0.2682,69.27
2024-08-30,4740.34,1.3348,71.53
2024-09-02,4660.41,-1.6862,68.64
2024-09-03,4672.42,0.2577,69.07
2024-09-04,4642.16,-0.6476,67.98
2024-09-05,4650.47,0.179,68.28
2024-09-06,4612.77,-0.8107,66.92
2024-09-09,4558.67,-1.1728,64.96
2024-09-10,4562.68,0.088,65.1
2024-09-11,4549.86,-0.281,64.64
2024-09-12,4530.36,-0.4286,63.93
2024-09-13,4512.07,-0.4037,63.27
2024-09-18,4528.87,0.3723,63.88
2024-09-19,4565.32,0.8048,65.2
2024-09-20,4572.77,0.1632,65.47
2024-09-23,4589.5,0.3659,66.07
2024-09-24,4788.31,4.3318,73.27
2024-09-25,4859.48,1.4863,75.84
2024-09-26,5065.65,4.2426,83.3
2024-09-27,5291.92,4.4668,91.49
2024-09-30,5741.03,8.4867,107.74
2024-10-08,6081.45,5.9296,120.06
2024-10-09,5652.7,-7.0501,104.55
2024-10-10,5714.22,1.0883,106.77
2024-10-11,5556.27,-2.7642,101.06
2024-10-14,5662.29,1.9081,104.89
2024-10-15,5511.75,-2.6586,99.45
2024-10-16,5476.93,-0.6317,98.19
2024-10-17,5414.94,-1.1318,95.94
2024-10-18,5614.78,3.6905,103.17
2024-10-21,5629.22,0.2572,103.7
2024-10-22,5661.61,0.5754,104.87
2024-10-23,5683.99,0.3953,105.68
2024-10-24,5620.82,-1.1114,103.39
2024-10-25,5660.74,0.7102,104.84
2024-10-28,5671.81,0.1956,105.24
2024-10-29,5615.28,-0.9967,103.19
2024-10-30,5565.4,-0.8883,101.39
2024-10-31,5567.99,0.0465,101.48
2024-11-01,5567.04,-0.0171,101.45
2024-11-04,5645.38,1.4072,104.28
2024-11-05,5788.22,2.5302,109.45
2024-11-06,5759.55,-0.4953,108.41
2024-11-07,5934.58,3.039,114.75
2024-11-08,5875.05,-1.0031,112.59
2024-11-11,5913.93,0.6618,114.0
2024-11-12,5848.96,-1.0986,111.65
2024-11-13,5885.83,0.6304,112.98
2024-11-14,5783.79,-1.7337,109.29
2024-11-15,5682.56,-1.7502,105.63
2024-11-18,5656.36,-0.4611,104.68
2024-11-19,5694.32,0.6711,106.05
2024-11-20,5707.04,0.2234,106.51
2024-11-21,5712.27,0.0916,106.7
2024-11-22,5535.29,-3.0982,100.3
2024-11-25,5510.46,-0.4486,99.4
2024-11-26,5499.13,-0.2056,98.99
2024-11-27,5594.88,1.7412,102.45
2024-11-28,5546.4,-0.8665,100.7
2024-11-29,5609.78,1.1427,102.99
2024-12-02,5654.3,0.7936,104.6
2024-12-03,5660.4,0.1079,104.82
2024-12-04,5629.85,-0.5397,103.72
2024-12-05,5617.0,-0.2282,103.25
2024-12-06,5690.84,1.3146,105.93
2024-12-09,5681.43,-0.1654,105.59
2024-12-10,5723.11,0.7336,107.09
2024-12-11,5713.66,-0.1651,106.75
2024-12-12,5770.54,0.9955,108.81
2024-12-13,5634.17,-2.3632,103.88
2024-12-16,5603.61,-0.5424,102.77
2024-12-17,5618.21,0.2605,103.3
2024-12-18,5646.84,0.5096,104.33
2024-12-19,5651.96,0.0907,104.52
2024-12-20,5631.33,-0.365,103.77
2024-12-23,5639.68,0.1483,104.08
2024-12-24,5711.53,1.274,106.68
2024-12-25,5714.38,0.0499,106.78
2024-12-26,5717.07,0.0471,106.88
2024-12-27,5708.06,-0.1576,106.55
2024-12-30,5734.58,0.4646,107.51
2024-12-31,5642.6,-1.604,104.18
2025-01-02,5478.38,-2.9104,98.24
2025-01-03,5413.52,-1.1839,95.89
2025-01-06,5404.64,-0.164,95.57
2025-01-07,5444.91,0.7451,97.03
2025-01-08,5436.57,-0.1532,96.73
2025-01-09,5423.17,-0.2465,96.24
2025-01-10,5356.81,-1.2236,93.84
2025-01-13,5342.51,-0.2669,93.32
2025-01-14,5483.19,2.6332,98.41
2025-01-15,5448.01,-0.6416,97.14
2025-01-16,5454.27,0.1149,97.37
2025-01-17,5471.55,0.3168,97.99
2025-01-20,5496.99,0.465,98.91
2025-01-21,5501.25,0.0775,99.07
2025-01-22,5451.05,-0.9125,97.25
2025-01-23,5462.78,0.2152,97.67
2025-01-24,5508.03,0.8283,99.31
2025-01-27,5485.73,-0.4049,98.5
2025-02-05,5454.12,-0.5762,97.36
2025-02-06,5522.74,1.2581,99.84
2025-02-07,5594.42,1.2979,102.44
2025-02-10,5606.43,0.2147,102.87
2025-02-11,5580.67,-0.4595,101.94
2025-02-12,5633.45,0.9458,103.85
2025-02-13,5612.29,-0.3756,103.08
2025-02-14,5660.96,0.8672,104.85
2025-02-17,5673.02,0.213,105.28
2025-02-18,5623.27,-0.877,103.48
2025-02-19,5662.62,0.6998,104.91
2025-02-20,5646.43,-0.2859,104.32
2025-02-21,5717.64,1.2612,106.9
2025-02-24,5705.1,-0.2193,106.44
2025-02-25,5641.77,-1.1101,104.15
2025-02-26,5691.05,0.8735,105.93
2025-02-27,5702.8,0.2065,106.36
2025-02-28,5590.6,-1.9675,102.3
2025-03-03,5588.34,-0.0404,102.22
2025-03-04,5583.66,-0.0837,102.05
2025-03-05,5608.6,0.4467,102.95
2025-03-06,5685.72,1.375,105.74
2025-03-07,5668.16,-0.3088,105.11
2025-03-10,5646.3,-0.3857,104.31
2025-03-11,5664.42,0.3209,104.97
2025-03-12,5644.04,-0.3598,104.23
2025-03-13,5621.54,-0.3987,103.42
2025-03-14,5758.04,2.4282,108.36
2025-03-17,5744.0,-0.2438,107.85
2025-03-18,5759.72,0.2737,108.42
2025-03-19,5763.23,0.0609,108.55
2025-03-20,5712.68,-0.8771,106.72
2025-03-21,5626.02,-1.517,103.58
2025-03-24,5654.99,0.5149,104.63
2025-03-25,5651.32,-0.0649,104.5
2025-03-26,5632.72,-0.3291,103.82
2025-03-27,5651.48,0.3331,104.5
2025-03-28,5626.88,-0.4353,103.61
2025-03-31,5586.83,-0.7118,102.16
2025-04-01,5587.87,0.0186,102.2
2025-04-02,5583.13,-0.0848,102.03
2025-04-03,5550.24,-0.5891,100.84
2025-04-07,5159.2,-7.0455,86.69
2025-04-08,5247.33,1.7082,89.88
2025-04-09,5299.12,0.987,91.75
2025-04-10,5368.58,1.3108,94.27
2025-04-11,5390.71,0.4122,95.07
2025-04-14,5403.11,0.23,95.51
2025-04-15,5406.12,0.0557,95.62
2025-04-16,5423.53,0.322,96.25
2025-04-17,5422.76,-0.0142,96.23
2025-04-18,5424.62,0.0343,96.29
2025-04-21,5442.39,0.3276,96.94
2025-04-22,5444.34,0.0358,97.01
2025-04-23,5448.56,0.0775,97.16
2025-04-24,5444.93,-0.0666,97.03
2025-04-25,5449.41,0.0823,97.19
2025-04-28,5441.68,-0.1419,96.91
2025-04-29,5432.28,-0.1727,96.57
2025-04-30,5427.04,-0.0965,96.38
2025-05-06,5481.7,1.0072,98.36
2025-05-07,5514.93,0.6062,99.56
2025-05-08,5545.54,0.555,100.67
2025-05-09,5537.16,-0.1511,100.37
2025-05-12,5601.37,1.1596,102.69
2025-05-13,5610.0,0.1541,103.0
2025-05-14,5678.15,1.2148,105.47
2025-05-15,5627.52,-0.8917,103.64
2025-05-16,5601.47,-0.4629,102.69
2025-05-19,5584.44,-0.304,102.08
2025-05-20,5615.6,0.558,103.2
2025-05-21,5643.36,0.4943,104.21
2025-05-22,5639.93,-0.0608,104.08
2025-05-23,5594.98,-0.797,102.46
2025-05-26,5563.42,-0.5641,101.32
2025-05-27,5533.66,-0.5349,100.24
2025-05-28,5529.53,-0.0746,100.09
2025-05-29,5562.33,0.5932,101.28
2025-05-30,5536.49,-0.4646,100.34
2025-06-03,5553.47,0.3067,100.96
2025-06-04,5577.59,0.4343,101.83
2025-06-05,5591.12,0.2426,102.32
2025-06-06,5589.55,-0.0281,102.26
2025-06-09,5606.2,0.2979,102.86
2025-06-10,5577.66,-0.5091,101.83
2025-06-11,5621.83,0.7919,103.43
2025-06-12,5625.02,0.0567,103.54
2025-06-13,5587.06,-0.6748,102.17
2025-06-16,5601.24,0.2538,102.68
2025-06-17,5596.8,-0.0793,102.52
2025-06-18,5604.74,0.1419,102.81
2025-06-19,5559.32,-0.8104,101.17
2025-06-20,5569.69,0.1865,101.54
2025-06-23,5586.72,0.3058,102.16
2025-06-24,5653.7,1.1989,104.58
2025-06-25,5739.45,1.5167,107.69
2025-06-26,5725.13,-0.2495,107.17
2025-06-27,5693.88,-0.5458,106.04
2025-06-30,5719.97,0.4582,106.98
2025-07-01,5729.84,0.1726,107.34
2025-07-02,5731.18,0.0234,107.39
2025-07-03,5767.32,0.6306,108.69
2025-07-04,5788.3,0.3638,109.45
2025-07-07,5766.06,-0.3842,108.65
2025-07-08,5814.49,0.8399,110.4
2025-07-09,5804.94,-0.1642,110.06
2025-07-10,5835.13,0.5201,111.15
2025-07-11,5850.28,0.2596,111.7
2025-07-14,5856.98,0.1145,111.94
2025-07-15,5859.99,0.0514,112.05
2025-07-16,5845.41,-0.2488,111.52
2025-07-17,5888.84,0.743,113.09
2025-07-18,5930.93,0.7147,114.61
2025-07-21,5971.02,0.6759,116.06
2025-07-22,6020.61,0.8305,117.86
2025-07-23,6022.19,0.0262,117.92
2025-07-24,6065.46,0.7185,119.48
2025-07-25,6036.08,-0.4844,118.42
2025-07-28,6050.25,0.2348,118.93
2025-07-29,6074.94,0.4081,119.83
2025-07-30,6073.86,-0.0178,119.79
2025-07-31,5964.36,-1.8028,115.82
2025-08-01,5934.19,-0.5058,114.73
2025-08-04,5957.38,0.3908,115.57
2025-08-05,6005.31,0.8045,117.31
2025-08-06,6019.99,0.2445,117.84
2025-08-07,6021.72,0.0287,117.9
2025-08-08,6009.78,-0.1983,117.47
2025-08-11,6035.47,0.4275,118.4
2025-08-12,6066.67,0.5169,119.53
2025-08-13,6114.81,0.7935,121.27
2025-08-14,6110.92,-0.0636,121.13
2025-08-15,6154.1,0.7066,122.69
2025-08-18,6208.37,0.8819,124.65
2025-08-19,6185.28,-0.3719,123.82
2025-08-20,6256.68,1.1544,126.4
2025-08-21,6281.17,0.3914,127.29
2025-08-22,6414.12,2.1166,132.1
2025-08-25,6548.68,2.0979,136.97
2025-08-26,6524.31,-0.3721,136.09
2025-08-27,6427.05,-1.4907,132.57
2025-08-28,6540.84,1.7705,136.68
2025-08-29,6591.65,0.7768,138.52
2025-09-01,6631.78,0.6088,139.97
2025-09-02,6583.03,-0.7351,138.21
2025-09-03,6538.13,-0.6821,136.59
2025-09-04,6400.17,-2.1101,131.59
2025-09-05,6540.07,2.1859,136.66
2025-09-08,6550.87,0.1651,137.05
2025-09-09,6504.96,-0.7008,135.39
2025-09-10,6518.42,0.2069,135.87
2025-09-11,6669.26,2.3141,141.33
2025-09-12,6631.51,-0.566,139.97
2025-09-15,6647.73,0.2446,140.55
2025-09-16,6634.83,-0.1941,140.09
2025-09-17,6676.25,0.6243,141.58
2025-09-18,6598.84,-1.1595,138.78
2025-09-19,6604.49,0.0856,138.99
2025-09-22,6634.84,0.4595,140.09
2025-09-23,6630.7,-0.0624,139.94
2025-09-24,6699.32,1.0349,142.42
2025-09-25,6739.93,0.6062,143.89
2025-09-26,6676.92,-0.9349,141.61
2025-09-29,6779.71,1.5395,145.33
2025-09-30,6811.55,0.4696,146.48
2025-10-09,6912.51,1.4822,150.13
2025-10-10,6776.93,-1.9614,145.23
2025-10-13,6743.87,-0.4878,144.03
2025-10-14,6663.26,-1.1953,141.11
2025-10-15,6763.28,1.5011,144.73
2025-10-16,6782.75,0.2879,145.44
2025-10-17,6631.03,-2.2369,139.95
2025-10-20,6666.75,0.5387,141.24
2025-10-21,6769.11,1.5354,144.94
2025-10-22,6746.87,-0.3286,144.14
2025-10-23,6767.21,0.3015,144.88
2025-10-24,6852.31,1.2575,147.95
2025-10-27,6934.01,1.1923,150.91
2025-10-28,6899.53,-0.4973,149.66
2025-10-29,6981.96,1.1947,152.65
2025-10-30,6926.26,-0.7978,150.63
2025-10-31,6824.43,-1.4702,146.95
2025-11-03,6843.6,0.2809,147.64
2025-11-04,6792.68,-0.7441,145.8
2025-11-05,6805.38,0.187,146.26
2025-11-06,6902.66,1.4295,149.78
2025-11-07,6881.46,-0.3071,149.01
2025-11-10,6906.26,0.3604,149.91
2025-11-11,6843.18,-0.9134,147.62
2025-11-12,6834.4,-0.1283,147.31
2025-11-13,6917.02,1.2089,150.3
2025-11-14,6808.31,-1.5716,146.36
2025-11-17,6764.12,-0.6491,144.76
2025-11-18,6721.39,-0.6317,143.22
2025-11-19,6750.96,0.4399,144.29
2025-11-20,6717.62,-0.4939,143.08
2025-11-21,6554.04,-2.4351,137.16
2025-11-24,6546.06,-0.1218,136.87
2025-11-25,6608.54,0.9545,139.13
2025-11-26,6648.68,0.6074,140.59
2025-11-27,6645.41,-0.0492,140.47
2025-11-28,6662.16,0.2521,141.07
2025-12-01,6735.49,1.1007,143.73
2025-12-02,6702.89,-0.484,142.55
2025-12-03,6668.62,-0.5113,141.31
2025-12-04,6691.47,0.3426,142.13
2025-12-05,6747.36,0.8352,144.16
2025-12-08,6802.13,0.8117,146.14
2025-12-09,6767.6,-0.5076,144.89
2025-12-10,6758.18,-0.1392,144.55
2025-12-11,6700.71,-0.8504,142.47
2025-12-12,6743.99,0.6459,144.04
2025-12-15,6703.6,-0.5989,142.57
2025-12-16,6623.39,-1.1965,139.67
2025-12-17,6745.78,1.8478,144.1
2025-12-18,6707.32,-0.5701,142.71
2025-12-19,6734.07,0.3988,143.68
2025-12-22,6798.12,0.9511,145.99
2025-12-23,6811.77,0.2008,146.49
2025-12-24,6831.51,0.2898,147.2
2025-12-25,6845.16,0.1998,147.7
2025-12-26,6866.84,0.3167,148.48
2025-12-29,6840.53,-0.3831,147.53
2025-12-30,6858.09,0.2567,148.16
2025-12-31,6826.62,-0.4589,147.03
2026-01-05,6956.12,1.897,151.71
2026-01-06,7063.68,1.5463,155.6
2026-01-07,7043.03,-0.2923,154.86
2026-01-08,6985.57,-0.8158,152.78
2026-01-09,7017.31,0.4544,153.93
2026-01-12,7063.39,0.6567,155.59
2026-01-13,7020.88,-0.6018,154.05
2026-01-14,6994.02,-0.3826,153.08
2026-01-15,7008.2,0.2027,153.6
2026-01-16,6983.07,-0.3586,152.69
2026-01-19,6986.89,0.0547,152.82
2026-01-20,6963.9,-0.329,151.99
2026-01-21,6970.08,0.0887,152.22
2026-01-22,6971.03,0.0136,152.25
2026-01-23,6941.39,-0.4252,151.18
2026-01-26,6947.98,0.0949,151.42
2026-01-27,6946.1,-0.0271,151.35
2026-01-28,6964.26,0.2614,152.01
2026-01-29,7017.31,0.7617,153.93
2026-01-30,6947.51,-0.9947,151.4
2026-02-02,6799.36,-2.1324,146.04
2026-02-03,6879.27,1.1753,148.93
2026-02-04,6936.26,0.8284,150.99
2026-02-05,6895.07,-0.5938,149.5
2026-02-06,6858.16,-0.5353,148.17
2026-02-09,6970.39,1.6364,152.23
2026-02-10,6978.22,0.1123,152.51
2026-02-11,6962.88,-0.2198,151.96
2026-02-12,6972.31,0.1354,152.3
2026-02-13,6884.89,-1.2538,149.13
2026-02-24,6954.53,1.0115,151.65
2026-02-25,6996.4,0.6021,153.17
2026-02-26,6983.09,-0.1902,152.69
2026-02-27,6959.11,-0.3434,151.82
2026-03-02,6985.74,0.3827,152.78
2026-03-03,6878.23,-1.539,148.89
2026-03-04,6799.53,-1.1442,146.05
2026-03-05,6866.11,0.9792,148.45
2026-03-06,6884.95,0.2744,149.14
2026-03-09,6818.49,-0.9653,146.73
2026-03-10,6906.1,1.2849,149.9
2026-03-11,6950.03,0.6361,151.49
2026-03-12,6925.01,-0.36,150.59
2026-03-13,6897.8,-0.3929,149.6
2026-03-16,6901.38,0.0519,149.73
2026-03-17,6850.97,-0.7304,147.91
2026-03-18,6881.84,0.4506,149.02
2026-03-19,6770.92,-1.6118,145.01
2026-03-20,6746.94,-0.3542,144.14
2026-03-23,6526.78,-3.2631,136.18
2026-03-24,6610.59,1.2841,139.21
2026-03-25,6703.28,1.4021,142.56
2026-03-26,6614.74,-1.3208,139.36
2026-03-27,6651.72,0.5591,140.7
2026-03-30,6636.04,-0.2357,140.13
2026-03-31,6574.14,-0.9328,137.89
2026-04-01,6686.44,1.7082,141.95
2026-04-02,6616.78,-1.0418,139.43
2026-04-03,6560.45,-0.8513,137.39
2026-04-07,6560.3,-0.0023,137.39
2026-04-08,6789.2,3.4892,145.67
2026-04-09,6745.86,-0.6384,144.1
2026-04-10,6850.09,1.5451,147.87
2026-04-13,6864.25,0.2067,148.39
2026-04-14,6945.7,1.1866,151.33
2026-04-15,6922.33,-0.3365,150.49
2026-04-16,6998.22,1.0963,153.23
2026-04-17,6986.81,-0.163,152.82
2026-04-20,7029.32,0.6084,154.36
2026-04-21,7045.26,0.2268,154.94
2026-04-22,7096.98,0.7341,156.81
2026-04-23,7077.31,-0.2772,156.1
2026-04-24,7052.45,-0.3513,155.2
2026-04-27,7054.79,0.0332,155.28
2026-04-28,7036.24,-0.2629,154.61
2026-04-29,7113.72,1.1012,157.41
2026-04-30,7109.91,-0.0536,157.28
2026-05-06,7213.12,1.4516,161.01
2026-05-07,7247.75,0.4801,162.26
2026-05-08,7205.74,-0.5796,160.74
2026-05-11,7324.27,1.6449,165.03
2026-05-12,7318.93,-0.0729,164.84
2026-05-13,7396.38,1.0582,167.64
2026-05-14,7272.54,-1.6743,163.16
2026-05-15,7191.91,-1.1087,160.24
2026-05-18,7153.47,-0.5345,158.85
2026-05-19,7182.62,0.4075,159.91
2026-05-20,7180.41,-0.0308,159.83
2026-05-21,7080.48,-1.3917,156.21
2026-05-22,7172.75,1.3032,159.55
2026-05-25,7286.12,1.5806,163.65
2026-05-26,7325.64,0.5424,165.08
2026-05-27,7269.07,-0.7722,163.04
2026-05-28,7278.67,0.1321,163.38
2026-05-29,7247.7,-0.4255,162.26
2026-06-01,7177.02,-0.9752,159.7
2026-06-02,7281.35,1.4537,163.48
2026-06-03,7317.46,0.4959,164.79
2026-06-04,7267.64,-0.6808,162.98
2026-06-05,7140.2,-1.7535,158.37
2026-06-08,6987.79,-2.1345,152.86
2026-06-09,7118.71,1.8736,157.59
2026-06-10,7046.93,-1.0083,155.0
2026-06-11,7009.13,-0.5364,153.63
2026-06-12,7094.65,1.2201,156.72
2026-06-15,7265.64,2.4101,162.91
2026-06-16,7254.73,-0.1502,162.52
2026-06-17,7325.56,0.9763,165.08
2026-06-18,7341.66,0.2198,165.66
2026-06-22,7517.35,2.3931,172.02
2026-06-23,7309.07,-2.7707,164.48
2026-06-24,7344.52,0.485,165.77
2026-06-25,7459.49,1.5654,169.93
2026-06-26,7244.11,-2.8873,162.13
2026-06-29,7336.65,1.2775,165.48
2026-06-30,7415.78,1.0786,168.34
2026-07-01,7385.59,-0.4071,167.25
2026-07-02,7167.86,-2.948,159.37
2026-07-03,7213.45,0.636,161.02
2026-07-06,7213.96,0.0071,161.04
2026-07-07,7139.92,-1.0263,158.36
2026-07-08,7085.31,-0.7649,156.39
2026-07-09,7266.38,2.5556,162.94
2026-07-10,7132.35,-1.8445,158.09
2026-07-13,7007.52,-1.7502,153.57
2026-07-14,7158.68,2.1571,159.04
2026-07-15,7144.6,-0.1967,158.53
2026-07-16,7018.51,-1.7648,153.97
2026-07-17,6770.28,-3.5368,144.99
2026-07-20,6874.72,1.5426,148.77
2026-07-21,7085.43,3.065,156.39
2026-07-22,7052.97,-0.4581,155.22
2026-07-23,7069.24,0.2307,155.8
2026-07-24,6952.09,-1.6572,151.57
2026-07-27,7031.82,1.1468,154.45
2026-07-28,6833.9,-2.8146,147.29
2026-07-29,6880.4,0.6804,148.97
2026-07-30,6806.04,-1.0808,146.28
2026-07-31,6866.0,0.881,148.45
2026-08-03,6799.37,-0.9704,146.04
2026-08-04,6885.8,1.2711,149.17
2026-08-05,6971.44,1.2437,152.27
2026-08-06,6961.2,-0.1469,151.9
2026-08-07,7027.38,0.9507,154.29
2026-08-10,7039.72,0.1756,154.74
2026-08-11,6983.35,-0.8007,152.7
2026-08-12,7023.97,0.5817,154.17
2026-08-13,6984.85,-0.5569,152.75
2026-08-14,6988.12,0.0468,152.87
2026-08-17,7100.77,1.612,156.95
2026-08-18,7077.88,-0.3224,156.12
2026-08-19,6873.44,-2.8884,148.72
2026-08-20,6879.65,0.0903,148.94
2026-08-21,6922.19,0.6183,150.48
2026-08-24,6838.79,-1.2048,147.47
2026-08-25,6822.16,-0.2432,146.86
2026-08-26,6880.36,0.8531,148.97
2026-08-27,6941.92,0.8947,151.2
2026-08-28,6911.23,-0.4421,150.09
2026-08-31,6935.2,0.3468,150.95
2026-09-01,6914.98,-0.2916,150.22
2026-09-02,6819.79,-1.3766,146.78
2026-09-03,6826.8,0.1028,147.03
2026-09-04,6820.68,-0.0896,146.81
2026-09-07,6861.13,0.593,148.27
2026-09-08,6836.94,-0.3526,147.4
2026-09-09,6857.95,0.3073,148.16
2026-09-10,6825.04,-0.4799,146.97
2026-09-11,6768.2,-0.8328,144.91
2026-09-14,6723.07,-0.6668,143.28
2026-09-15,6679.02,-0.6552,141.68
2026-09-16,6725.86,0.7013,143.38
2026-09-17,6696.29,-0.4396,142.31
2026-09-18,6767.66,1.0658,144.89
2026-09-21,6816.28,0.7184,146.65
2026-09-22,6824.15,0.1155,146.94
2026-09-23,6783.16,-0.6007,145.45
2026-09-24,6667.96,-1.6983,141.28
2026-09-28,6520.9,-2.2055,135.96
2026-09-29,6527.85,0.1066,136.21
2026-09-30,6547.69,0.3039,136.93
