date,open,close
2005-01-04,996.685,986.93
2005-01-05,986.567,1003.63
2005-01-06,1003.495,994.6
2005-01-07,993.438,997.61
2005-01-10,996.931,1006.34
2005-01-11,1006.208,1008.34
2005-01-12,1008.01,1008.62
2005-01-13,1008.098,1013.07
2005-01-14,1012.7,1000.17
2005-01-17,990.985,977.52
2005-01-18,977.604,991.42
2005-01-19,991.29,986.24
2005-01-20,983.195,972.46
2005-01-21,971.502,988.52
2005-01-24,1009.952,1008.18
2005-01-25,1005.997,999.55
2005-01-26,997.643,987.96
2005-01-27,986.143,971.37
2005-01-28,971.37,952.41
2005-01-31,948.436,922.65
2005-02-01,919.799,913.33
2005-02-02,913.022,964.24
2005-02-03,963.744,945.31
2005-02-04,944.449,962.03
2005-02-16,967.435,972.34
2005-02-17,971.836,977.27
2005-02-18,977.121,964.77
2005-02-21,965.002,981.82
2005-02-22,982.42,1007.69
2005-02-23,1008.295,1019.26
2005-02-24,1018.296,1024.45
2005-02-25,1024.571,1024.12
2005-02-28,1023.194,1020.85
2005-03-01,1020.593,1021.16
2005-03-02,1021.359,1006.15
2005-03-03,1004.102,1011.29
2005-03-04,1011.2,1003.21
2005-03-07,1004.338,1006.95
2005-03-08,1007.687,1029.46
2005-03-09,1031.602,1032.55
2005-03-10,1032.279,1005.55
2005-03-11,1003.777,1009.43
2005-03-14,1009.181,1007.77
2005-03-15,1007.891,993.83
2005-03-16,992.646,983.92
2005-03-17,983.109,970.97
2005-03-18,969.119,949.51
2005-03-21,947.568,949.55
2005-03-22,948.78,922.56
2005-03-23,921.065,923.19
2005-03-24,922.184,933.35
2005-03-25,933.176,931.42
2005-03-28,930.165,922.92
2005-03-29,922.658,916.81
2005-03-30,915.089,888.95
2005-03-31,887.072,896.07
2005-04-01,895.231,927.55
2005-04-04,919.139,909.87
2005-04-05,908.181,901.74
2005-04-06,901.747,918.56
2005-04-07,919.232,932.33
2005-04-08,931.777,949.46
2005-04-11,949.848,948.51
2005-04-12,947.115,927.41
2005-04-13,932.312,950.23
2005-04-14,952.543,935.43
2005-04-15,931.665,913.27
2005-04-18,910.891,901.12
2005-04-19,899.939,902.79
2005-04-20,902.217,884.08
2005-04-21,881.678,867.33
2005-04-22,865.816,857.4
2005-04-25,846.144,841.06
2005-04-26,839.248,855.24
2005-04-27,857.948,839.95
2005-04-28,837.388,860.62
2005-04-29,860.392,847.61
2005-05-09,848.089,818.4
2005-05-10,814.767,818.09
2005-05-11,816.817,811.57
2005-05-12,810.16,807.51
2005-05-13,806.73,814.88
2005-05-16,814.054,808.17
2005-05-17,806.813,818.46
2005-05-18,818.117,824.64
2005-05-19,824.826,824.94
2005-05-20,824.574,819.13
2005-05-23,816.191,793.72
2005-05-24,791.126,808.74
2005-05-25,808.524,809.7
2005-05-26,808.657,799.02
2005-05-27,797.185,791.0
2005-05-30,788.635,797.53
2005-05-31,798.332,796.87
2005-06-01,795.814,778.67
2005-06-02,777.468,769.42
2005-06-03,767.673,765.97
2005-06-06,764.656,778.21
2005-06-07,779.719,779.84
2005-06-08,782.007,841.36
2005-06-09,840.238,849.73
2005-06-10,850.029,831.61
2005-06-13,830.794,834.25
2005-06-14,835.352,818.19
2005-06-15,815.731,796.26
2005-06-16,795.76,803.95
2005-06-17,805.756,800.14
2005-06-20,799.464,823.73
2005-06-21,823.541,816.2
2005-06-22,814.915,818.65
2005-06-23,818.192,809.35
2005-06-24,807.675,813.2
2005-06-27,817.288,834.35
2005-06-28,832.159,819.05
2005-06-29,818.087,814.06
2005-06-30,813.15,791.5
2005-07-01,789.175,760.35
2005-07-04,756.03,749.48
2005-07-05,747.899,744.6
2005-07-06,744.791,743.44
2005-07-07,743.325,747.42
2005-07-08,746.285,722.85
2005-07-11,725.64,714.48
2005-07-12,712.303,739.53
2005-07-13,738.611,732.44
2005-07-14,732.001,732.54
2005-07-15,732.676,714.49
2005-07-18,712.322,696.85
2005-07-19,695.771,703.07
2005-07-20,703.17,707.29
2005-07-21,707.051,704.79
2005-07-22,704.616,721.45
2005-07-25,720.612,718.87
2005-07-26,718.622,735.86
2005-07-27,736.294,750.02
2005-07-28,750.4,747.23
2005-07-29,746.594,744.83
2005-08-01,744.773,750.49
2005-08-02,750.964,763.29
2005-08-03,764.936,769.75
2005-08-04,767.564,765.26
2005-08-05,765.391,787.82
2005-08-08,792.404,800.12
2005-08-09,800.841,814.19
2005-08-10,814.764,823.84
2005-08-11,823.719,832.84
2005-08-12,833.466,816.39
2005-08-15,814.845,839.67
2005-08-16,841.318,839.26
2005-08-17,837.9,854.53
2005-08-18,855.875,820.66
2005-08-19,816.961,820.87
2005-08-22,819.482,831.5
2005-08-23,830.732,816.91
2005-08-24,816.746,826.72
2005-08-25,827.016,836.42
2005-08-26,837.409,840.43
2005-08-29,839.307,832.25
2005-08-30,831.492,827.55
2005-08-31,827.226,845.14
2005-09-01,845.939,865.41
2005-09-02,866.554,872.49
2005-09-05,873.856,884.29
2005-09-06,885.361,862.49
2005-09-07,860.389,888.13
2005-09-08,890.193,889.69
2005-09-09,889.546,879.5
2005-09-12,878.729,883.56
2005-09-13,884.246,904.31
2005-09-14,906.211,914.98
2005-09-15,914.911,918.51
2005-09-16,918.261,917.64
2005-09-19,918.13,930.49
2005-09-20,931.88,924.16
2005-09-21,921.923,909.79
2005-09-22,906.046,880.01
2005-09-23,876.311,868.55
2005-09-26,867.222,874.84
2005-09-27,875.099,856.96
2005-09-28,855.797,852.36
2005-09-29,852.037,871.29
2005-09-30,871.23,869.51
2005-10-10,870.051,858.75
2005-10-11,857.639,878.62
2005-10-12,879.049,887.71
2005-10-13,888.303,883.45
2005-10-14,882.869,876.05
2005-10-17,874.857,878.76
2005-10-18,878.782,893.7
2005-10-19,893.463,886.31
2005-10-20,885.339,886.55
2005-10-21,886.434,895.03
2005-10-24,895.431,897.76
2005-10-25,896.696,877.58
2005-10-26,875.542,854.03
2005-10-27,851.078,847.59
2005-10-28,846.699,825.06
2005-10-31,823.234,828.66
2005-11-01,827.896,823.33
2005-11-02,823.21,840.32
2005-11-03,839.862,828.91
2005-11-04,828.038,835.12
2005-11-07,835.061,842.0
2005-11-08,841.934,848.97
2005-11-09,848.741,845.11
2005-11-10,843.621,821.27
2005-11-11,818.721,823.96
2005-11-14,821.783,827.57
2005-11-15,827.515,820.49
2005-11-16,820.064,826.69
2005-11-17,827.221,825.8
2005-11-18,824.806,843.74
2005-11-21,844.631,846.96
2005-11-22,847.181,831.77
2005-11-23,831.704,838.12
2005-11-24,837.679,841.7
2005-11-25,841.714,841.13
2005-11-28,841.209,838.34
2005-11-29,839.255,827.01
2005-11-30,826.335,829.5
2005-12-01,829.332,828.19
2005-12-02,827.15,817.86
2005-12-05,819.795,796.93
2005-12-06,795.113,798.88
2005-12-07,800.185,806.78
2005-12-08,807.405,805.56
2005-12-09,805.521,819.2
2005-12-12,820.111,824.52
2005-12-13,824.627,824.86
2005-12-14,824.858,832.51
2005-12-15,833.466,827.54
2005-12-16,827.165,834.54
2005-12-19,834.954,834.71
2005-12-20,834.886,836.12
2005-12-21,836.636,830.77
2005-12-22,830.444,835.5
2005-12-23,835.766,845.59
2005-12-26,846.932,853.17
2005-12-27,854.755,854.53
2005-12-28,854.645,857.21
2005-12-29,858.416,866.75
2005-12-30,868.441,860.13
2006-01-04,860.044,871.73
2006-01-05,872.086,882.73
2006-01-06,884.924,891.94
2006-01-09,893.527,905.07
2006-01-10,907.634,911.19
2006-01-11,910.765,906.5
2006-01-12,906.939,927.42
2006-01-13,930.304,932.5
2006-01-16,933.215,920.33
2006-01-17,918.521,919.28
2006-01-18,920.066,939.14
2006-01-19,941.165,949.91
2006-01-20,950.628,952.77
2006-01-23,955.087,961.07
2006-01-24,961.65,960.35
2006-01-25,960.03,957.79
2006-02-06,961.034,980.91
2006-02-07,983.335,981.57
2006-02-08,979.142,982.94
2006-02-09,982.184,969.58
2006-02-10,971.248,980.8
2006-02-13,981.637,977.4
2006-02-14,977.281,986.06
2006-02-15,987.087,986.16
2006-02-16,986.326,958.59
2006-02-17,961.251,949.99
2006-02-20,949.03,943.77
2006-02-21,943.112,960.02
2006-02-22,960.106,959.95
2006-02-23,959.124,958.72
2006-02-24,959.339,967.16
2006-02-27,968.212,963.38
2006-02-28,962.528,964.73
2006-03-01,966.845,972.07
2006-03-02,972.151,953.37
2006-03-03,951.935,954.46
2006-03-06,955.249,952.35
2006-03-07,951.642,928.58
2006-03-08,924.611,924.83
2006-03-09,923.324,920.13
2006-03-10,922.441,921.68
2006-03-13,921.236,928.52
2006-03-14,929.01,931.72
2006-03-15,931.273,942.69
2006-03-16,942.72,945.52
2006-03-17,944.957,943.73
2006-03-20,944.106,956.14
2006-03-21,957.896,959.93
2006-03-22,959.519,972.14
2006-03-23,972.714,980.84
2006-03-24,982.457,974.27
2006-03-27,974.561,984.15
2006-03-28,987.534,994.52
2006-03-29,995.682,997.7
2006-03-30,997.141,986.96
2006-03-31,988.954,1000.25
2006-04-03,1001.324,1025.79
2006-04-04,1029.107,1038.11
2006-04-05,1039.782,1048.67
2006-04-06,1052.351,1053.69
2006-04-07,1056.29,1068.11
2006-04-10,1071.185,1090.72
2006-04-11,1097.274,1094.41
2006-04-12,1095.078,1095.5
2006-04-13,1097.292,1062.69
2006-04-14,1058.705,1088.18
2006-04-17,1086.24,1093.51
2006-04-18,1094.358,1097.73
2006-04-19,1098.581,1100.66
2006-04-20,1102.273,1091.85
2006-04-21,1091.66,1102.55
2006-04-24,1106.121,1094.38
2006-04-25,1091.836,1103.06
2006-04-26,1103.745,1116.81
2006-04-27,1119.67,1125.32
2006-04-28,1117.516,1141.69
2006-05-08,1148.086,1180.73
2006-05-09,1188.793,1218.09
2006-05-10,1227.285,1241.57
2006-05-11,1247.12,1237.77
2006-05-12,1239.758,1283.68
2006-05-15,1303.374,1344.92
2006-05-16,1347.184,1297.93
2006-05-17,1302.614,1318.97
2006-05-18,1311.431,1328.21
2006-05-19,1332.163,1365.65
2006-05-22,1370.505,1386.75
2006-05-23,1388.032,1326.16
2006-05-24,1333.305,1308.69
2006-05-25,1304.082,1324.92
2006-05-26,1330.226,1355.5
2006-05-29,1362.839,1387.52
2006-05-30,1391.619,1410.54
2006-05-31,1408.909,1402.33
2006-06-01,1402.334,1455.74
2006-06-02,1462.611,1457.76
2006-06-05,1461.023,1484.29
2006-06-06,1482.805,1470.45
2006-06-07,1470.258,1370.81
2006-06-08,1357.3,1376.08
2006-06-09,1371.401,1346.48
2006-06-12,1339.535,1352.58
2006-06-13,1350.74,1361.53
2006-06-14,1351.337,1347.88
2006-06-15,1346.004,1352.34
2006-06-16,1362.058,1382.41
2006-06-19,1367.062,1398.0
2006-06-20,1397.16,1414.91
2006-06-21,1414.94,1410.5
2006-06-22,1409.15,1411.28
2006-06-23,1408.415,1430.51
2006-06-26,1433.245,1457.14
2006-06-27,1460.901,1464.69
2006-06-28,1463.232,1461.79
2006-06-29,1465.851,1488.16
2006-06-30,1495.511,1486.0
2006-07-03,1489.461,1514.07
2006-07-04,1516.704,1508.84
2006-07-05,1508.362,1497.66
2006-07-06,1498.045,1539.18
2006-07-07,1544.97,1541.25
2006-07-10,1542.904,1550.04
2006-07-11,1551.639,1561.84
2006-07-12,1564.449,1562.06
2006-07-13,1558.428,1459.78
2006-07-14,1442.331,1470.47
2006-07-17,1467.259,1494.79
2006-07-18,1494.962,1506.59
2006-07-19,1503.673,1472.35
2006-07-20,1470.535,1484.41
2006-07-21,1483.042,1493.04
2006-07-24,1464.277,1496.61
2006-07-25,1498.223,1518.17
2006-07-26,1521.89,1523.86
2006-07-27,1523.152,1506.56
2006-07-28,1504.579,1492.11
2006-07-31,1487.776,1425.04
2006-08-01,1422.269,1408.9
2006-08-02,1409.635,1401.86
2006-08-03,1402.934,1401.16
2006-08-04,1401.621,1354.78
2006-08-07,1349.243,1323.73
2006-08-08,1322.996,1364.99
2006-08-09,1365.163,1367.4
2006-08-10,1367.319,1391.14
2006-08-11,1391.471,1398.01
2006-08-14,1397.923,1356.85
2006-08-15,1355.878,1383.36
2006-08-16,1383.825,1407.31
2006-08-17,1406.446,1395.72
2006-08-18,1392.157,1384.9
2006-08-21,1339.518,1392.97
2006-08-22,1392.238,1408.85
2006-08-23,1409.879,1403.58
2006-08-24,1402.831,1416.9
2006-08-25,1418.12,1421.1
2006-08-28,1425.483,1457.32
2006-08-29,1460.521,1456.44
2006-08-30,1452.733,1468.66
2006-08-31,1469.862,1479.9
2006-09-01,1477.478,1451.95
2006-09-04,1456.675,1484.44
2006-09-05,1488.014,1490.15
2006-09-06,1491.839,1497.01
2006-09-07,1497.544,1472.51
2006-09-08,1470.826,1473.92
2006-09-11,1474.468,1481.93
2006-09-12,1481.995,1487.74
2006-09-13,1488.135,1466.04
2006-09-14,1464.458,1467.8
2006-09-15,1468.062,1484.69
2006-09-18,1487.862,1507.94
2006-09-19,1510.139,1512.96
2006-09-20,1510.35,1517.29
2006-09-21,1516.255,1521.95
2006-09-22,1522.79,1509.39
2006-09-25,1508.203,1514.28
2006-09-26,1513.468,1508.2
2006-09-27,1506.801,1522.45
2006-09-28,1523.032,1535.27
2006-09-29,1537.694,1550.8
2006-10-09,1562.488,1579.52
2006-10-10,1581.117,1588.81
2006-10-11,1587.636,1591.45
2006-10-12,1591.385,1567.29
2006-10-13,1566.008,1575.86
2006-10-16,1577.253,1567.09
2006-10-17,1566.742,1568.51
2006-10-18,1568.133,1588.59
2006-10-19,1589.394,1597.38
2006-10-20,1598.129,1587.9
2006-10-23,1586.823,1537.32
2006-10-24,1535.852,1577.09
2006-10-25,1579.576,1565.9
2006-10-26,1568.815,1556.69
2006-10-27,1555.109,1530.26
2006-10-30,1527.012,1527.22
2006-10-31,1526.527,1541.64
2006-11-01,1541.613,1548.52
2006-11-02,1548.204,1545.83
2006-11-03,1545.681,1549.66
2006-11-06,1540.086,1540.61
2006-11-07,1540.802,1525.65
2006-11-08,1524.978,1521.45
2006-11-09,1518.722,1537.86
2006-11-10,1539.204,1498.87
2006-11-13,1496.419,1445.68
2006-11-14,1443.576,1461.72
2006-11-15,1461.267,1484.45
2006-11-16,1485.913,1462.68
2006-11-17,1459.711,1476.75
2006-11-20,1476.473,1466.65
2006-11-21,1465.826,1477.68
2006-11-22,1478.119,1500.81
2006-11-23,1500.123,1509.32
2006-11-24,1509.633,1532.02
2006-11-27,1532.544,1567.05
2006-11-28,1567.008,1577.18
2006-11-29,1561.779,1597.0
2006-11-30,1599.047,1623.82
2006-12-01,1626.754,1629.21
2006-12-04,1631.614,1663.2
2006-12-05,1666.439,1675.46
2006-12-06,1674.311,1649.14
2006-12-07,1644.814,1632.91
2006-12-08,1618.157,1571.18
2006-12-11,1565.946,1621.26
2006-12-12,1626.034,1626.59
2006-12-13,1627.568,1634.84
2006-12-14,1636.549,1662.27
2006-12-15,1667.716,1689.67
2006-12-18,1699.07,1717.23
2006-12-19,1720.563,1724.53
2006-12-20,1706.199,1756.0
2006-12-21,1755.484,1737.38
2006-12-22,1721.338,1728.4
2006-12-25,1742.5,1744.82
2006-12-26,1747.979,1726.78
2006-12-27,1727.823,1738.53
2006-12-28,1739.853,1704.72
2006-12-29,1706.544,1726.15
2007-01-04,1738.933,1723.69
2007-01-05,1719.288,1770.48
2007-01-08,1773.019,1851.96
2007-01-09,1855.346,1891.87
2007-01-10,1896.709,1940.83
2007-01-11,1946.505,1952.24
2007-01-12,1941.342,1881.75
2007-01-15,1881.468,1986.54
2007-01-16,1991.695,2055.02
2007-01-17,2064.288,2035.65
2007-01-18,2025.85,2085.4
2007-01-19,2097.507,2159.64
2007-01-22,2183.441,2258.99
2007-01-23,2267.459,2261.79
2007-01-24,2260.711,2283.7
2007-01-25,2271.52,2174.24
2007-01-26,2143.994,2186.27
2007-01-29,2201.59,2260.6
2007-01-30,2271.476,2255.94
2007-01-31,2251.317,2142.89
2007-02-01,2120.012,2165.41
2007-02-02,2170.026,2127.1
2007-02-05,2122.369,2152.25
2007-02-06,2158.499,2198.24
2007-02-07,2209.648,2237.94
2007-02-08,2245.083,2278.45
2007-02-09,2282.626,2287.38
2007-02-12,2291.658,2341.07
2007-02-13,2351.652,2384.16
2007-02-14,2386.836,2435.96
2007-02-15,2451.434,2512.4
2007-02-16,2528.837,2541.41
2007-02-26,2557.25,2642.11
2007-02-27,2654.431,2405.57
2007-02-28,2370.948,2513.53
2007-03-01,2526.153,2459.51
2007-03-02,2458.263,2503.68
2007-03-05,2508.39,2511.92
2007-03-06,2501.283,2516.0
2007-03-07,2525.537,2580.6
2007-03-08,2587.749,2634.88
2007-03-09,2637.599,2638.05
2007-03-12,2639.897,2696.5
2007-03-13,2701.507,2727.46
2007-03-14,2704.448,2708.69
2007-03-15,2703.925,2760.84
2007-03-16,2769.15,2710.86
2007-03-19,2623.739,2751.48
2007-03-20,2761.006,2810.71
2007-03-21,2821.444,2859.01
2007-03-22,2869.753,2861.15
2007-03-23,2862.63,2898.0
2007-03-26,2915.047,2989.05
2007-03-27,2995.46,3039.53
2007-03-28,3048.506,3004.3
2007-03-29,3005.063,2894.78
2007-03-30,2878.238,2926.06
2007-04-02,2935.211,2993.63
2007-04-03,3004.896,3042.46
2007-04-04,3049.916,3078.9
2007-04-05,3076.757,3133.14
2007-04-06,3110.952,3182.8
2007-04-09,3201.146,3240.3
2007-04-10,3253.676,3261.53
2007-04-11,3267.614,3309.75
2007-04-12,3316.201,3387.41
2007-04-13,3393.958,3358.63
2007-04-16,3362.736,3458.07
2007-04-17,3482.362,3558.22
2007-04-18,3572.695,3649.71
2007-04-19,3642.852,3435.78
2007-04-20,3456.737,3614.39
2007-04-23,3667.557,3782.26
2007-04-24,3813.536,3821.42
2007-04-25,3802.692,3805.05
2007-04-26,3814.919,3853.27
2007-04-27,3861.052,3845.81
2007-04-30,3831.551,3903.69
2007-05-08,3990.707,4091.13
2007-05-09,4107.557,4099.13
2007-05-10,4103.572,4128.08
2007-05-11,4101.646,4109.4
2007-05-14,4051.844,4133.83
2007-05-15,4140.329,3998.78
2007-05-16,3981.823,4118.14
2007-05-17,4146.321,4221.91
2007-05-18,4219.612,4235.19
2007-05-21,4089.858,4364.16
2007-05-22,4402.922,4459.81
2007-05-23,4486.026,4582.31
2007-05-24,4606.146,4571.71
2007-05-25,4559.432,4649.86
2007-05-28,4707.692,4761.7
2007-05-29,4782.409,4853.64
2007-05-30,4486.507,4456.28
2007-05-31,4329.808,4267.78
2007-06-01,4260.766,3960.44
2007-06-04,3901.791,3618.69
2007-06-05,3430.549,3659.94
2007-06-06,3676.69,3736.93
2007-06-07,3751.673,3936.77
2007-06-08,3970.281,4002.87
2007-06-11,4057.165,4104.55
2007-06-12,4138.334,4218.44
2007-06-13,4263.624,4372.53
2007-06-14,4365.987,4311.98
2007-06-15,4262.75,4316.53
2007-06-18,4400.4,4439.19
2007-06-19,4446.692,4529.03
2007-06-20,4539.581,4396.22
2007-06-21,4372.357,4374.49
2007-06-22,4376.387,4123.22
2007-06-25,4139.279,3851.94
2007-06-26,3739.188,3928.7
2007-06-27,3944.357,4022.31
2007-06-28,4017.177,3757.98
2007-06-29,3636.31,3585.49
2007-07-02,3571.722,3644.79
2007-07-03,3675.359,3704.71
2007-07-04,3711.613,3622.52
2007-07-05,3562.279,3380.18
2007-07-06,3359.094,3591.38
2007-07-09,3627.974,3711.71
2007-07-10,3704.88,3606.19
2007-07-11,3581.904,3653.31
2007-07-12,3659.401,3671.18
2007-07-13,3671.468,3655.85
2007-07-16,3654.859,3532.06
2007-07-17,3514.277,3610.38
2007-07-18,3601.285,3624.34
2007-07-19,3615.965,3640.28
2007-07-20,3642.33,3788.74
2007-07-23,3813.98,3984.79
2007-07-24,4012.796,3993.02
2007-07-25,3991.356,4106.83
2007-07-26,4135.063,4190.88
2007-07-27,4171.897,4269.77
2007-07-30,4279.039,4353.09
2007-07-31,4349.606,4403.58
2007-08-01,4423.048,4161.14
2007-08-02,4181.49,4336.81
2007-08-03,4376.964,4408.05
2007-08-06,4446.202,4504.34
2007-08-07,4510.077,4470.14
2007-08-08,4435.793,4395.43
2007-08-09,4392.991,4442.06
2007-08-10,4443.121,4348.81
2007-08-13,4343.738,4329.77
2007-08-14,4329.951,4436.21
2007-08-15,4448.927,4412.8
2007-08-16,4396.903,4438.96
2007-08-17,4422.645,4390.88
2007-08-20,4475.398,4570.57
2007-08-21,4598.379,4625.28
2007-08-22,4566.177,4685.06
2007-08-23,4708.669,4733.84
2007-08-24,4752.301,4742.95
2007-08-27,4802.424,4724.54
2007-08-28,4706.026,4729.79
2007-08-29,4711.044,4701.44
2007-08-30,4721.39,4843.71
2007-08-31,4871.999,4897.64
2007-09-03,4941.976,5008.83
2007-09-04,5032.547,4980.53
2007-09-05,4985.499,5010.73
2007-09-06,5036.06,5065.52
2007-09-07,5036.79,4939.23
2007-09-10,4881.123,5038.94
2007-09-11,5041.227,4718.31
2007-09-12,4692.406,4770.77
2007-09-13,4788.87,4872.66
2007-09-14,4892.226,4936.69
2007-09-17,4926.839,5047.6
2007-09-18,5068.111,5096.24
2007-09-19,5106.859,5029.1
2007-09-20,5043.426,5079.08
2007-09-21,5093.252,5028.84
2007-09-24,5040.301,5054.73
2007-09-25,5054.473,5013.06
2007-09-26,5010.218,4932.52
2007-09-27,4934.373,4972.72
2007-09-28,5009.905,5083.65
2007-10-08,5169.239,5088.6
2007-10-09,5089.639,5141.89
2007-10-10,5157.894,5109.1
2007-10-11,5110.685,5005.5
2007-10-12,5005.566,4891.39
2007-10-15,4896.833,4890.6
2007-10-16,4898.386,4943.56
2007-10-17,4942.833,4929.54
2007-10-18,4923.335,4814.46
2007-10-19,4831.985,4813.95
2007-10-22,4775.675,4688.29
2007-10-23,4689.108,4688.72
2007-10-24,4700.008,4596.64
2007-10-25,4564.342,4251.5
2007-10-26,4196.256,4228.95
2007-10-29,4251.174,4288.79
2007-10-30,4303.705,4388.33
2007-10-31,4422.599,4550.18
2007-11-01,4557.645,4431.1
2007-11-02,4372.867,4329.63
2007-11-05,4306.723,4361.87
2007-11-06,4365.137,4395.01
2007-11-07,4404.777,4385.86
2007-11-08,4373.628,4205.65
2007-11-09,4174.469,4153.24
2007-11-12,4090.912,4098.56
2007-11-13,4121.091,4114.51
2007-11-14,4149.894,4264.0
2007-11-15,4258.369,4210.7
2007-11-16,4175.572,4217.23
2007-11-19,4228.578,4313.28
2007-11-20,4305.548,4371.68
2007-11-21,4381.334,4308.42
2007-11-22,4254.815,4113.31
2007-11-23,4084.577,4193.98
2007-11-26,4238.581,4151.88
2007-11-27,4130.097,4108.95
2007-11-28,4118.446,4078.04
2007-11-29,4108.445,4185.27
2007-11-30,4189.251,4122.93
2007-12-03,4113.202,4170.26
2007-12-04,4174.793,4194.02
2007-12-05,4190.481,4273.05
2007-12-06,4281.898,4291.07
2007-12-07,4295.293,4362.22
2007-12-10,4304.748,4483.83
2007-12-11,4495.5,4534.94
2007-12-12,4520.925,4544.68
2007-12-13,4533.092,4402.64
2007-12-14,4359.809,4499.53
2007-12-17,4512.374,4506.04
2007-12-18,4489.417,4467.81
2007-12-19,4490.765,4565.62
2007-12-20,4576.09,4621.39
2007-12-21,4603.76,4691.53
2007-12-24,4724.167,4772.64
2007-12-25,4780.468,4815.21
2007-12-26,4829.592,4912.84
2007-12-27,4933.728,4963.45
2007-12-28,4972.073,4947.6
2008-01-02,4963.048,5123.93
2008-01-03,5129.049,5230.75
2008-01-04,5241.087,5243.03
2008-01-07,5237.943,5347.81
2008-01-08,5358.804,5200.55
2008-01-09,5176.266,5356.48
2008-01-10,5372.824,5382.33
2008-01-11,5385.908,5376.8
2008-01-14,5382.732,5445.1
2008-01-15,5451.639,5487.09
2008-01-16,5461.877,5412.91
2008-01-17,5380.827,5270.96
2008-01-18,5268.897,5317.45
2008-01-21,5331.671,5097.23
2008-01-22,4976.794,4661.83
2008-01-23,4662.71,4912.06
2008-01-24,4951.38,5080.93
2008-01-25,5081.314,5096.69
2008-01-28,5073.627,4740.5
2008-01-29,4757.194,4840.64
2008-01-30,4878.403,4851.43
2008-01-31,4839.408,4663.42
2008-02-01,4653.541,4456.93
2008-02-04,4570.114,4820.39
2008-02-05,4818.547,4839.0
2008-02-13,4798.567,4813.58
2008-02-14,4842.945,4910.36
2008-02-15,4884.369,4886.02
2008-02-18,4953.022,5043.14
2008-02-19,5054.61,5133.36
2008-02-20,5152.282,5089.44
2008-02-21,5068.025,5153.6
2008-02-22,5140.124,5029.2
2008-02-25,5038.623,4869.65
2008-02-26,4974.704,4868.81
2008-02-27,4880.168,4977.34
2008-02-28,4986.441,4989.41
2008-02-29,4984.399,5057.62
2008-03-03,5044.939,5227.73
2008-03-04,5246.411,5192.59
2008-03-05,5171.785,5214.24
2008-03-06,5229.782,5223.82
2008-03-07,5194.663,5115.92
2008-03-10,5081.106,4948.35
2008-03-11,4906.142,5015.93
2008-03-12,5095.971,4881.03
2008-03-13,4829.237,4688.68
2008-03-14,4665.833,4662.32
2008-03-17,4641.916,4302.61
2008-03-18,4237.305,3986.32
2008-03-19,4065.0,4176.49
2008-03-20,4112.702,4347.74
2008-03-21,4347.277,4405.86
2008-03-24,4459.506,4314.58
2008-03-25,4233.95,4367.34
2008-03-26,4383.727,4352.05
2008-03-27,4298.392,4119.79
2008-03-28,4072.036,4241.45
2008-03-31,4129.93,4044.1
2008-04-01,4024.436,3704.27
2008-04-02,3725.186,3500.52
2008-04-03,3469.783,3588.76
2008-04-07,3544.309,3822.37
2008-04-08,3832.915,3908.8
2008-04-09,3887.996,3695.31
2008-04-10,3639.612,3803.46
2008-04-11,3831.04,3862.36
2008-04-14,3778.691,3607.22
2008-04-15,3588.237,3723.27
2008-04-16,3717.13,3633.68
2008-04-17,3632.821,3511.91
2008-04-18,3483.851,3338.27
2008-04-21,3578.804,3314.51
2008-04-22,3264.659,3266.38
2008-04-23,3238.456,3409.77
2008-04-24,3692.552,3723.07
2008-04-25,3716.508,3756.33
2008-04-28,3696.932,3729.56
2008-04-29,3714.793,3759.55
2008-04-30,3771.195,3903.18
2008-05-05,3943.199,4040.16
2008-05-06,4015.554,4024.99
2008-05-07,4001.596,3850.23
2008-05-08,3805.338,3985.2
2008-05-09,4014.165,3986.24
2008-05-12,3926.057,4069.15
2008-05-13,3944.546,4078.88
2008-05-14,4076.879,4168.49
2008-05-15,4186.744,4131.25
2008-05-16,4126.646,4071.91
2008-05-19,4059.284,4070.05
2008-05-20,4070.8,3813.94
2008-05-21,3757.057,3908.77
2008-05-22,3866.698,3871.55
2008-05-23,3857.226,3829.65
2008-05-26,3804.295,3728.75
2008-05-27,3712.763,3743.54
2008-05-28,3749.604,3847.26
2008-05-29,3839.548,3749.22
2008-05-30,3744.249,3755.63
2008-06-02,3747.585,3788.15
2008-06-03,3789.038,3771.1
2008-06-04,3759.877,3704.08
2008-06-05,3690.863,3657.49
2008-06-06,3662.051,3629.92
2008-06-10,3487.044,3312.79
2008-06-11,3250.436,3226.92
2008-06-12,3209.924,3197.55
2008-06-13,3202.27,3045.11
2008-06-16,3041.697,2977.82
2008-06-17,2974.089,2791.29
2008-06-18,2767.8,2951.84
2008-06-19,2927.163,2702.8
2008-06-20,2718.781,2764.28
2008-06-23,2726.449,2717.97
2008-06-24,2708.773,2806.77
2008-06-25,2805.594,2966.9
2008-06-26,2965.458,3003.3
2008-06-27,2902.02,2792.71
2008-06-30,2762.346,2813.72
2008-07-01,2819.53,2765.06
2008-07-02,2768.727,2811.23
2008-07-03,2776.919,2941.52
2008-07-04,2931.85,2941.09
2008-07-07,2948.695,3094.85
2008-07-08,3101.294,3142.32
2008-07-09,3148.61,3226.15
2008-07-10,3186.587,3152.49
2008-07-11,3133.682,3132.73
2008-07-14,3111.578,3198.35
2008-07-15,3208.552,3106.33
2008-07-16,3072.412,2948.53
2008-07-17,2991.353,2918.37
2008-07-18,2935.647,3015.8
2008-07-21,3002.465,3139.51
2008-07-22,3138.769,3150.02
2008-07-23,3161.213,3122.69
2008-07-24,3137.448,3200.74
2008-07-25,3167.898,3172.17
2008-07-28,3190.283,3215.85
2008-07-29,3179.777,3150.0
2008-07-30,3184.23,3132.77
2008-07-31,3139.788,3017.22
2008-08-01,3000.997,3063.81
2008-08-04,3044.145,2990.17
2008-08-05,2988.341,2897.73
2008-08-06,2913.876,2904.19
2008-08-07,2899.85,2923.75
2008-08-08,2924.925,2711.96
2008-08-11,2699.085,2508.59
2008-08-12,2467.685,2473.42
2008-08-13,2454.885,2472.3
2008-08-14,2458.801,2483.7
2008-08-15,2478.158,2473.72
2008-08-18,2479.396,2289.3
2008-08-19,2255.717,2327.02
2008-08-20,2316.684,2520.74
2008-08-21,2484.824,2431.1
2008-08-22,2412.875,2382.52
2008-08-25,2379.207,2374.06
2008-08-26,2347.807,2244.99
2008-08-27,2230.154,2237.87
2008-08-28,2232.707,2236.82
2008-08-29,2242.166,2307.16
2008-09-01,2290.413,2238.05
2008-09-02,2224.797,2253.77
2008-09-03,2246.729,2237.28
2008-09-04,2233.116,2254.69
2008-09-05,2193.564,2148.74
2008-09-08,2146.756,2039.89
2008-09-09,2044.3,2057.56
2008-09-10,2044.034,2072.81
2008-09-11,2068.178,2034.25
2008-09-12,2032.355,2038.66
2008-09-16,2036.378,1993.46
2008-09-17,1988.788,1956.04
2008-09-18,1915.315,1899.32
2008-09-19,2072.618,2086.83
2008-09-22,2213.525,2182.79
2008-09-23,2108.512,2042.2
2008-09-24,2006.014,2088.55
2008-09-25,2091.392,2138.07
2008-09-26,2144.515,2136.0
2008-10-06,2092.349,2054.04
2008-10-07,1994.019,2046.19
2008-10-08,2005.913,1995.61
2008-10-09,2034.559,1969.82
2008-10-10,1901.025,1837.4
2008-10-13,1814.541,1872.95
2008-10-14,1932.081,1816.32
2008-10-15,1801.392,1806.79
2008-10-16,1741.127,1704.57
2008-10-17,1717.579,1726.4
2008-10-20,1725.553,1786.56
2008-10-21,1793.651,1782.66
2008-10-22,1765.615,1748.84
2008-10-23,1716.298,1766.59
2008-10-24,1764.81,1741.18
2008-10-27,1711.824,1604.76
2008-10-28,1570.992,1642.06
2008-10-29,1662.037,1576.93
2008-10-30,1585.521,1590.23
2008-10-31,1590.448,1562.02
2008-11-03,1553.883,1539.8
2008-11-04,1533.759,1513.5
2008-11-05,1519.802,1563.37
2008-11-06,1530.032,1536.6
2008-11-07,1512.976,1561.22
2008-11-10,1585.297,1676.28
2008-11-11,1671.242,1662.85
2008-11-12,1648.089,1704.23
2008-11-13,1686.076,1784.5
2008-11-14,1802.251,1867.49
2008-11-17,1864.306,1959.07
2008-11-18,1949.219,1816.29
2008-11-19,1803.411,1944.33
2008-11-20,1916.872,1948.68
2008-11-21,1890.984,1921.04
2008-11-24,1920.545,1842.34
2008-11-25,1869.014,1827.64
2008-11-26,1825.334,1834.77
2008-11-27,1961.976,1861.52
2008-11-28,1845.296,1841.45
2008-12-01,1836.422,1919.48
2008-12-02,1878.345,1957.32
2008-12-03,1972.401,2039.93
2008-12-04,2062.64,2037.72
2008-12-05,2024.418,2098.66
2008-12-08,2128.682,2190.53
2008-12-09,2196.028,2134.58
2008-12-10,2123.033,2195.74
2008-12-11,2195.48,2127.18
2008-12-12,2107.473,2031.99
2008-12-15,2063.911,2073.03
2008-12-16,2058.662,2110.24
2008-12-17,2117.651,2136.31
2008-12-18,2135.682,2175.36
2008-12-19,2175.752,2194.99
2008-12-22,2196.394,2193.48
2008-12-23,2197.798,2054.54
2008-12-24,2020.953,2010.1
2008-12-25,2015.96,2003.49
2008-12-26,2006.137,1983.76
2008-12-29,1977.219,1984.76
2008-12-30,1983.461,1971.47
2008-12-31,1973.41,1939.43
2009-01-05,1969.628,2020.24
2009-01-06,2016.867,2091.89
2009-01-07,2092.735,2104.92
2009-01-08,2069.216,2052.3
2009-01-09,2050.326,2107.77
2009-01-12,2105.153,2137.84
2009-01-13,2116.107,2081.67
2009-01-14,2078.449,2160.06
2009-01-15,2143.045,2181.06
2009-01-16,2192.028,2195.63
2009-01-19,2209.134,2192.81
2009-01-20,2188.612,2214.84
2009-01-21,2187.186,2217.63
2009-01-22,2232.813,2256.37
2009-01-23,2253.319,2238.08
2009-02-02,2258.513,2306.77
2009-02-03,2307.882,2369.65
2009-02-04,2380.627,2423.89
2009-02-05,2421.359,2384.76
2009-02-06,2390.242,2493.74
2009-02-09,2528.803,2579.23
2009-02-10,2564.752,2653.21
2009-02-11,2609.007,2658.05
2009-02-12,2666.489,2707.92
2009-02-13,2714.637,2805.01
2009-02-16,2833.282,2854.44
2009-02-17,2844.215,2738.58
2009-02-18,2676.808,2632.91
2009-02-19,2661.602,2687.49
2009-02-20,2694.789,2776.96
2009-02-23,2769.624,2871.79
2009-02-24,2838.24,2754.24
2009-02-25,2780.337,2771.1
2009-02-26,2769.247,2571.28
2009-02-27,2528.598,2416.95
2009-03-02,2385.84,2478.81
2009-03-03,2416.111,2499.83
2009-03-04,2508.273,2651.41
2009-03-05,2680.329,2671.58
2009-03-06,2621.229,2653.47
2009-03-09,2661.954,2536.01
2009-03-10,2505.933,2601.42
2009-03-11,2646.609,2587.37
2009-03-12,2572.387,2597.23
2009-03-13,2606.88,2569.63
2009-03-16,2563.024,2603.06
2009-03-17,2608.224,2699.59
2009-03-18,2711.169,2734.55
2009-03-19,2737.38,2797.16
2009-03-20,2799.798,2784.11
2009-03-23,2784.89,2843.88
2009-03-24,2871.437,2865.33
2009-03-25,2849.912,2785.66
2009-03-26,2784.89,2853.41
2009-03-27,2871.391,2877.88
2009-03-30,2880.53,2883.21
2009-03-31,2825.933,2914.13
2009-04-01,2924.394,2962.84
2009-04-02,2972.744,2965.74
2009-04-03,2983.216,2934.25
2009-04-07,2941.39,2968.52
2009-04-08,2959.811,2867.17
2009-04-09,2862.103,2915.02
2009-04-10,2932.017,3009.38
2009-04-13,3030.699,3050.37
2009-04-14,3047.772,3099.43
2009-04-15,3084.042,3143.82
2009-04-16,3151.003,3159.26
2009-04-17,3152.361,3119.42
2009-04-20,3111.47,3205.88
2009-04-21,3173.537,3205.08
2009-04-22,3219.341,3042.64
2009-04-23,3013.087,3059.71
2009-04-24,3070.351,3036.76
2009-04-27,3034.234,2916.11
2009-04-28,2900.087,2959.95
2009-04-29,2963.206,3040.04
2009-04-30,3051.143,3086.22
2009-05-04,3096.385,3190.25
2009-05-05,3208.278,3220.62
2009-05-06,3215.601,3264.58
2009-05-07,3278.989,3242.63
2009-05-08,3227.219,3257.59
2009-05-11,3269.019,3134.57
2009-05-12,3105.86,3212.14
2009-05-13,3215.967,3234.15
2009-05-14,3211.213,3246.56
2009-05-15,3255.451,3270.74
2009-05-18,3265.004,3295.65
2009-05-19,3313.907,3325.53
2009-05-20,3328.117,3306.47
2009-05-21,3288.245,3247.48
2009-05-22,3235.409,3254.53
2009-05-25,3176.157,3271.5
2009-05-26,3274.631,3274.85
2009-05-27,3287.991,3276.75
2009-06-01,3302.007,3332.34
2009-06-02,3346.07,3353.92
2009-06-03,3351.78,3380.19
2009-06-04,3373.378,3375.87
2009-06-05,3379.922,3355.78
2009-06-08,3355.913,3350.24
2009-06-09,3347.855,3366.91
2009-06-10,3373.031,3403.21
2009-06-11,3399.554,3383.0
2009-06-12,3376.598,3309.59
2009-06-15,3303.735,3356.71
2009-06-16,3330.628,3349.35
2009-06-17,3346.651,3403.96
2009-06-18,3410.628,3431.28
2009-06-19,3433.206,3434.06
2009-06-22,3451.866,3405.13
2009-06-23,3365.239,3392.11
2009-06-24,3394.766,3431.44
2009-06-25,3434.999,3427.47
2009-06-26,3433.724,3448.46
2009-06-29,3451.78,3476.79
2009-06-30,3483.575,3452.26
2009-07-01,3446.442,3503.75
2009-07-02,3516.31,3540.51
2009-07-03,3519.697,3584.86
2009-07-06,3593.624,3592.64
2009-07-07,3588.672,3589.19
2009-07-08,3567.588,3633.43
2009-07-09,3637.388,3701.79
2009-07-10,3706.56,3719.97
2009-07-13,3711.443,3754.34
2009-07-14,3762.323,3813.88
2009-07-15,3824.324,3848.63
2009-07-16,3860.683,3829.21
2009-07-17,3827.249,3852.86
2009-07-20,3863.476,3919.43
2009-07-21,3922.111,3824.29
2009-07-22,3817.862,3894.56
2009-07-23,3900.012,3933.11
2009-07-24,3945.24,3907.97
2009-07-27,3918.263,3972.64
2009-07-28,3974.006,4022.91
2009-07-29,4013.033,3764.64
2009-07-30,3773.144,3803.12
2009-07-31,3826.189,3928.58
2009-08-03,3944.701,4020.27
2009-08-04,4024.685,4069.35
2009-08-05,4065.428,4069.34
2009-08-06,4040.221,4015.42
2009-08-07,4008.23,3893.13
2009-08-10,3935.048,3933.05
2009-08-11,3946.148,3953.29
2009-08-12,3944.347,3770.14
2009-08-13,3772.668,3778.14
2009-08-14,3780.396,3609.7
2009-08-17,3558.318,3358.1
2009-08-18,3326.871,3424.78
2009-08-19,3427.103,3247.53
2009-08-20,3247.208,3374.35
2009-08-21,3366.459,3468.04
2009-08-24,3472.489,3541.8
2009-08-25,3523.811,3485.92
2009-08-26,3466.22,3595.12
2009-08-27,3585.365,3629.51
2009-08-28,3615.075,3531.41
2009-08-31,3477.119,3278.0
2009-09-01,3242.925,3245.27
2009-09-02,3229.017,3265.07
2009-09-03,3266.178,3427.44
2009-09-04,3422.951,3489.06
2009-09-07,3502.999,3527.25
2009-09-08,3505.447,3592.81
2009-09-09,3598.014,3613.41
2009-09-10,3598.263,3581.68
2009-09-11,3567.624,3641.82
2009-09-14,3653.473,3736.58
2009-09-15,3742.442,3775.21
2009-09-16,3764.563,3781.06
2009-09-17,3785.248,3868.67
2009-09-18,3879.097,3739.73
2009-09-21,3704.17,3804.33
2009-09-22,3793.791,3708.2
2009-09-23,3693.036,3595.71
2009-09-24,3572.482,3568.67
2009-09-25,3555.467,3536.81
2009-09-28,3546.346,3434.66
2009-09-29,3430.285,3372.07
2009-09-30,3396.924,3400.62
2009-10-09,3456.078,3576.44
2009-10-12,3586.038,3597.86
2009-10-13,3591.614,3659.08
2009-10-14,3668.374,3692.65
2009-10-15,3711.097,3704.4
2009-10-16,3712.921,3716.9
2009-10-19,3719.531,3808.18
2009-10-20,3827.624,3865.83
2009-10-21,3859.515,3839.95
2009-10-22,3827.183,3855.77
2009-10-23,3858.454,3908.44
2009-10-26,3914.605,3911.65
2009-10-27,3884.568,3807.98
2009-10-28,3794.998,3846.42
2009-10-29,3786.73,3777.51
2009-10-30,3823.797,3827.68
2009-11-02,3754.94,3955.78
2009-11-03,3970.45,4053.21
2009-11-04,4057.022,4083.48
2009-11-05,4082.873,4125.78
2009-11-06,4147.835,4145.14
2009-11-09,4148.433,4176.19
2009-11-10,4193.656,4182.77
2009-11-11,4172.665,4199.55
2009-11-12,4203.623,4213.25
2009-11-13,4200.668,4267.01
2009-11-16,4295.72,4364.97
2009-11-17,4381.988,4387.55
2009-11-18,4386.133,4406.78
2009-11-19,4412.1,4476.14
2009-11-20,4462.574,4508.29
2009-11-23,4516.279,4591.34
2009-11-24,4607.037,4347.66
2009-11-25,4333.701,4512.08
2009-11-26,4519.134,4328.41
2009-11-27,4262.569,4215.34
2009-11-30,4251.957,4405.33
2009-12-01,4405.733,4525.29
2009-12-02,4547.976,4591.38
2009-12-03,4582.26,4621.94
2009-12-04,4614.681,4506.08
2009-12-07,4508.624,4581.24
2009-12-08,4584.156,4571.76
2009-12-09,4524.622,4498.15
2009-12-10,4517.707,4536.56
2009-12-11,4546.607,4534.76
2009-12-14,4533.36,4513.59
2009-12-15,4507.155,4523.49
2009-12-16,4509.823,4506.04
2009-12-17,4506.371,4364.93
2009-12-18,4318.065,4203.48
2009-12-21,4195.118,4256.39
2009-12-22,4260.742,4136.82
2009-12-23,4132.152,4210.17
2009-12-24,4213.825,4345.3
2009-12-25,4342.347,4376.19
2009-12-28,4388.783,4447.21
2009-12-29,4451.924,4463.6
2009-12-30,4459.726,4446.07
2009-12-31,4444.253,4485.26
2010-01-04,4508.933,4510.53
2010-01-05,4513.408,4557.48
2010-01-06,4553.37,4550.28
2010-01-07,4540.014,4459.16
2010-01-08,4439.204,4514.45
2010-01-11,4549.319,4542.95
2010-01-12,4535.302,4639.63
2010-01-13,4544.425,4591.02
2010-01-14,4598.405,4714.1
2010-01-15,4720.219,4747.65
2010-01-18,4744.323,4829.06
2010-01-19,4835.831,4830.02
2010-01-20,4830.416,4651.07
2010-01-21,4646.623,4667.21
2010-01-22,4613.193,4537.88
2010-01-25,4515.131,4481.16
2010-01-26,4467.518,4294.38
2010-01-27,4290.733,4267.11
2010-01-28,4266.055,4336.38
2010-01-29,4316.238,4374.65
2010-02-01,4366.493,4331.37
2010-02-02,4344.039,4301.77
2010-02-03,4299.967,4363.08
2010-02-04,4342.679,4408.44
2010-02-05,4312.546,4311.29
2010-02-08,4299.247,4310.89
2010-02-09,4300.319,4311.89
2010-02-10,4333.854,4366.25
2010-02-11,4367.724,4356.52
2010-02-12,4365.62,4416.22
2010-02-22,4412.556,4419.55
2010-02-23,4414.06,4459.16
2010-02-24,4438.394,4556.28
2010-02-25,4565.749,4629.97
2010-02-26,4618.638,4634.67
2010-03-01,4635.957,4686.27
2010-03-02,4692.603,4690.29
2010-03-03,4690.432,4758.43
2010-03-04,4763.634,4586.52
2010-03-05,4590.89,4604.59
2010-03-08,4618.854,4654.58
2010-03-09,4653.066,4660.13
2010-03-10,4659.496,4598.99
2010-03-11,4594.499,4562.87
2010-03-12,4561.608,4492.86
2010-03-15,4485.875,4454.76
2010-03-16,4453.817,4491.47
2010-03-17,4500.424,4616.05
2010-03-18,4627.995,4630.95
2010-03-19,4632.047,4663.9
2010-03-22,4669.415,4690.2
2010-03-23,4690.277,4658.63
2010-03-24,4662.982,4683.06
2010-03-25,4675.223,4620.75
2010-03-26,4609.751,4686.93
2010-03-29,4701.788,4723.61
2010-03-30,4720.574,4744.42
2010-03-31,4744.347,4756.16
2010-04-01,4756.294,4827.21
2010-04-02,4833.815,4843.18
2010-04-06,4853.324,4852.9
2010-04-07,4851.832,4863.64
2010-04-08,4856.409,4864.92
2010-04-09,4866.523,4939.18
2010-04-12,4948.103,4976.38
2010-04-13,4977.754,4919.87
2010-04-14,4910.703,4977.51
2010-04-15,4975.081,4914.75
2010-04-16,4900.6,4898.67
2010-04-19,4850.867,4688.84
2010-04-20,4680.193,4749.93
2010-04-21,4753.12,4893.98
2010-04-22,4881.26,4902.41
2010-04-23,4892.033,4864.16
2010-04-26,4868.722,4866.55
2010-04-27,4852.194,4739.27
2010-04-28,4682.324,4714.43
2010-04-29,4730.49,4561.4
2010-04-30,4540.651,4438.68
2010-05-04,4353.451,4434.13
2010-05-05,4388.506,4564.81
2010-05-06,4557.445,4419.78
2010-05-07,4313.654,4350.76
2010-05-10,4346.704,4269.11
2010-05-11,4350.769,4144.35
2010-05-12,4100.608,4042.52
2010-05-13,4042.313,4157.84
2010-05-14,4129.891,4184.84
2010-05-17,4125.659,3915.75
2010-05-18,3894.09,3972.15
2010-05-19,3946.151,3977.38
2010-05-20,3941.613,3901.26
2010-05-21,3787.155,3982.39
2010-05-24,4016.354,4163.48
2010-05-25,4134.935,4133.35
2010-05-26,4117.488,4144.66
2010-05-27,4133.328,4218.64
2010-05-28,4254.847,4235.32
2010-05-31,4214.619,4104.36
2010-06-01,4059.416,4025.79
2010-06-02,4004.132,4083.62
2010-06-03,4099.86,4053.99
2010-06-04,4025.282,4089.04
2010-06-07,4000.652,4072.57
2010-06-08,4064.786,4109.32
2010-06-09,4124.806,4211.88
2010-06-10,4191.297,4223.57
2010-06-11,4239.064,4198.0
2010-06-17,4221.596,4145.24
2010-06-18,4131.682,3972.29
2010-06-21,3960.253,4087.02
2010-06-22,4081.64,4119.72
2010-06-23,4098.261,4094.57
2010-06-24,4090.979,4095.3
2010-06-25,4079.189,4028.43
2010-06-28,4023.105,3961.38
2010-06-29,3960.674,3736.98
2010-06-30,3699.177,3664.46
2010-07-01,3657.953,3606.59
2010-07-02,3600.764,3585.58
2010-07-05,3535.739,3563.88
2010-07-06,3556.186,3665.33
2010-07-07,3672.148,3718.66
2010-07-08,3729.236,3698.34
2010-07-09,3699.309,3807.6
2010-07-12,3809.747,3849.52
2010-07-13,3816.462,3788.75
2010-07-14,3795.215,3824.05
2010-07-15,3817.183,3735.4
2010-07-16,3713.657,3757.43
2010-07-19,3718.127,3842.31
2010-07-20,3849.044,3951.36
2010-07-21,3953.776,3959.43
2010-07-22,3947.99,4017.86
2010-07-23,4020.917,4015.47
2010-07-26,4023.06,4071.09
2010-07-27,4062.247,4068.86
2010-07-28,4061.018,4162.32
2010-07-29,4170.762,4194.04
2010-07-30,4181.218,4191.13
2010-08-02,4192.665,4267.9
2010-08-03,4277.269,4193.64
2010-08-04,4178.187,4248.01
2010-08-05,4247.055,4267.96
2010-08-06,4260.628,4356.01
2010-08-09,4357.184,4413.57
2010-08-10,4412.268,4246.46
2010-08-11,4230.349,4297.9
2010-08-12,4248.982,4241.59
2010-08-13,4240.493,4323.05
2010-08-16,4322.015,4423.31
2010-08-17,4436.376,4457.76
2010-08-18,4462.581,4457.13
2010-08-19,4456.276,4461.49
2010-08-20,4442.689,4366.6
2010-08-23,4363.171,4404.72
2010-08-24,4401.526,4456.5
2010-08-25,4428.356,4368.3
2010-08-26,4376.919,4399.28
2010-08-27,4393.986,4431.44
2010-08-30,4453.047,4553.02
2010-08-31,4541.768,4589.29
2010-09-01,4595.209,4530.23
2010-09-02,4562.436,4625.4
2010-09-03,4632.26,4662.96
2010-09-06,4682.259,4651.96
2010-09-07,4650.947,4679.94
2010-09-08,4660.903,4720.38
2010-09-09,4730.862,4658.01
2010-09-10,4655.704,4705.31
2010-09-13,4713.059,4789.69
2010-09-14,4796.468,4805.42
2010-09-15,4802.608,4730.14
2010-09-16,4721.559,4610.92
2010-09-17,4616.573,4603.49
2010-09-20,4608.853,4553.12
2010-09-21,4561.665,4546.72
2010-09-27,4570.606,4673.6
2010-09-28,4672.155,4654.35
2010-09-29,4648.165,4590.32
2010-09-30,4564.808,4660.6
2010-10-08,4696.382,4767.97
2010-10-11,4784.658,4789.16
2010-10-12,4772.911,4806.03
2010-10-13,4808.392,4836.74
2010-10-14,4842.691,4679.55
2010-10-15,4654.273,4691.45
2010-10-18,4699.029,4636.64
2010-10-19,4637.962,4778.61
2010-10-20,4682.65,4794.19
2010-10-21,4805.704,4833.8
2010-10-22,4837.331,4877.93
2010-10-25,4894.852,4998.5
2010-10-26,5010.026,5046.15
2010-10-27,5046.207,4994.77
2010-10-28,4978.535,4999.59
2010-10-29,5005.655,5055.49
2010-11-01,5072.753,5199.52
2010-11-02,5211.47,5173.07
2010-11-03,5165.913,5098.54
2010-11-04,5104.779,5228.3
2010-11-05,5274.568,5311.77
2010-11-08,5338.511,5431.09
2010-11-09,5435.365,5467.84
2010-11-10,5459.398,5484.74
2010-11-11,5462.759,5440.1
2010-11-12,5411.867,5111.19
2010-11-15,5117.163,5255.27
2010-11-16,5259.518,5068.47
2010-11-17,4989.798,4855.85
2010-11-18,4885.908,4932.4
2010-11-19,4959.062,5081.03
2010-11-22,5049.468,5150.67
2010-11-23,5129.375,5063.24
2010-11-24,5022.129,5206.15
2010-11-25,5228.268,5259.81
2010-11-26,5255.257,5227.65
2010-11-29,5214.452,5248.75
2010-11-30,5238.505,5110.88
2010-12-01,5090.405,5116.84
2010-12-02,5175.261,5138.49
2010-12-03,5135.83,5100.37
2010-12-06,5103.862,5016.53
2010-12-07,4999.586,5084.58
2010-12-08,5077.549,5069.97
2010-12-09,5047.043,4964.9
2010-12-10,4944.934,5039.17
2010-12-13,5063.008,5179.02
2010-12-14,5194.941,5244.04
2010-12-15,5244.804,5230.68
2010-12-16,5219.083,5216.85
2010-12-17,5212.139,5228.34
2010-12-20,5246.418,5163.53
2010-12-21,5166.334,5222.79
2010-12-22,5225.767,5174.54
2010-12-23,5161.254,5069.52
2010-12-24,5046.938,4991.54
2010-12-27,4993.383,4849.63
2010-12-28,4820.827,4730.5
2010-12-29,4730.628,4812.53
2010-12-30,4810.443,4828.49
2010-12-31,4833.891,4936.72
2011-01-04,4964.216,5011.5
2011-01-05,4989.109,5028.77
2011-01-06,5026.328,5001.28
2011-01-07,4990.694,4975.14
2011-01-10,4966.561,4830.56
2011-01-11,4811.158,4804.82
2011-01-12,4813.485,4833.58
2011-01-13,4851.685,4826.76
2011-01-14,4816.666,4723.43
2011-01-17,4690.874,4519.91
2011-01-18,4502.06,4536.96
2011-01-19,4538.989,4646.09
2011-01-20,4637.774,4477.36
2011-01-21,4459.986,4506.32
2011-01-24,4506.615,4398.5
2011-01-25,4390.158,4341.91
2011-01-26,4339.86,4424.89
2011-01-27,4397.931,4502.81
2011-01-28,4497.833,4548.21
2011-01-31,4544.334,4610.86
2011-02-01,4612.399,4630.58
2011-02-09,4597.54,4609.72
2011-02-10,4604.841,4733.97
2011-02-11,4736.276,4786.81
2011-02-14,4792.858,4872.5
2011-02-15,4878.684,4869.69
2011-02-16,4860.891,4952.67
2011-02-17,4962.125,4987.48
2011-02-18,4977.218,4941.43
2011-02-21,4911.809,5042.97
2011-02-22,5052.362,4909.75
2011-02-23,4891.248,4979.06
2011-02-24,4976.34,5027.73
2011-02-25,5019.507,5032.8
2011-02-28,5040.225,5095.21
2011-03-01,5099.697,5122.44
2011-03-02,5099.475,5108.74
2011-03-03,5106.393,5009.05
2011-03-04,5005.554,5067.62
2011-03-07,5085.457,5138.25
2011-03-08,5135.35,5165.73
2011-03-09,5168.134,5181.37
2011-03-10,5174.023,5143.41
2011-03-11,5118.075,5139.75
2011-03-14,5127.145,5190.04
2011-03-15,5178.083,5131.33
2011-03-16,5122.273,5199.36
2011-03-17,5151.634,5104.13
2011-03-18,5133.768,5126.93
2011-03-21,5120.674,5086.11
2011-03-22,5093.406,5085.81
2011-03-23,5084.773,5155.34
2011-03-24,5159.194,5169.26
2011-03-25,5164.829,5212.35
2011-03-28,5223.065,5199.55
2011-03-29,5185.676,5111.15
2011-03-30,5101.119,5064.55
2011-03-31,5065.118,5000.4
2011-04-01,4999.768,5065.08
2011-04-06,5046.9,5057.84
2011-04-07,5056.087,5089.75
2011-04-08,5087.313,5148.8
2011-04-11,5157.07,5107.14
2011-04-12,5096.567,5114.46
2011-04-13,5098.647,5165.21
2011-04-14,5162.307,5150.87
2011-04-15,5143.302,5162.42
2011-04-18,5149.338,5178.89
2011-04-19,5149.652,5116.14
2011-04-20,5116.116,5152.4
2011-04-21,5169.622,5188.11
2011-04-22,5187.761,5165.12
2011-04-25,5152.073,5054.77
2011-04-26,5033.788,4970.57
2011-04-27,4977.955,4913.5
2011-04-28,4920.939,4755.42
2011-04-29,4749.535,4836.87
2011-05-03,4836.86,4920.57
2011-05-04,4900.435,4814.78
2011-05-05,4792.128,4827.21
2011-05-06,4787.523,4849.97
2011-05-09,4855.837,4889.92
2011-05-10,4893.949,4918.67
2011-05-11,4919.246,4929.49
2011-05-12,4896.34,4863.8
2011-05-13,4860.03,4902.56
2011-05-16,4900.008,4900.71
2011-05-17,4892.289,4873.95
2011-05-18,4859.322,4906.19
2011-05-19,4912.811,4879.89
2011-05-20,4875.085,4863.19
2011-05-23,4853.902,4679.53
2011-05-24,4656.016,4672.08
2011-05-25,4667.638,4618.75
2011-05-26,4635.944,4572.94
2011-05-27,4561.768,4428.89
2011-05-30,4403.001,4345.05
2011-05-31,4347.994,4444.28
2011-06-01,4439.384,4490.89
2011-06-02,4434.864,4430.0
2011-06-03,4425.492,4506.2
2011-06-07,4496.956,4547.3
2011-06-08,4542.696,4562.97
2011-06-09,4552.066,4456.73
2011-06-10,4442.512,4469.05
2011-06-13,4439.871,4468.79
2011-06-14,4466.991,4540.94
2011-06-15,4531.359,4499.69
2011-06-16,4461.254,4402.14
2011-06-17,4392.986,4337.37
2011-06-20,4325.601,4278.75
2011-06-21,4286.356,4338.42
2011-06-22,4341.357,4321.22
2011-06-23,4307.816,4402.94
2011-06-24,4390.09,4509.18
2011-06-27,4511.765,4568.19
2011-06-28,4569.76,4574.48
2011-06-29,4570.848,4511.55
2011-06-30,4506.746,4579.33
2011-07-01,4589.179,4604.75
2011-07-04,4617.951,4719.39
2011-07-05,4722.323,4749.42
2011-07-06,4742.169,4760.92
2011-07-07,4757.072,4761.45
2011-07-08,4755.747,4756.61
2011-07-11,4741.98,4799.42
2011-07-12,4762.096,4731.12
2011-07-13,4729.199,4825.42
2011-07-14,4833.757,4866.17
2011-07-15,4853.752,4896.04
2011-07-18,4902.222,4895.26
2011-07-19,4871.682,4843.71
2011-07-20,4864.279,4849.06
2011-07-21,4846.338,4784.39
2011-07-22,4791.457,4800.94
2011-07-25,4784.969,4613.73
2011-07-26,4604.985,4633.37
2011-07-27,4621.504,4710.38
2011-07-28,4670.918,4680.9
2011-07-29,4678.778,4628.32
2011-08-01,4622.695,4644.46
2011-08-02,4627.379,4610.78
2011-08-03,4565.752,4625.17
2011-08-04,4631.421,4649.43
2011-08-05,4504.08,4559.02
2011-08-08,4494.379,4330.77
2011-08-09,4199.129,4317.11
2011-08-10,4389.155,4378.7
2011-08-11,4283.233,4454.39
2011-08-12,4483.853,4505.89
2011-08-15,4514.647,4571.72
2011-08-16,4578.348,4533.32
2011-08-17,4520.68,4513.48
2011-08-18,4510.134,4436.1
2011-08-19,4341.186,4395.02
2011-08-22,4395.035,4363.96
2011-08-23,4376.26,4434.92
2011-08-24,4453.429,4427.98
2011-08-25,4432.404,4520.17
2011-08-26,4506.087,4530.42
2011-08-29,4509.896,4490.16
2011-08-30,4511.257,4451.73
2011-08-31,4449.68,4430.54
2011-09-01,4435.334,4395.07
2011-09-02,4387.304,4344.98
2011-09-05,4305.439,4238.07
2011-09-06,4205.089,4204.91
2011-09-07,4221.986,4306.36
2011-09-08,4320.535,4260.16
2011-09-09,4256.482,4233.75
2011-09-13,4176.304,4164.29
2011-09-14,4176.038,4212.13
2011-09-15,4215.371,4215.5
2011-09-16,4229.007,4214.82
2011-09-19,4200.48,4131.89
2011-09-20,4121.034,4151.85
2011-09-21,4150.813,4275.09
2011-09-22,4241.419,4151.8
2011-09-23,4079.055,4117.73
2011-09-26,4102.613,4051.43
2011-09-27,4077.226,4068.23
2011-09-28,4088.777,3999.78
2011-09-29,3977.135,3871.06
2011-09-30,3875.025,3856.83
2011-10-10,3866.858,3832.58
2011-10-11,3919.444,3817.93
2011-10-12,3803.964,3950.66
2011-10-13,3943.161,4001.85
2011-10-14,3994.73,3985.19
2011-10-17,3993.748,3997.12
2011-10-18,3974.46,3877.02
2011-10-19,3882.018,3854.17
2011-10-20,3841.264,3740.47
2011-10-21,3733.706,3671.7
2011-10-24,3675.721,3736.77
2011-10-25,3735.627,3842.98
2011-10-26,3818.24,3884.39
2011-10-27,3890.256,3888.99
2011-10-28,3932.852,3978.8
2011-10-31,3975.07,3999.36
2011-11-01,3963.369,3999.83
2011-11-02,3937.897,4072.78
2011-11-03,4085.504,4097.62
2011-11-04,4115.097,4131.13
2011-11-07,4125.023,4114.77
2011-11-08,4115.774,4057.56
2011-11-09,4065.195,4126.0
2011-11-10,4080.357,4064.37
2011-11-11,4069.397,4062.14
2011-11-14,4092.058,4159.57
2011-11-15,4159.165,4192.67
2011-11-16,4194.372,4088.32
2011-11-17,4086.51,4079.54
2011-11-18,4054.461,3963.26
2011-11-21,3956.397,3966.64
2011-11-22,3932.5,3957.93
2011-11-23,3964.147,3942.7
2011-11-24,3909.385,3935.27
2011-11-25,3931.099,3911.36
2011-11-28,3916.001,3915.3
2011-11-29,3945.358,3980.62
2011-11-30,3974.724,3819.94
2011-12-01,3923.166,3897.02
2011-12-02,3878.013,3817.04
2011-12-05,3806.47,3692.23
2011-12-06,3679.732,3691.8
2011-12-07,3689.047,3702.1
2011-12-08,3695.874,3700.09
2011-12-09,3672.588,3663.84
2011-12-12,3663.565,3616.09
2011-12-13,3597.092,3490.4
2011-12-14,3477.042,3423.47
2011-12-15,3401.504,3329.58
2011-12-16,3328.208,3427.21
2011-12-19,3408.569,3434.85
2011-12-20,3422.763,3424.45
2011-12-21,3449.368,3342.4
2011-12-22,3315.835,3298.72
2011-12-23,3286.444,3327.39
2011-12-26,3321.979,3308.07
2011-12-27,3297.415,3224.15
2011-12-28,3201.31,3207.4
2011-12-29,3190.192,3207.18
2011-12-30,3214.2,3266.78
2012-01-04,3290.815,3192.23
2012-01-05,3173.009,3074.37
2012-01-06,3060.45,3087.55
2012-01-09,3089.444,3212.9
2012-01-10,3211.572,3345.39
2012-01-11,3342.549,3346.74
2012-01-12,3330.895,3345.81
2012-01-13,3343.526,3233.7
2012-01-16,3201.013,3130.56
2012-01-17,3128.514,3304.88
2012-01-18,3310.034,3237.85
2012-01-19,3230.88,3270.77
2012-01-20,3276.478,3315.6
2012-01-30,3326.611,3292.41
2012-01-31,3284.895,3294.49
2012-02-01,3287.218,3266.23
2012-02-02,3271.59,3328.15
2012-02-03,3324.399,3383.05
2012-02-06,3387.224,3412.41
2012-02-07,3397.771,3356.84
2012-02-08,3351.043,3445.52
2012-02-09,3441.79,3469.85
2012-02-10,3463.968,3488.23
2012-02-13,3458.815,3519.88
2012-02-14,3516.614,3524.63
2012-02-15,3518.795,3578.15
2012-02-16,3572.319,3577.2
2012-02-17,3582.517,3565.31
2012-02-20,3610.742,3574.46
2012-02-21,3569.229,3618.3
2012-02-22,3617.174,3689.0
2012-02-23,3686.733,3700.89
2012-02-24,3698.683,3756.83
2012-02-27,3767.606,3764.33
2012-02-28,3748.335,3745.58
2012-02-29,3733.625,3696.14
2012-03-01,3679.037,3715.67
2012-03-02,3719.961,3794.42
2012-03-05,3805.679,3798.38
2012-03-06,3786.163,3760.59
2012-03-07,3718.768,3732.71
2012-03-08,3741.482,3791.83
2012-03-09,3802.094,3848.11
2012-03-12,3852.605,3871.12
2012-03-13,3867.967,3910.06
2012-03-14,3924.493,3734.32
2012-03-15,3726.361,3689.01
2012-03-16,3693.32,3786.62
2012-03-19,3788.392,3829.7
2012-03-20,3819.718,3746.28
2012-03-21,3757.003,3760.05
2012-03-22,3754.875,3742.39
2012-03-23,3727.147,3670.13
2012-03-26,3661.392,3666.28
2012-03-27,3681.745,3652.88
2012-03-28,3638.77,3490.01
2012-03-29,3471.355,3425.7
2012-03-30,3422.816,3416.86
2012-04-05,3420.027,3531.55
2012-04-06,3530.633,3554.03
2012-04-09,3544.006,3512.91
2012-04-10,3496.127,3554.04
2012-04-11,3513.502,3566.48
2012-04-12,3568.818,3640.41
2012-04-13,3653.606,3675.03
2012-04-16,3644.665,3685.48
2012-04-17,3679.924,3631.56
2012-04-18,3637.549,3714.02
2012-04-19,3712.534,3704.71
2012-04-20,3696.663,3736.37
2012-04-23,3731.545,3691.57
2012-04-24,3658.62,3666.4
2012-04-25,3654.748,3718.91
2012-04-26,3720.744,3700.03
2012-04-27,3690.161,3664.64
2012-05-02,3707.817,3718.26
2012-05-03,3707.509,3733.82
2012-05-04,3730.719,3758.0
2012-05-07,3741.667,3784.56
2012-05-08,3783.081,3783.47
2012-05-09,3759.39,3717.47
2012-05-10,3713.401,3731.13
2012-05-11,3727.592,3715.39
2012-05-14,3745.832,3710.1
2012-05-15,3679.338,3705.88
2012-05-16,3696.611,3660.31
2012-05-17,3656.829,3714.19
2012-05-18,3691.645,3655.86
2012-05-21,3650.927,3653.55
2012-05-22,3666.141,3711.06
2012-05-23,3702.815,3708.92
2012-05-24,3697.913,3678.09
2012-05-25,3675.514,3635.52
2012-05-28,3622.134,3687.46
2012-05-29,3686.577,3745.68
2012-05-30,3739.04,3752.22
2012-05-31,3732.464,3753.59
2012-06-01,3752.022,3744.44
2012-06-04,3684.039,3621.81
2012-06-05,3625.138,3617.61
2012-06-06,3621.633,3600.16
2012-06-07,3635.575,3581.14
2012-06-08,3615.114,3564.16
2012-06-11,3565.331,3630.31
2012-06-12,3611.919,3608.39
2012-06-13,3615.717,3674.88
2012-06-14,3669.041,3652.71
2012-06-15,3657.784,3648.99
2012-06-18,3663.141,3684.73
2012-06-19,3681.686,3657.96
2012-06-20,3663.986,3636.09
2012-06-21,3628.219,3590.84
2012-06-25,3576.37,3493.12
2012-06-26,3474.162,3489.97
2012-06-27,3486.512,3476.4
2012-06-28,3484.228,3427.82
2012-06-29,3413.334,3470.97
2012-07-02,3491.75,3509.5
2012-07-03,3507.632,3515.78
2012-07-04,3519.51,3497.75
2012-07-05,3486.807,3418.2
2012-07-06,3436.31,3486.55
2012-07-09,3464.023,3398.81
2012-07-10,3386.634,3365.67
2012-07-11,3358.558,3404.1
2012-07-12,3398.618,3450.3
2012-07-13,3435.169,3435.08
2012-07-16,3434.509,3311.09
2012-07-17,3297.156,3334.29
2012-07-18,3328.125,3352.85
2012-07-19,3343.242,3392.66
2012-07-20,3382.82,3369.91
2012-07-23,3347.874,3337.86
2012-07-24,3317.219,3361.09
2012-07-25,3350.908,3332.09
2012-07-26,3329.015,3302.34
2012-07-27,3312.378,3283.59
2012-07-30,3280.102,3217.45
2012-07-31,3211.101,3159.19
2012-08-01,3152.726,3216.18
2012-08-02,3212.045,3195.86
2012-08-03,3203.118,3259.86
2012-08-06,3250.788,3337.27
2012-08-07,3336.218,3368.25
2012-08-08,3363.762,3356.49
2012-08-09,3351.45,3405.06
2012-08-10,3400.934,3395.85
2012-08-13,3386.033,3318.1
2012-08-14,3312.815,3349.59
2012-08-15,3340.877,3310.84
2012-08-16,3301.742,3286.83
2012-08-17,3283.26,3286.78
2012-08-20,3270.987,3289.44
2012-08-21,3287.731,3335.75
2012-08-22,3338.079,3306.11
2012-08-23,3303.697,3327.99
2012-08-24,3318.854,3265.75
2012-08-27,3250.692,3184.33
2012-08-28,3179.772,3200.99
2012-08-29,3197.343,3179.54
2012-08-30,3174.31,3129.5
2012-08-31,3122.528,3139.5
2012-09-03,3135.234,3200.31
2012-09-04,3202.492,3164.83
2012-09-05,3158.013,3181.8
2012-09-06,3187.114,3217.94
2012-09-07,3240.652,3334.66
2012-09-10,3343.811,3363.61
2012-09-11,3352.626,3350.09
2012-09-12,3360.258,3376.12
2012-09-13,3374.786,3329.3
2012-09-14,3356.24,3338.04
2012-09-17,3334.703,3237.7
2012-09-18,3222.979,3224.26
2012-09-19,3227.363,3255.87
2012-09-20,3253.528,3161.76
2012-09-21,3153.605,3143.71
2012-09-24,3129.535,3167.16
2012-09-25,3159.129,3144.41
2012-09-26,3138.8,3071.99
2012-09-27,3065.582,3141.08
2012-09-28,3129.765,3199.75
2012-10-08,3198.884,3183.37
2012-10-09,3185.213,3265.62
2012-10-10,3257.445,3296.92
2012-10-11,3288.057,3248.05
2012-10-12,3256.971,3240.4
2012-10-15,3237.29,3223.19
2012-10-16,3219.42,3233.23
2012-10-17,3237.638,3240.78
2012-10-18,3241.273,3294.84
2012-10-19,3292.958,3285.45
2012-10-22,3269.04,3298.49
2012-10-23,3298.449,3259.07
2012-10-24,3242.874,3257.92
2012-10-25,3257.723,3226.17
2012-10-26,3221.073,3163.3
2012-10-29,3158.108,3158.94
2012-10-30,3156.743,3160.69
2012-10-31,3159.22,3168.1
2012-11-01,3169.795,3228.19
2012-11-02,3229.953,3249.55
2012-11-05,3244.301,3235.35
2012-11-06,3233.423,3213.26
2012-11-07,3210.844,3209.14
2012-11-08,3183.081,3129.57
2012-11-09,3123.088,3116.98
2012-11-12,3118.11,3136.31
2012-11-13,3136.953,3072.12
2012-11-14,3069.378,3081.25
2012-11-15,3066.89,3026.84
2012-11-16,3021.292,3009.15
2012-11-19,3007.682,3016.16
2012-11-20,3023.073,3004.18
2012-11-21,3000.935,3035.28
2012-11-22,3021.302,2995.09
2012-11-23,2993.169,3005.46
2012-11-26,3004.168,2970.32
2012-11-27,2960.615,2864.17
2012-11-28,2854.08,2800.54
2012-11-29,2799.963,2774.18
2012-11-30,2773.229,2816.62
2012-12-03,2816.299,2749.13
2012-12-04,2739.497,2783.41
2012-12-05,2775.415,2886.19
2012-12-06,2884.809,2884.35
2012-12-07,2883.161,2950.19
2012-12-10,2950.997,3002.23
2012-12-11,2993.382,2982.03
2012-12-12,2978.723,2982.89
2012-12-13,2976.58,2943.28
2012-12-14,2939.309,3066.23
2012-12-17,3073.928,3091.88
2012-12-18,3087.314,3086.58
2012-12-19,3082.377,3099.09
2012-12-20,3092.925,3108.86
2012-12-21,3110.813,3101.07
2012-12-24,3093.975,3117.7
2012-12-25,3110.971,3189.09
2012-12-26,3187.204,3228.68
2012-12-27,3232.788,3199.48
2012-12-28,3195.209,3235.2
2012-12-31,3242.961,3275.86
2013-01-04,3297.042,3258.25
2013-01-07,3253.675,3288.37
2013-01-08,3288.125,3327.04
2013-01-09,3321.768,3334.99
2013-01-10,3335.088,3356.35
2013-01-11,3357.471,3271.18
2013-01-14,3264.157,3384.75
2013-01-15,3390.327,3450.68
2013-01-16,3448.278,3450.56
2013-01-17,3444.466,3408.02
2013-01-18,3416.454,3464.65
2013-01-21,3475.196,3491.12
2013-01-22,3487.567,3435.43
2013-01-23,3422.773,3441.75
2013-01-24,3442.616,3369.73
2013-01-25,3363.428,3364.06
2013-01-28,3362.47,3449.79
2013-01-29,3451.664,3482.52
2013-01-30,3482.569,3500.58
2013-01-31,3497.282,3479.64
2013-02-01,3471.27,3507.71
2013-02-04,3517.459,3484.36
2013-02-05,3466.595,3520.65
2013-02-06,3521.665,3544.39
2013-02-07,3539.478,3557.67
2013-02-08,3554.15,3608.59
2013-02-18,3625.038,3627.78
2013-02-19,3624.943,3561.36
2013-02-20,3555.599,3635.38
2013-02-21,3612.723,3560.32
2013-02-22,3552.671,3548.36
2013-02-25,3551.6,3587.59
2013-02-26,3573.95,3533.2
2013-02-27,3538.941,3535.9
2013-02-28,3544.065,3608.2
2013-03-01,3608.616,3648.42
2013-03-04,3614.561,3518.72
2013-03-05,3516.524,3597.92
2013-03-06,3605.359,3653.93
2013-03-07,3648.28,3609.64
2013-03-08,3608.896,3570.38
2013-03-11,3568.627,3571.11
2013-03-12,3570.474,3481.18
2013-03-13,3473.265,3449.35
2013-03-14,3443.772,3464.85
2013-03-15,3466.888,3471.21
2013-03-18,3461.873,3427.12
2013-03-19,3421.735,3438.07
2013-03-20,3436.843,3527.77
2013-03-21,3527.762,3565.02
2013-03-22,3561.122,3579.92
2013-03-25,3581.308,3568.52
2013-03-26,3556.298,3543.81
2013-03-27,3541.379,3552.26
2013-03-28,3526.542,3448.98
2013-03-29,3449.282,3447.29
2013-04-01,3449.54,3470.96
2013-04-02,3471.691,3428.5
2013-04-03,3429.885,3397.23
2013-04-08,3354.444,3411.13
2013-04-09,3411.403,3444.37
2013-04-10,3444.462,3437.27
2013-04-11,3442.935,3423.22
2013-04-12,3418.299,3394.52
2013-04-15,3381.999,3346.85
2013-04-16,3313.507,3383.08
2013-04-17,3381.61,3412.42
2013-04-18,3396.012,3423.01
2013-04-19,3423.441,3495.24
2013-04-22,3478.04,3511.62
2013-04-23,3509.197,3416.45
2013-04-24,3417.403,3484.57
2013-04-25,3473.014,3431.4
2013-04-26,3427.15,3367.77
2013-05-02,3354.474,3383.4
2013-05-03,3391.218,3448.64
2013-05-06,3456.286,3514.46
2013-05-07,3511.217,3521.48
2013-05-08,3524.789,3553.85
2013-05-09,3551.9,3555.77
2013-05-10,3550.029,3577.33
2013-05-13,3577.297,3590.76
2013-05-14,3586.321,3549.3
2013-05-15,3549.749,3597.11
2013-05-16,3594.305,3635.76
2013-05-17,3632.613,3691.4
2013-05-20,3700.092,3737.75
2013-05-21,3733.674,3787.06
2013-05-22,3782.965,3755.87
2013-05-23,3740.44,3724.23
2013-05-24,3723.62,3782.07
2013-05-27,3784.471,3820.43
2013-05-28,3820.241,3827.78
2013-05-29,3830.225,3856.32
2013-05-30,3843.158,3865.13
2013-05-31,3867.592,3841.22
2013-06-03,3836.767,3814.51
2013-06-04,3809.551,3739.72
2013-06-05,3733.95,3755.15
2013-06-06,3742.508,3688.74
2013-06-07,3690.957,3616.21
2013-06-13,3573.896,3515.05
2013-06-14,3519.37,3584.98
2013-06-17,3593.509,3593.37
2013-06-18,3594.906,3605.76
2013-06-19,3588.768,3583.3
2013-06-20,3562.124,3465.0
2013-06-21,3401.468,3446.48
2013-06-24,3439.864,3232.96
2013-06-25,3202.655,3219.13
2013-06-26,3222.682,3285.82
2013-06-27,3293.076,3233.22
2013-06-28,3212.256,3235.98
2013-07-01,3226.623,3304.59
2013-07-02,3304.984,3359.05
2013-07-03,3346.103,3364.18
2013-07-04,3342.013,3390.49
2013-07-05,3392.585,3371.53
2013-07-08,3322.138,3240.48
2013-07-09,3231.698,3259.91
2013-07-10,3259.85,3361.4
2013-07-11,3364.837,3455.88
2013-07-12,3453.446,3425.14
2013-07-15,3432.256,3493.44
2013-07-16,3496.725,3536.31
2013-07-17,3529.71,3485.07
2013-07-18,3476.18,3481.2
2013-07-19,3479.535,3394.31
2013-07-22,3374.571,3461.28
2013-07-23,3470.602,3544.97
2013-07-24,3536.153,3566.28
2013-07-25,3561.505,3498.24
2013-07-26,3486.958,3494.16
2013-07-29,3477.261,3426.59
2013-07-30,3426.957,3411.22
2013-07-31,3428.131,3430.74
2013-08-01,3435.082,3521.15
2013-08-02,3535.888,3533.61
2013-08-05,3531.654,3592.54
2013-08-06,3589.516,3631.12
2013-08-07,3628.006,3596.32
2013-08-08,3589.162,3605.85
2013-08-09,3611.772,3618.74
2013-08-12,3629.514,3676.2
2013-08-13,3677.113,3695.55
2013-08-14,3694.678,3681.08
2013-08-15,3674.652,3631.32
2013-08-16,3611.286,3554.35
2013-08-19,3528.91,3609.03
2013-08-20,3606.617,3599.64
2013-08-21,3596.932,3627.5
2013-08-22,3621.887,3636.47
2013-08-23,3644.676,3627.97
2013-08-26,3629.354,3703.59
2013-08-27,3702.584,3732.1
2013-08-28,3707.533,3703.92
2013-08-29,3703.043,3701.08
2013-08-30,3702.849,3664.15
2013-09-02,3674.685,3689.96
2013-09-03,3685.336,3744.87
2013-09-04,3747.228,3755.24
2013-09-05,3749.939,3762.57
2013-09-06,3758.903,3792.83
2013-09-09,3799.454,3831.93
2013-09-10,3836.468,3870.92
2013-09-11,3876.588,3834.26
2013-09-12,3824.756,3845.07
2013-09-13,3846.452,3849.82
2013-09-16,3852.365,3854.21
2013-09-17,3851.655,3786.29
2013-09-18,3780.699,3822.12
2013-09-23,3830.952,3899.63
2013-09-24,3897.411,3903.52
2013-09-25,3899.611,3889.22
2013-09-26,3879.48,3808.22
2013-09-27,3805.499,3822.76
2013-09-30,3834.167,3872.89
2013-10-08,3875.524,3938.07
2013-10-09,3928.401,3981.06
2013-10-10,3990.779,3959.63
2013-10-11,3975.113,4026.92
2013-10-14,4034.189,4068.32
2013-10-15,4074.824,4074.08
2013-10-16,4063.821,3963.21
2013-10-17,3980.471,3956.97
2013-10-18,3954.584,3970.64
2013-10-21,3977.258,4069.03
2013-10-22,4070.669,4026.52
2013-10-23,4026.564,3924.22
2013-10-24,3914.243,3898.16
2013-10-25,3902.227,3821.78
2013-10-28,3820.671,3808.7
2013-10-29,3801.934,3703.86
2013-10-30,3694.309,3764.45
2013-10-31,3757.807,3713.83
2013-11-01,3698.474,3702.45
2013-11-04,3705.451,3728.19
2013-11-05,3719.94,3777.4
2013-11-06,3768.736,3737.11
2013-11-07,3722.241,3685.04
2013-11-08,3670.352,3629.94
2013-11-11,3626.187,3645.84
2013-11-12,3645.377,3680.54
2013-11-13,3677.353,3611.76
2013-11-14,3602.852,3659.83
2013-11-15,3661.28,3736.45
2013-11-18,3759.122,3827.88
2013-11-19,3830.455,3840.37
2013-11-20,3842.246,3878.58
2013-11-21,3865.569,3865.41
2013-11-22,3868.501,3842.76
2013-11-25,3834.806,3839.6
2013-11-26,3837.877,3845.68
2013-11-27,3843.656,3889.76
2013-11-28,3897.259,3922.67
2013-11-29,3924.413,3946.38
2013-12-02,3870.034,3770.87
2013-12-03,3755.191,3859.96
2013-12-04,3856.351,3933.0
2013-12-05,3931.138,3928.72
2013-12-06,3924.639,3918.78
2013-12-09,3928.16,3947.7
2013-12-10,3948.575,3950.49
2013-12-11,3941.904,3906.78
2013-12-12,3903.446,3916.96
2013-12-13,3901.984,3925.43
2013-12-16,3929.382,3857.72
2013-12-17,3854.788,3834.03
2013-12-18,3836.028,3834.05
2013-12-19,3840.277,3795.02
2013-12-20,3792.674,3747.0
2013-12-23,3745.943,3742.74
2013-12-24,3746.643,3768.7
2013-12-25,3766.198,3808.45
2013-12-26,3809.501,3743.13
2013-12-27,3737.641,3800.77
2013-12-30,3815.679,3813.0
2013-12-31,3805.7,3829.1
2014-01-02,3823.317,3847.88
2014-01-03,3841.223,3816.32
2014-01-06,3806.587,3710.9
2014-01-07,3699.899,3733.66
2014-01-08,3735.508,3738.21
2014-01-09,3732.858,3696.02
2014-01-10,3685.015,3628.63
2014-01-13,3628.533,3612.02
2014-01-14,3610.634,3683.53
2014-01-15,3681.04,3708.14
2014-01-16,3709.379,3714.31
2014-01-17,3704.361,3671.92
2014-01-20,3666.308,3644.13
2014-01-21,3645.346,3700.11
2014-01-22,3707.08,3799.04
2014-01-23,3801.753,3825.49
2014-01-24,3817.08,3882.67
2014-01-27,3867.569,3881.95
2014-01-28,3882.006,3873.81
2014-01-29,3878.314,3908.45
2014-01-30,3900.017,3885.42
2014-02-07,3864.89,3957.67
2014-02-10,3972.857,4074.63
2014-02-11,4081.546,4080.38
2014-02-12,4083.817,4125.41
2014-02-13,4123.212,4064.42
2014-02-14,4063.791,4134.16
2014-02-17,4152.046,4212.75
2014-02-18,4216.607,4207.7
2014-02-19,4206.017,4207.99
2014-02-20,4211.695,4149.07
2014-02-21,4142.303,4121.92
2014-02-24,4102.557,4105.79
2014-02-25,4109.495,3961.44
2014-02-26,3941.118,3987.48
2014-02-27,3992.719,3934.73
2014-02-28,3926.773,3975.93
2014-03-03,3975.537,4058.8
2014-03-04,4045.204,4059.57
2014-03-05,4064.959,4037.78
2014-03-06,4030.655,4032.76
2014-03-07,4032.141,4012.45
2014-03-10,3981.509,3860.24
2014-03-11,3848.17,3864.26
2014-03-12,3857.575,3865.66
2014-03-13,3865.92,3907.15
2014-03-14,3891.201,3888.98
2014-03-17,3889.904,3967.15
2014-03-18,3970.663,3989.2
2014-03-19,3979.243,3980.67
2014-03-20,3973.152,3876.58
2014-03-21,3857.821,3952.39
2014-03-24,3954.053,3985.86
2014-03-25,3977.874,3991.14
2014-03-26,3997.172,4001.5
2014-03-27,3994.813,3944.04
2014-03-28,3935.203,3865.3
2014-03-31,3865.008,3840.54
2014-04-01,3836.504,3899.49
2014-04-02,3901.187,3902.04
2014-04-03,3902.067,3896.28
2014-04-04,3888.73,3939.23
2014-04-08,3927.511,3981.63
2014-04-09,3987.428,4018.55
2014-04-10,4022.048,4038.84
2014-04-11,4021.96,4021.19
2014-04-14,4019.505,4051.33
2014-04-15,4050.337,4021.91
2014-04-16,4010.355,4019.88
2014-04-17,4025.377,4014.94
2014-04-18,4006.873,4029.26
2014-04-21,4004.617,3965.34
2014-04-22,3957.221,3947.17
2014-04-23,3942.5,3929.17
2014-04-24,3924.453,3884.81
2014-04-25,3879.447,3800.68
2014-04-28,3785.954,3684.59
2014-04-29,3678.625,3738.93
2014-04-30,3734.799,3766.17
2014-05-05,3761.232,3798.29
2014-05-06,3795.36,3817.98
2014-05-07,3806.843,3749.97
2014-05-08,3740.253,3754.01
2014-05-09,3748.484,3716.02
2014-05-12,3738.669,3812.76
2014-05-13,3810.491,3806.89
2014-05-14,3805.144,3803.8
2014-05-15,3797.123,3732.34
2014-05-16,3722.56,3726.66
2014-05-19,3722.387,3705.36
2014-05-20,3720.226,3715.71
2014-05-21,3708.117,3747.33
2014-05-22,3748.93,3746.14
2014-05-23,3742.988,3786.56
2014-05-26,3798.733,3827.49
2014-05-27,3825.371,3818.32
2014-05-28,3818.356,3861.59
2014-05-29,3862.301,3821.87
2014-05-30,3818.472,3829.24
2014-06-03,3833.124,3822.72
2014-06-04,3820.496,3789.29
2014-06-05,3783.888,3832.06
2014-06-06,3833.375,3818.33
2014-06-09,3809.586,3797.43
2014-06-10,3801.51,3840.02
2014-06-11,3838.667,3858.05
2014-06-12,3851.23,3850.11
2014-06-13,3846.625,3891.56
2014-06-16,3893.917,3914.98
2014-06-17,3909.614,3879.34
2014-06-18,3878.695,3858.1
2014-06-19,3853.586,3755.69
2014-06-20,3751.177,3789.34
2014-06-23,3790.845,3815.88
2014-06-24,3814.524,3839.2
2014-06-25,3835.59,3814.03
2014-06-26,3812.907,3861.95
2014-06-27,3861.094,3889.32
2014-06-30,3895.146,3924.9
2014-07-01,3927.487,3951.73
2014-07-02,3950.473,3979.31
2014-07-03,3978.819,4019.65
2014-07-04,4018.389,4004.56
2014-07-07,4004.099,4014.49
2014-07-08,4012.554,4039.71
2014-07-09,4033.815,3982.4
2014-07-10,3980.503,3982.2
2014-07-11,3979.729,4029.75
2014-07-14,4033.706,4090.8
2014-07-15,4089.343,4093.11
2014-07-16,4089.651,4062.12
2014-07-17,4055.906,4031.44
2014-07-18,4018.357,4042.52
2014-07-21,4038.739,4030.24
2014-07-22,4024.423,4083.29
2014-07-23,4083.077,4057.11
2014-07-24,4055.142,4054.22
2014-07-25,4052.031,4089.8
2014-07-28,4106.989,4168.37
2014-07-29,4173.168,4207.86
2014-07-30,4198.414,4214.84
2014-07-31,4211.072,4257.05
2014-08-01,4242.3,4210.22
2014-08-04,4213.117,4278.85
2014-08-05,4284.145,4300.12
2014-08-06,4291.629,4328.6
2014-08-07,4329.301,4286.09
2014-08-08,4287.944,4311.7
2014-08-11,4317.349,4377.02
2014-08-12,4378.251,4399.81
2014-08-13,4399.404,4401.81
2014-08-14,4397.203,4373.5
2014-08-15,4372.775,4423.64
2014-08-18,4434.171,4483.54
2014-08-19,4491.171,4496.94
2014-08-20,4495.824,4497.4
2014-08-21,4498.493,4495.44
2014-08-22,4491.626,4521.75
2014-08-25,4521.807,4487.14
2014-08-26,4474.456,4407.59
2014-08-27,4401.874,4421.21
2014-08-28,4423.76,4381.49
2014-08-29,4378.625,4427.88
2014-09-01,4436.544,4507.44
2014-09-02,4519.242,4576.12
2014-09-03,4582.482,4608.56
2014-09-04,4611.566,4647.89
2014-09-05,4654.511,4666.47
2014-09-09,4672.11,4701.7
2014-09-10,4686.118,4709.91
2014-09-11,4707.043,4704.94
2014-09-12,4698.11,4756.95
2014-09-15,4759.778,4807.56
2014-09-16,4809.441,4645.55
2014-09-17,4649.612,4686.05
2014-09-18,4679.112,4719.01
2014-09-19,4718.783,4758.73
2014-09-22,4753.796,4694.23
2014-09-23,4693.365,4754.47
2014-09-24,4746.621,4815.71
2014-09-25,4826.98,4814.73
2014-09-26,4803.448,4829.94
2014-09-29,4847.821,4877.44
2014-09-30,4886.557,4916.12
2014-10-08,4935.047,4993.53
2014-10-09,4996.661,5004.0
2014-10-10,4987.039,4981.85
2014-10-13,4964.232,4982.68
2014-10-14,4978.893,4966.08
2014-10-15,4967.232,4987.71
2014-10-16,4962.577,4906.24
2014-10-17,4894.591,4860.73
2014-10-20,4873.455,4929.16
2014-10-21,4929.226,4884.02
2014-10-22,4881.513,4825.61
2014-10-23,4815.122,4755.23
2014-10-24,4757.092,4774.67
2014-10-27,4762.519,4809.52
2014-10-28,4819.555,4924.96
2014-10-29,4938.72,4991.76
2014-10-30,4988.972,4992.63
2014-10-31,4999.007,4986.42
2014-11-03,4993.173,5028.7
2014-11-04,5028.54,5003.47
2014-11-05,5004.888,4995.44
2014-11-06,4992.725,5024.85
2014-11-07,5029.802,4977.26
2014-11-10,4989.438,5031.0
2014-11-11,5038.684,4881.48
2014-11-12,4866.421,4965.38
2014-11-13,4963.731,4921.67
2014-11-14,4901.14,4909.61
2014-11-17,4925.476,4958.47
2014-11-18,4951.583,4967.65
2014-11-19,4967.635,4985.1
2014-11-20,4972.745,4974.63
2014-11-21,4975.532,5029.77
2014-11-24,5088.228,5112.12
2014-11-25,5118.688,5189.0
2014-11-26,5198.127,5214.21
2014-11-27,5229.401,5251.39
2014-11-28,5249.668,5245.27
2014-12-01,5246.429,5208.14
2014-12-02,5201.373,5277.66
2014-12-03,5284.578,5339.01
2014-12-04,5345.005,5451.96
2014-12-05,5462.755,5333.89
2014-12-08,5310.563,5412.67
2014-12-09,5392.951,5195.41
2014-12-10,5184.02,5374.1
2014-12-11,5366.205,5454.44
2014-12-12,5457.228,5493.2
2014-12-15,5485.133,5583.6
2014-12-16,5590.263,5606.69
2014-12-17,5597.884,5557.29
2014-12-18,5551.043,5558.05
2014-12-19,5554.663,5524.12
2014-12-22,5523.662,5305.21
2014-12-23,5273.988,5193.72
2014-12-24,5212.074,5262.37
2014-12-25,5279.294,5364.56
2014-12-26,5370.331,5422.75
2014-12-29,5436.491,5367.64
2014-12-30,5357.393,5275.09
2014-12-31,5274.647,5322.71
2015-01-05,5338.755,5417.02
2015-01-06,5389.899,5479.86
2015-01-07,5471.4,5488.24
2015-01-08,5482.397,5444.04
2015-01-09,5424.503,5409.06
2015-01-12,5386.584,5332.22
2015-01-13,5333.967,5405.09
2015-01-14,5404.376,5379.74
2015-01-15,5380.449,5449.04
2015-01-16,5459.182,5520.12
2015-01-19,5359.475,5281.9
2015-01-20,5303.177,5472.51
2015-01-21,5490.836,5611.69
2015-01-22,5617.613,5690.16
2015-01-23,5697.838,5633.29
2015-01-26,5644.032,5758.98
2015-01-27,5767.741,5773.82
2015-01-28,5756.683,5739.92
2015-01-29,5692.392,5701.21
2015-01-30,5708.286,5632.73
2015-02-02,5568.436,5609.39
2015-02-03,5627.403,5707.48
2015-02-04,5720.976,5683.52
2015-02-05,5741.196,5654.22
2015-02-06,5640.03,5534.79
2015-02-09,5526.14,5504.97
2015-02-10,5502.721,5580.7
2015-02-11,5587.643,5641.79
2015-02-12,5647.545,5681.34
2015-02-13,5709.154,5769.27
2015-02-16,5786.15,5869.71
2015-02-17,5888.873,5911.1
2015-02-25,5926.236,5906.54
2015-02-26,5903.265,5969.56
2015-02-27,5974.356,6018.46
2015-03-02,6064.819,6139.79
2015-03-03,6124.28,6118.66
2015-03-04,6114.693,6210.42
2015-03-05,6212.662,6208.99
2015-03-06,6214.336,6133.03
2015-03-09,6113.585,6212.24
2015-03-10,6214.524,6276.49
2015-03-11,6275.171,6262.89
2015-03-12,6273.695,6260.14
2015-03-13,6271.822,6329.58
2015-03-16,6369.202,6516.77
2015-03-17,6547.386,6618.05
2015-03-18,6624.389,6728.07
2015-03-19,6733.117,6782.46
2015-03-20,6789.061,6850.9
2015-03-23,6891.918,7017.15
2015-03-24,7042.923,7046.12
2015-03-25,7051.819,7124.87
2015-03-26,7104.039,7074.44
2015-03-27,7076.493,7155.95
2015-03-30,7180.066,7245.5
2015-03-31,7280.146,7253.1
2015-04-01,7258.828,7425.73
2015-04-02,7463.909,7560.65
2015-04-03,7532.148,7679.01
2015-04-07,7728.906,7863.28
2015-04-08,7908.773,7808.0
2015-04-09,7818.199,7746.15
2015-04-10,7727.008,7952.19
2015-04-13,7994.25,8122.89
2015-04-14,8129.729,8119.96
2015-04-15,8093.137,7802.75
2015-04-16,7705.466,7912.09
2015-04-17,7979.354,7980.76
2015-04-20,7967.032,7839.9
2015-04-21,7852.518,8112.69
2015-04-22,8180.119,8323.43
2015-04-23,8371.848,8410.7
2015-04-24,8321.324,8419.09
2015-04-27,8503.573,8513.02
2015-04-28,8533.67,8266.48
2015-04-29,8248.31,8428.25
2015-04-30,8460.391,8469.67
2015-05-04,8493.962,8510.48
2015-05-05,8501.115,8199.34
2015-05-06,8220.598,8083.0
2015-05-07,8043.011,7903.48
2015-05-08,7989.336,8201.29
2015-05-11,8292.626,8558.22
2015-05-12,8595.081,8745.68
2015-05-13,8719.585,8824.93
2015-05-14,8829.824,8813.39
2015-05-15,8790.01,8742.89
2015-05-18,8725.406,8903.59
2015-05-19,8927.384,9124.83
2015-05-20,9176.025,9277.33
2015-05-21,9320.839,9619.22
2015-05-22,9756.528,9778.17
2015-05-25,9717.511,10040.09
2015-05-26,10117.73,10373.58
2015-05-27,10421.3,10497.34
2015-05-28,10501.355,9868.42
2015-05-29,9846.384,9966.84
2015-06-01,10067.53,10488.31
2015-06-02,10592.75,10886.4
2015-06-03,10973.961,10979.99
2015-06-04,10986.42,10965.41
2015-06-05,11117.36,11144.52
2015-06-08,11157.179,11030.92
2015-06-09,11009.88,11013.74
2015-06-10,10947.495,11208.06
2015-06-11,11220.065,11366.29
2015-06-12,11424.333,11545.89
2015-06-15,11589.95,11332.89
2015-06-16,11205.757,10879.84
2015-06-17,10865.399,11100.55
2015-06-18,11093.3,10731.38
2015-06-19,10475.924,9987.41
2015-06-23,9951.777,10046.88
2015-06-24,10136.257,10267.63
2015-06-25,10298.553,9906.1
2015-06-26,9571.55,9078.06
2015-06-29,9267.024,8484.64
2015-06-30,8302.181,8906.02
2015-07-01,8808.514,8411.91
2015-07-02,8369.488,7835.1
2015-07-03,7530.264,7355.49
2015-07-06,7842.429,7236.0
2015-07-07,6977.551,6763.53
2015-07-08,6444.664,6602.37
2015-07-09,6525.12,6896.35
2015-07-10,7101.813,7244.78
2015-07-13,7563.385,7695.64
2015-07-14,7854.0,7859.06
2015-07-15,7836.079,7405.29
2015-07-16,7342.832,7578.76
2015-07-17,7629.785,7994.7
2015-07-20,8025.109,8116.5
2015-07-21,8011.901,8220.46
2015-07-22,8207.177,8320.24
2015-07-23,8330.469,8551.99
2015-07-24,8580.643,8425.07
2015-07-27,8240.678,7794.18
2015-07-28,7514.148,7649.82
2015-07-29,7765.953,8022.8
2015-07-30,7979.569,7800.58
2015-07-31,7692.478,7727.06
2015-08-03,7605.899,7540.21
2015-08-04,7548.034,7942.1
2015-08-05,7933.32,7839.34
2015-08-06,7660.585,7792.03
2015-08-07,7874.417,8013.32
2015-08-10,8106.123,8394.09
2015-08-11,8402.322,8435.33
2015-08-12,8342.608,8336.34
2015-08-13,8287.772,8534.43
2015-08-14,8599.772,8625.24
2015-08-17,8613.288,8820.46
2015-08-18,8842.164,8161.27
2015-08-19,7865.633,8340.98
2015-08-20,8255.928,8049.51
2015-08-21,7884.302,7612.9
2015-08-24,7255.296,7006.19
2015-08-25,6496.105,6481.41
2015-08-26,6470.006,6238.53
2015-08-27,6344.95,6456.05
2015-08-28,6554.752,6842.89
2015-08-31,6791.416,6581.31
2015-09-01,6507.878,6169.21
2015-09-02,5878.204,6122.55
2015-09-07,6187.693,6143.56
2015-09-08,6096.019,6374.86
2015-09-09,6408.674,6551.01
2015-09-10,6434.532,6440.31
2015-09-11,6423.522,6493.32
2015-09-14,6535.262,6049.79
2015-09-15,5886.269,5708.03
2015-09-16,5722.534,6084.84
2015-09-17,6057.869,5965.41
2015-09-18,6007.457,6036.88
2015-09-21,5966.295,6250.44
2015-09-22,6264.061,6295.93
2015-09-23,6192.326,6224.6
2015-09-24,6250.087,6315.11
2015-09-25,6294.206,6108.38
2015-09-28,6118.225,6219.69
2015-09-29,6114.484,6103.61
2015-09-30,6139.142,6123.73
2015-10-08,6322.533,6372.49
2015-10-09,6369.751,6470.05
2015-10-12,6505.91,6718.72
2015-10-13,6672.664,6802.08
2015-10-14,6772.462,6724.5
2015-10-15,6694.069,6929.24
2015-10-16,6979.677,7047.56
2015-10-19,7072.357,7047.37
2015-10-20,7033.21,7162.08
2015-10-21,7159.134,6712.74
2015-10-22,6708.216,6964.3
2015-10-23,7015.618,7138.23
2015-10-26,7223.15,7186.75
2015-10-27,7123.087,7231.44
2015-10-28,7179.993,7048.9
2015-10-29,7097.184,7108.97
2015-10-30,7088.806,7084.97
2015-11-02,6936.368,6936.43
2015-11-03,6956.89,6920.1
2015-11-04,6953.869,7267.99
2015-11-05,7277.095,7276.45
2015-11-06,7284.87,7446.85
2015-11-09,7415.755,7543.8
2015-11-10,7517.41,7575.01
2015-11-11,7589.668,7684.67
2015-11-12,7712.634,7682.45
2015-11-13,7601.148,7567.11
2015-11-16,7438.4,7718.85
2015-11-17,7787.074,7650.38
2015-11-18,7655.325,7526.94
2015-11-19,7552.994,7718.62
2015-11-20,7741.682,7806.27
2015-11-23,7816.847,7744.18
2015-11-24,7739.092,7798.5
2015-11-25,7803.285,7922.38
2015-11-26,7962.17,7874.08
2015-11-27,7839.308,7376.12
2015-11-30,7388.281,7408.4
2015-12-01,7403.947,7443.95
2015-12-02,7423.498,7405.86
2015-12-03,7413.22,7570.51
2015-12-04,7533.607,7511.67
2015-12-07,7526.225,7602.23
2015-12-08,7555.462,7404.14
2015-12-09,7369.104,7374.27
2015-12-10,7374.355,7350.21
2015-12-11,7320.157,7290.7
2015-12-14,7224.808,7441.03
2015-12-15,7448.713,7498.18
2015-12-16,7522.726,7529.4
2015-12-17,7570.673,7716.25
2015-12-18,7708.336,7699.37
2015-12-21,7698.439,7788.56
2015-12-22,7810.997,7856.61
2015-12-23,7859.129,7773.28
2015-12-24,7760.381,7753.04
2015-12-25,7759.832,7792.12
2015-12-28,7815.381,7603.36
2015-12-29,7591.716,7674.39
2015-12-30,7693.024,7741.05
2015-12-31,7745.639,7617.69
2016-01-04,7615.509,6983.4
2016-01-05,6663.725,6889.74
2016-01-06,6916.534,7065.61
2016-01-07,6937.413,6462.24
2016-01-08,6618.08,6570.43
2016-01-11,6435.899,6128.66
2016-01-12,6126.666,6136.66
2016-01-13,6168.983,5924.04
2016-01-14,5734.607,6124.82
2016-01-15,6078.614,5893.68
2016-01-18,5768.76,5978.91
2016-01-19,5965.35,6197.09
2016-01-20,6161.229,6138.5
2016-01-21,6031.166,5886.88
2016-01-22,5954.363,5980.61
2016-01-25,6034.088,6041.33
2016-01-26,5966.708,5589.31
2016-01-27,5604.168,5514.19
2016-01-28,5441.735,5271.23
2016-01-29,5262.464,5469.13
2016-02-01,5458.608,5399.48
2016-02-02,5407.71,5586.63
2016-02-03,5520.638,5610.17
2016-02-04,5631.325,5721.49
2016-02-05,5734.484,5664.2
2016-02-15,5485.723,5668.04
2016-02-16,5694.745,5902.53
2016-02-17,5889.5,5971.41
2016-02-18,6009.748,5957.13
2016-02-19,5939.701,5979.52
2016-02-22,6055.673,6103.72
2016-02-23,6102.512,6070.5
2016-02-24,6041.751,6111.04
2016-02-25,6097.417,5626.05
2016-02-26,5668.331,5648.94
2016-02-29,5618.506,5350.43
2016-03-01,5361.787,5473.63
2016-03-02,5464.735,5753.15
2016-03-03,5757.364,5776.98
2016-03-04,5755.118,5621.56
2016-03-07,5686.688,5752.55
2016-03-08,5751.392,5764.33
2016-03-09,5627.141,5617.04
2016-03-10,5617.418,5521.95
2016-03-11,5460.541,5508.98
2016-03-14,5568.463,5690.59
2016-03-15,5672.752,5639.8
2016-03-16,5662.435,5562.8
2016-03-17,5589.225,5745.98
2016-03-18,5774.3,5949.26
2016-03-21,6016.694,6099.48
2016-03-22,6045.837,6075.49
2016-03-23,6054.226,6118.97
2016-03-24,6062.753,6018.42
2016-03-25,6006.667,6077.43
2016-03-28,6114.768,6037.78
2016-03-29,6029.946,5921.87
2016-03-30,5981.417,6137.5
2016-03-31,6164.277,6155.81
2016-04-01,6129.726,6124.53
2016-04-05,6136.683,6286.58
2016-04-06,6262.597,6323.43
2016-04-07,6344.364,6228.97
2016-04-08,6176.862,6168.74
2016-04-11,6226.38,6304.3
2016-04-12,6299.469,6252.77
2016-04-13,6292.574,6344.23
2016-04-14,6375.489,6401.85
2016-04-15,6403.253,6384.35
2016-04-18,6343.699,6281.2
2016-04-19,6314.583,6308.23
2016-04-20,6331.867,6022.21
2016-04-21,6000.303,5970.68
2016-04-22,5930.531,6011.32
2016-04-25,5997.216,5978.08
2016-04-26,5971.802,6046.77
2016-04-27,6051.444,6016.7
2016-04-28,6014.127,5990.33
2016-04-29,5963.904,5985.59
2016-05-03,5991.826,6167.45
2016-05-04,6144.567,6169.78
2016-05-05,6159.73,6203.82
2016-05-06,6208.441,5961.49
2016-05-09,5910.127,5743.65
2016-05-10,5728.112,5738.9
2016-05-11,5770.352,5723.41
2016-05-12,5647.069,5726.46
2016-05-13,5708.627,5714.31
2016-05-16,5692.603,5812.54
2016-05-17,5814.101,5790.34
2016-05-18,5743.031,5631.19
2016-05-19,5628.723,5666.73
2016-05-20,5619.934,5732.9
2016-05-23,5752.149,5809.48
2016-05-24,5800.006,5743.18
2016-05-25,5780.262,5715.18
2016-05-26,5705.075,5744.39
2016-05-27,5728.903,5739.59
2016-05-30,5706.001,5711.32
2016-05-31,5721.823,5947.32
2016-06-01,5957.176,5973.78
2016-06-02,5961.711,6013.89
2016-06-03,6016.946,6032.6
2016-06-06,6051.948,6051.86
2016-06-07,6048.323,6045.36
2016-06-08,6037.415,6023.88
2016-06-13,5943.729,5746.44
2016-06-14,5723.993,5762.76
2016-06-15,5701.392,5952.85
2016-06-16,5945.499,5930.55
2016-06-17,5937.318,5964.27
2016-06-20,5965.825,5985.57
2016-06-21,6023.919,5916.8
2016-06-22,5901.155,6008.89
2016-06-23,5998.669,5978.17
2016-06-24,5967.516,5903.62
2016-06-27,5864.727,6044.22
2016-06-28,6018.911,6107.51
2016-06-29,6130.574,6120.2
2016-06-30,6127.985,6123.49
2016-07-01,6133.719,6111.54
2016-07-04,6079.583,6231.88
2016-07-05,6244.382,6269.5
2016-07-06,6250.492,6297.4
2016-07-07,6291.055,6319.79
2016-07-08,6308.059,6299.85
2016-07-11,6320.064,6312.5
2016-07-12,6309.815,6395.14
2016-07-13,6413.809,6446.56
2016-07-14,6437.274,6455.58
2016-07-15,6459.63,6441.02
2016-07-18,6426.852,6412.07
2016-07-19,6407.036,6431.94
2016-07-20,6429.687,6417.92
2016-07-21,6414.801,6442.71
2016-07-22,6437.889,6390.93
2016-07-25,6383.559,6408.78
2016-07-26,6410.819,6494.47
2016-07-27,6499.339,6229.29
2016-07-28,6220.918,6243.29
2016-07-29,6239.851,6202.89
2016-08-01,6179.204,6109.28
2016-08-02,6100.75,6168.51
2016-08-03,6154.476,6198.39
2016-08-04,6194.202,6238.23
2016-08-05,6231.528,6203.29
2016-08-08,6191.651,6290.76
2016-08-09,6283.289,6341.55
2016-08-10,6336.538,6318.27
2016-08-11,6304.774,6226.31
2016-08-12,6218.352,6299.09
2016-08-15,6309.416,6442.53
2016-08-16,6449.902,6468.89
2016-08-17,6462.042,6488.36
2016-08-18,6485.929,6490.41
2016-08-19,6485.714,6499.55
2016-08-22,6499.748,6420.35
2016-08-23,6414.984,6428.7
2016-08-24,6432.88,6435.06
2016-08-25,6398.563,6382.57
2016-08-26,6395.769,6410.73
2016-08-29,6409.118,6427.53
2016-08-30,6428.962,6425.75
2016-08-31,6422.801,6434.21
2016-09-01,6434.265,6381.48
2016-09-02,6371.489,6356.95
2016-09-05,6372.622,6391.79
2016-09-06,6392.606,6492.97
2016-09-07,6490.334,6494.32
2016-09-08,6489.613,6517.98
2016-09-09,6518.673,6471.05
2016-09-12,6362.773,6291.64
2016-09-13,6324.742,6320.03
2016-09-14,6286.619,6278.16
2016-09-19,6292.806,6344.18
2016-09-20,6344.702,6342.03
2016-09-21,6342.0,6343.75
2016-09-22,6381.161,6385.64
2016-09-23,6397.33,6370.58
2016-09-26,6363.935,6241.52
2016-09-27,6229.819,6286.91
2016-09-28,6300.846,6281.28
2016-09-29,6288.917,6298.79
2016-09-30,6292.084,6328.09
2016-10-10,6364.513,6447.69
2016-10-11,6451.049,6486.43
2016-10-12,6463.812,6482.74
2016-10-13,6480.928,6484.83
2016-10-14,6476.26,6469.49
2016-10-17,6478.512,6413.15
2016-10-18,6409.736,6509.28
2016-10-19,6518.74,6495.26
2016-10-20,6495.83,6498.24
2016-10-21,6498.985,6475.28
2016-10-24,6479.558,6539.47
2016-10-25,6543.463,6563.35
2016-10-26,6561.159,6530.39
2016-10-27,6522.887,6517.36
2016-10-28,6512.033,6455.83
2016-10-31,6441.439,6452.21
2016-11-01,6457.0,6507.95
2016-11-02,6494.981,6455.13
2016-11-03,6442.353,6483.73
2016-11-04,6482.598,6462.59
2016-11-07,6461.003,6468.82
2016-11-08,6487.651,6503.18
2016-11-09,6504.41,6453.57
2016-11-10,6501.644,6536.97
2016-11-11,6539.363,6583.89
2016-11-14,6568.662,6615.01
2016-11-15,6622.876,6640.46
2016-11-16,6647.531,6644.19
2016-11-17,6633.312,6636.47
2016-11-18,6632.63,6602.33
2016-11-21,6597.175,6611.54
2016-11-22,6619.854,6661.25
2016-11-23,6668.245,6631.17
2016-11-24,6635.225,6623.05
2016-11-25,6620.221,6652.82
2016-11-28,6667.262,6670.8
2016-11-29,6658.35,6620.79
2016-11-30,6605.364,6585.58
2016-12-01,6593.599,6624.47
2016-12-02,6617.87,6520.97
2016-12-05,6462.258,6486.02
2016-12-06,6496.164,6490.89
2016-12-07,6492.998,6558.02
2016-12-08,6561.718,6527.43
2016-12-09,6519.399,6513.92
2016-12-12,6512.96,6249.08
2016-12-13,6235.559,6278.18
2016-12-14,6269.082,6239.5
2016-12-15,6216.146,6280.4
2016-12-16,6279.273,6318.52
2016-12-19,6319.855,6320.73
2016-12-20,6314.613,6300.64
2016-12-21,6311.062,6347.61
2016-12-22,6341.203,6341.79
2016-12-23,6339.35,6282.0
2016-12-26,6260.335,6294.75
2016-12-27,6291.647,6288.86
2016-12-28,6288.733,6270.24
2016-12-29,6261.87,6252.61
2016-12-30,6255.624,6263.63
2017-01-03,6273.816,6320.76
2017-01-04,6321.748,6394.67
2017-01-05,6391.579,6399.28
2017-01-06,6398.867,6371.62
2017-01-09,6365.391,6415.42
2017-01-10,6412.764,6393.93
2017-01-11,6381.701,6331.96
2017-01-12,6325.622,6272.85
2017-01-13,6272.793,6194.66
2017-01-16,6184.128,6031.24
2017-01-17,6006.084,6082.07
2017-01-18,6067.165,6068.59
2017-01-19,6054.73,6043.68
2017-01-20,6037.562,6122.0
2017-01-23,6130.443,6172.17
2017-01-24,6167.836,6165.26
2017-01-25,6156.778,6179.57
2017-01-26,6183.163,6223.71
2017-02-03,6227.46,6207.09
2017-02-06,6206.538,6259.25
2017-02-07,6254.203,6255.93
2017-02-08,6248.473,6291.6
2017-02-09,6288.887,6331.18
2017-02-10,6329.684,6337.11
2017-02-13,6341.724,6369.65
2017-02-14,6366.942,6374.89
2017-02-15,6367.648,6311.7
2017-02-16,6308.322,6359.34
2017-02-17,6356.09,6307.16
2017-02-20,6307.232,6385.06
2017-02-21,6390.509,6434.44
2017-02-22,6432.756,6474.23
2017-02-23,6470.614,6473.99
2017-02-24,6466.187,6476.17
2017-02-27,6476.371,6424.25
2017-02-28,6424.996,6450.97
2017-03-01,6446.438,6467.64
2017-03-02,6476.109,6434.63
2017-03-03,6417.39,6452.84
2017-03-06,6457.589,6517.32
2017-03-07,6517.848,6523.19
2017-03-08,6519.976,6497.09
2017-03-09,6484.579,6439.38
2017-03-10,6436.762,6447.92
2017-03-13,6444.562,6507.9
2017-03-14,6508.365,6493.48
2017-03-15,6486.298,6486.06
2017-03-16,6499.831,6543.34
2017-03-17,6543.561,6483.25
2017-03-20,6484.538,6498.34
2017-03-21,6494.777,6515.95
2017-03-22,6486.298,6499.79
2017-03-23,6502.13,6512.19
2017-03-24,6509.238,6546.62
2017-03-27,6545.443,6516.03
2017-03-28,6509.038,6498.69
2017-03-29,6504.243,6480.54
2017-03-30,6467.059,6375.74
2017-03-31,6374.567,6401.65
2017-04-05,6450.899,6539.97
2017-04-06,6554.742,6559.65
2017-04-07,6554.261,6578.73
2017-04-10,6575.456,6566.54
2017-04-11,6566.843,6629.17
2017-04-12,6625.884,6576.48
2017-04-13,6569.235,6615.7
2017-04-14,6623.452,6528.16
2017-04-17,6500.951,6456.6
2017-04-18,6452.917,6418.21
2017-04-19,6390.335,6350.65
2017-04-20,6349.404,6347.77
2017-04-21,6345.768,6300.71
2017-04-24,6282.326,6138.5
2017-04-25,6139.483,6160.46
2017-04-26,6159.894,6176.4
2017-04-27,6157.514,6192.3
2017-04-28,6174.139,6211.86
2017-05-02,6205.106,6216.12
2017-05-03,6205.684,6197.48
2017-05-04,6180.034,6176.31
2017-05-05,6155.194,6089.68
2017-05-08,6076.458,5975.54
2017-05-09,5953.837,6012.0
2017-05-10,6010.729,5885.84
2017-05-11,5856.416,5872.64
2017-05-12,5859.334,5863.78
2017-05-15,5880.698,5893.51
2017-05-16,5882.325,6014.73
2017-05-17,6006.468,6027.65
2017-05-18,5983.349,5976.3
2017-05-19,5973.771,5974.98
2017-05-22,5962.284,5888.81
2017-05-23,5879.563,5764.88
2017-05-24,5740.443,5799.25
2017-05-25,5788.556,5850.8
2017-05-26,5843.518,5836.93
2017-05-31,5887.937,5824.1
2017-06-01,5810.42,5710.0
2017-06-02,5696.831,5772.52
2017-06-05,5778.187,5815.8
2017-06-06,5808.968,5841.52
2017-06-07,5838.886,5955.02
2017-06-08,5947.978,5958.98
2017-06-09,5952.402,5969.27
2017-06-12,5943.649,5902.86
2017-06-13,5895.473,5980.06
2017-06-14,5976.013,5966.43
2017-06-15,5959.479,6021.17
2017-06-16,6016.973,6013.0
2017-06-19,6010.937,6057.41
2017-06-20,6061.105,6066.9
2017-06-21,6074.607,6078.19
2017-06-22,6074.371,5992.34
2017-06-23,5978.235,6010.31
2017-06-26,6013.479,6111.64
2017-06-27,6109.374,6113.17
2017-06-28,6102.227,6086.21
2017-06-29,6089.917,6116.99
2017-06-30,6101.369,6138.16
2017-07-03,6142.176,6177.4
2017-07-04,6169.031,6146.85
2017-07-05,6135.709,6193.96
2017-07-06,6187.427,6201.65
2017-07-07,6182.453,6226.01
2017-07-10,6221.529,6206.56
2017-07-11,6194.612,6128.99
2017-07-12,6124.956,6132.99
2017-07-13,6134.748,6149.93
2017-07-14,6143.327,6128.74
2017-07-17,6108.453,5876.46
2017-07-18,5854.068,5938.43
2017-07-19,5928.009,6059.36
2017-07-20,6052.507,6099.28
2017-07-21,6089.66,6126.11
2017-07-24,6121.329,6167.13
2017-07-25,6159.414,6153.6
2017-07-26,6151.852,6146.7
2017-07-27,6136.96,6184.02
2017-07-28,6170.655,6215.46
2017-07-31,6214.656,6298.0
2017-08-01,6293.059,6286.54
2017-08-02,6289.242,6251.86
2017-08-03,6240.154,6261.97
2017-08-04,6258.852,6225.12
2017-08-07,6227.517,6303.42
2017-08-08,6302.03,6303.72
2017-08-09,6296.113,6340.02
2017-08-10,6322.834,6289.22
2017-08-11,6242.487,6161.19
2017-08-14,6165.128,6292.64
2017-08-15,6291.182,6314.76
2017-08-16,6307.172,6318.8
2017-08-17,6327.023,6366.03
2017-08-18,6324.902,6347.76
2017-08-21,6354.096,6403.78
2017-08-22,6396.924,6375.98
2017-08-23,6359.774,6322.78
2017-08-24,6322.628,6278.59
2017-08-25,6274.35,6346.53
2017-08-28,6348.866,6424.58
2017-08-29,6420.571,6408.16
2017-08-30,6405.893,6453.46
2017-08-31,6451.521,6470.43
2017-09-01,6472.943,6526.5
2017-09-04,6530.509,6564.68
2017-09-05,6561.674,6571.86
2017-09-06,6550.064,6607.12
2017-09-07,6601.347,6558.6
2017-09-08,6554.599,6574.18
2017-09-11,6579.888,6649.63
2017-09-12,6659.8,6644.01
2017-09-13,6635.169,6684.38
2017-09-14,6683.469,6672.18
2017-09-15,6661.517,6622.04
2017-09-18,6616.125,6669.45
2017-09-19,6670.966,6636.02
2017-09-20,6627.691,6692.47
2017-09-21,6684.654,6612.05
2017-09-22,6591.15,6572.01
2017-09-25,6560.131,6489.84
2017-09-26,6484.344,6520.72
2017-09-27,6523.495,6583.14
2017-09-28,6577.43,6567.79
2017-09-29,6572.451,6603.26
2017-10-09,6682.576,6678.37
2017-10-10,6677.371,6705.48
2017-10-11,6702.691,6666.47
2017-10-12,6658.134,6659.1
2017-10-13,6660.03,6709.82
2017-10-16,6709.878,6619.21
2017-10-17,6604.327,6612.94
2017-10-18,6612.492,6563.44
2017-10-19,6553.868,6501.4
2017-10-20,6489.786,6571.42
2017-10-23,6569.782,6612.76
2017-10-24,6605.516,6603.0
2017-10-25,6596.789,6647.89
2017-10-26,6639.888,6671.93
2017-10-27,6664.432,6630.81
2017-10-30,6621.777,6511.76
2017-10-31,6496.691,6560.21
2017-11-01,6559.517,6552.95
2017-11-02,6541.615,6484.93
2017-11-03,6477.824,6426.98
2017-11-06,6432.078,6511.1
2017-11-07,6508.209,6551.94
2017-11-08,6544.59,6561.69
2017-11-09,6562.357,6611.35
2017-11-10,6599.654,6641.22
2017-11-13,6644.696,6671.21
2017-11-14,6664.608,6614.51
2017-11-15,6592.761,6537.66
2017-11-16,6529.316,6558.31
2017-11-17,6549.222,6361.94
2017-11-20,6330.905,6433.17
2017-11-21,6420.386,6456.35
2017-11-22,6456.322,6439.44
2017-11-23,6427.574,6274.51
2017-11-24,6250.058,6278.03
2017-11-27,6269.224,6194.55
2017-11-28,6188.087,6299.31
2017-11-29,6293.248,6318.37
2017-11-30,6303.917,6263.42
2017-12-01,6259.959,6316.41
2017-12-04,6311.216,6279.62
2017-12-05,6265.785,6132.91
2017-12-06,6116.158,6172.8
2017-12-07,6156.35,6135.47
2017-12-08,6128.118,6203.14
2017-12-11,6214.649,6286.17
2017-12-12,6281.138,6233.21
2017-12-13,6224.781,6277.44
2017-12-14,6273.606,6284.08
2017-12-15,6274.096,6235.76
2017-12-18,6229.743,6199.99
2017-12-19,6200.932,6251.24
2017-12-20,6244.059,6199.36
2017-12-21,6191.783,6238.5
2017-12-22,6236.221,6242.88
2017-12-25,6244.863,6185.59
2017-12-26,6179.563,6220.15
2017-12-27,6213.24,6173.15
2017-12-28,6163.964,6204.27
2017-12-29,6201.455,6250.82
2018-01-02,6263.154,6332.23
2018-01-03,6331.716,6388.25
2018-01-04,6380.271,6417.54
2018-01-05,6414.762,6417.25
2018-01-08,6413.871,6446.18
2018-01-09,6441.688,6445.75
2018-01-10,6443.461,6405.94
2018-01-11,6391.904,6425.94
2018-01-12,6418.824,6399.37
2018-01-15,6391.37,6253.38
2018-01-16,6245.15,6301.13
2018-01-17,6288.017,6267.46
2018-01-18,6253.06,6286.8
2018-01-19,6284.596,6272.38
2018-01-22,6264.757,6347.64
2018-01-23,6342.69,6355.0
2018-01-24,6353.298,6394.3
2018-01-25,6386.803,6382.72
2018-01-26,6374.099,6383.63
2018-01-29,6385.033,6309.88
2018-01-30,6301.346,6313.44
2018-01-31,6277.74,6189.34
2018-02-01,6180.997,5984.74
2018-02-02,5937.621,6004.85
2018-02-05,5927.733,5998.22
2018-02-06,5886.341,5704.26
2018-02-07,5805.963,5711.33
2018-02-08,5695.666,5766.48
2018-02-09,5631.963,5554.9
2018-02-12,5581.713,5699.1
2018-02-13,5731.147,5736.95
2018-02-14,5741.88,5754.83
2018-02-22,5800.952,5875.73
2018-02-23,5877.719,5897.68
2018-02-26,5926.421,6029.68
2018-02-27,6025.886,6010.56
2018-02-28,5967.901,6023.68
2018-03-01,5987.355,6090.22
2018-03-02,6053.481,6056.34
2018-03-05,6066.685,6064.1
2018-03-06,6077.372,6145.58
2018-03-07,6133.95,6086.49
2018-03-08,6073.667,6131.51
2018-03-09,6131.129,6206.98
2018-03-12,6230.815,6295.78
2018-03-13,6285.807,6254.15
2018-03-14,6234.245,6189.32
2018-03-15,6172.852,6180.11
2018-03-16,6181.386,6146.31
2018-03-19,6142.516,6153.83
2018-03-20,6109.607,6173.7
2018-03-21,6182.105,6129.2
2018-03-22,6130.05,6101.23
2018-03-23,5913.366,5787.15
2018-03-26,5715.353,5902.96
2018-03-27,5956.241,6034.78
2018-03-28,5962.563,5973.34
2018-03-29,5993.975,6034.86
2018-03-30,6052.178,6114.74
2018-04-02,6127.229,6121.96
2018-04-03,6039.068,6059.71
2018-04-04,6077.65,6017.69
2018-04-09,5994.348,6025.65
2018-04-10,6032.487,6063.74
2018-04-11,6082.029,6086.61
2018-04-12,6073.761,6051.33
2018-04-13,6073.839,6027.19
2018-04-16,6018.174,6012.41
2018-04-17,6024.557,5890.86
2018-04-18,5925.843,5970.66
2018-04-19,5965.234,6004.73
2018-04-20,5984.067,5880.84
2018-04-23,5885.612,5823.92
2018-04-24,5825.449,5957.19
2018-04-25,5929.403,5959.42
2018-04-26,5951.195,5847.98
2018-04-27,5865.438,5860.98
2018-05-02,5861.838,5855.32
2018-05-03,5843.094,5910.61
2018-05-04,5891.116,5909.29
2018-05-07,5921.312,6019.14
2018-05-08,6023.578,6041.81
2018-05-09,6034.453,6029.23
2018-05-10,6036.004,6040.57
2018-05-11,6044.98,5991.34
2018-05-14,5982.467,5967.55
2018-05-15,5972.162,6020.57
2018-05-16,6002.754,6004.07
2018-05-17,6000.743,5973.78
2018-05-18,5968.56,5995.15
2018-05-21,6034.427,6072.2
2018-05-22,6066.254,6092.91
2018-05-23,6080.729,6013.85
2018-05-24,6014.02,5992.62
2018-05-25,5983.942,5917.8
2018-05-28,5910.479,5891.26
2018-05-29,5884.595,5835.45
2018-05-30,5759.451,5682.59
2018-05-31,5722.943,5754.47
2018-06-01,5729.923,5685.12
2018-06-04,5692.971,5683.15
2018-06-05,5681.218,5779.08
2018-06-06,5770.717,5774.26
2018-06-07,5786.463,5738.02
2018-06-08,5731.836,5669.3
2018-06-11,5657.652,5632.36
2018-06-12,5638.352,5693.35
2018-06-13,5678.812,5607.02
2018-06-14,5590.567,5586.93
2018-06-15,5582.835,5483.94
2018-06-19,5396.685,5141.71
2018-06-20,5114.058,5198.39
2018-06-21,5196.127,5089.25
2018-06-22,5052.433,5160.12
2018-06-25,5196.645,5125.03
2018-06-26,5059.38,5160.28
2018-06-27,5159.625,5109.5
2018-06-28,5097.509,5055.11
2018-06-29,5061.084,5217.76
2018-07-02,5216.85,5138.78
2018-07-03,5138.547,5197.13
2018-07-04,5171.186,5121.34
2018-07-05,5109.14,4982.76
2018-07-06,4981.983,4996.63
2018-07-09,5007.212,5107.55
2018-07-10,5114.119,5136.53
2018-07-11,5060.076,5036.16
2018-07-12,5029.292,5172.5
2018-07-13,5174.514,5204.19
2018-07-16,5201.528,5195.2
2018-07-17,5189.152,5196.2
2018-07-18,5198.894,5156.64
2018-07-19,5153.38,5111.33
2018-07-20,5105.651,5175.25
2018-07-23,5146.615,5214.0
2018-07-24,5213.393,5304.64
2018-07-25,5308.019,5308.66
2018-07-26,5307.306,5273.48
2018-07-27,5270.231,5249.29
2018-07-30,5244.77,5185.15
2018-07-31,5182.83,5188.72
2018-08-01,5198.452,5105.37
2018-08-02,5094.34,4996.01
2018-08-03,4982.894,4929.75
2018-08-06,4919.501,4825.25
2018-08-07,4836.311,4956.87
2018-08-08,4940.78,4880.57
2018-08-09,4862.151,5004.77
2018-08-10,5000.044,5030.51
2018-08-13,4981.348,5055.28
2018-08-14,5043.887,5037.88
2018-08-15,5035.569,4932.81
2018-08-16,4876.694,4888.37
2018-08-17,4923.437,4803.03
2018-08-20,4794.235,4832.65
2018-08-21,4831.209,4891.98
2018-08-22,4877.014,4837.02
2018-08-23,4832.011,4863.67
2018-08-24,4853.867,4852.29
2018-08-27,4859.129,4960.07
2018-08-28,4964.737,4974.21
2018-08-29,4972.084,4941.96
2018-08-30,4937.649,4867.12
2018-08-31,4854.961,4814.82
2018-09-03,4808.376,4838.87
2018-09-04,4833.878,4890.28
2018-09-05,4877.11,4815.03
2018-09-06,4800.94,4793.35
2018-09-07,4796.837,4791.78
2018-09-10,4792.601,4704.88
2018-09-11,4702.831,4702.9
2018-09-12,4700.896,4693.97
2018-09-13,4727.428,4721.21
2018-09-14,4720.777,4670.08
2018-09-17,4649.95,4602.39
2018-09-18,4588.239,4683.51
2018-09-19,4673.945,4736.89
2018-09-20,4734.481,4733.48
2018-09-21,4743.81,4805.22
2018-09-25,4774.792,4792.55
2018-09-26,4794.069,4815.63
2018-09-27,4812.644,4755.38
2018-09-28,4762.336,4800.73
2018-10-08,4722.415,4646.49
2018-10-09,4652.484,4634.89
2018-10-10,4634.642,4629.89
2018-10-11,4483.266,4307.42
2018-10-12,4267.36,4278.04
2018-10-15,4283.352,4199.15
2018-10-16,4193.376,4099.68
2018-10-17,4147.342,4133.38
2018-10-18,4104.332,4018.46
2018-10-19,3958.451,4127.99
2018-10-22,4165.753,4333.14
2018-10-23,4336.45,4253.56
2018-10-24,4233.839,4245.49
2018-10-25,4124.184,4234.42
2018-10-26,4260.912,4233.96
2018-10-29,4220.64,4162.53
2018-10-30,4145.394,4204.54
2018-10-31,4207.757,4272.55
2018-11-01,4299.456,4298.98
2018-11-02,4366.738,4437.95
2018-11-05,4427.635,4440.83
2018-11-06,4427.36,4438.1
2018-11-07,4437.726,4415.14
2018-11-08,4442.657,4382.33
2018-11-09,4363.209,4368.61
2018-11-12,4360.634,4481.69
2018-11-13,4430.955,4563.54
2018-11-14,4551.798,4545.51
2018-11-15,4540.877,4619.81
2018-11-16,4625.008,4659.1
2018-11-19,4660.478,4670.74
2018-11-20,4629.127,4537.45
2018-11-21,4483.373,4554.67
2018-11-22,4562.646,4551.33
2018-11-23,4542.105,4374.76
2018-11-26,4371.422,4367.46
2018-11-27,4393.288,4387.65
2018-11-28,4389.835,4441.86
2018-11-29,4462.79,4345.7
2018-11-30,4334.039,4376.65
2018-12-03,4483.66,4515.17
2018-12-04,4506.246,4536.21
2018-12-05,4456.196,4502.7
2018-12-06,4476.812,4411.09
2018-12-07,4419.609,4410.96
2018-12-10,4381.378,4359.31
2018-12-11,4373.027,4395.57
2018-12-12,4408.91,4393.32
2018-12-13,4405.089,4443.16
2018-12-14,4436.0,4337.1
2018-12-17,4322.597,4330.65
2018-12-18,4308.05,4307.27
2018-12-19,4311.28,4247.9
2018-12-20,4240.371,4259.76
2018-12-21,4246.425,4231.14
2018-12-24,4227.352,4274.72
2018-12-25,4233.541,4225.51
2018-12-26,4218.667,4208.41
2018-12-27,4263.334,4161.27
2018-12-28,4168.944,4168.04
2019-01-02,4176.113,4131.96
2019-01-03,4131.698,4112.81
2019-01-04,4075.623,4210.88
2019-01-07,4235.031,4288.32
2019-01-08,4278.283,4277.3
2019-01-09,4286.229,4288.77
2019-01-10,4289.558,4281.86
2019-01-11,4282.398,4314.88
2019-01-14,4317.526,4286.55
2019-01-15,4282.991,4347.36
2019-01-16,4347.078,4336.88
2019-01-17,4334.63,4303.73
2019-01-18,4307.138,4347.81
2019-01-21,4354.696,4373.63
2019-01-22,4370.855,4308.25
2019-01-23,4298.934,4315.68
2019-01-24,4318.709,4338.17
2019-01-25,4341.412,4318.44
2019-01-28,4341.493,4307.22
2019-01-29,4301.472,4254.29
2019-01-30,4235.271,4211.62
2019-01-31,4203.973,4176.47
2019-02-01,4189.11,4294.27
2019-02-11,4306.204,4402.87
2019-02-12,4398.438,4439.48
2019-02-13,4442.729,4512.41
2019-02-14,4507.841,4532.17
2019-02-15,4523.94,4502.73
2019-02-18,4527.969,4661.0
2019-02-19,4683.321,4667.28
2019-02-20,4667.35,4667.62
2019-02-21,4666.278,4659.14
2019-02-22,4651.54,4777.3
2019-02-25,4840.547,5044.35
2019-02-26,5059.281,5038.54
2019-02-27,5027.383,5017.88
2019-02-28,5017.439,5025.29
2019-03-01,5047.233,5067.23
2019-03-04,5112.955,5158.25
2019-03-05,5146.623,5295.29
2019-03-06,5328.128,5390.03
2019-03-07,5381.231,5458.62
2019-03-08,5340.106,5245.7
2019-03-11,5279.75,5456.38
2019-03-12,5500.933,5551.0
2019-03-13,5557.151,5424.86
2019-03-14,5381.108,5298.5
2019-03-15,5328.81,5359.01
2019-03-18,5387.373,5501.18
2019-03-19,5505.699,5522.18
2019-03-20,5518.313,5515.79
2019-03-21,5525.994,5589.48
2019-03-22,5591.043,5622.14
2019-03-25,5521.25,5549.67
2019-03-26,5571.527,5394.88
2019-03-27,5431.978,5447.88
2019-03-28,5432.941,5370.12
2019-03-29,5370.425,5547.66
2019-04-01,5591.667,5757.84
2019-04-02,5794.788,5775.55
2019-04-03,5744.225,5836.04
2019-04-04,5868.395,5871.56
2019-04-08,5921.211,5847.63
2019-04-09,5834.293,5858.05
2019-04-10,5826.025,5850.76
2019-04-11,5852.631,5727.17
2019-04-12,5720.051,5714.37
2019-04-15,5795.498,5655.98
2019-04-16,5625.121,5777.01
2019-04-17,5776.637,5807.73
2019-04-18,5804.3,5775.17
2019-04-19,5762.501,5810.18
2019-04-22,5821.021,5723.04
2019-04-23,5710.731,5628.06
2019-04-24,5636.406,5679.73
2019-04-25,5652.006,5458.42
2019-04-26,5427.622,5408.03
2019-04-29,5405.163,5265.6
2019-04-30,5244.044,5307.56
2019-05-06,5122.471,4908.8
2019-05-07,4933.038,4973.4
2019-05-08,4865.786,4947.74
2019-05-09,4897.976,4888.41
2019-05-10,4940.478,5064.32
2019-05-13,5009.47,5005.9
2019-05-14,4942.391,4965.61
2019-05-15,5002.61,5076.56
2019-05-16,5071.11,5108.36
2019-05-17,5112.242,4942.58
2019-05-20,4937.177,4923.56
2019-05-21,4917.34,5009.87
2019-05-22,5002.158,4976.39
2019-05-23,4955.252,4872.92
2019-05-24,4848.578,4841.76
2019-05-27,4848.645,4962.95
2019-05-28,4965.596,4955.49
2019-05-29,4943.564,4956.86
2019-05-30,4933.498,4926.4
2019-05-31,4923.919,4912.0
2019-06-03,4921.713,4853.82
2019-06-04,4847.661,4795.41
2019-06-05,4837.89,4783.82
2019-06-06,4776.485,4678.78
2019-06-10,4693.759,4725.26
2019-06-11,4730.807,4901.47
2019-06-12,4889.359,4863.49
2019-06-13,4855.539,4877.65
2019-06-14,4880.23,4795.53
2019-06-17,4796.118,4802.61
2019-06-18,4804.305,4797.15
2019-06-19,4902.963,4858.92
2019-06-20,4853.205,4954.73
2019-06-21,4973.59,5021.31
2019-06-24,5032.37,5024.2
2019-06-25,5020.203,4974.99
2019-06-26,4943.772,4962.59
2019-06-27,4974.983,5007.48
2019-06-28,5005.192,4950.48
2019-07-01,5044.662,5100.26
2019-07-02,5092.842,5084.41
2019-07-03,5074.707,5040.72
2019-07-04,5046.882,5025.02
2019-07-05,5026.332,5042.66
2019-07-08,5028.634,4870.78
2019-07-09,4868.472,4881.62
2019-07-10,4891.906,4843.86
2019-07-11,4867.685,4844.55
2019-07-12,4848.224,4861.57
2019-07-15,4850.886,4925.32
2019-07-16,4917.797,4932.05
2019-07-17,4930.652,4929.09
2019-07-18,4909.718,4844.11
2019-07-19,4861.212,4878.69
2019-07-22,4885.424,4776.57
2019-07-23,4778.055,4823.92
2019-07-24,4837.77,4873.03
2019-07-25,4873.171,4891.64
2019-07-26,4880.72,4898.11
2019-07-29,4897.653,4897.02
2019-07-30,4902.843,4922.92
2019-07-31,4914.041,4903.2
2019-08-01,4877.558,4870.47
2019-08-02,4773.43,4809.92
2019-08-05,4795.906,4751.98
2019-08-06,4665.838,4650.56
2019-08-07,4678.424,4626.36
2019-08-08,4641.866,4656.1
2019-08-09,4677.245,4600.35
2019-08-12,4608.121,4685.05
2019-08-13,4649.351,4658.39
2019-08-14,4713.502,4683.84
2019-08-15,4585.094,4706.55
2019-08-16,4702.139,4722.66
2019-08-19,4765.062,4875.04
2019-08-20,4878.678,4872.61
2019-08-21,4865.716,4882.72
2019-08-22,4894.358,4887.91
2019-08-23,4888.531,4887.9
2019-08-26,4799.485,4855.46
2019-08-27,4878.285,4936.12
2019-08-28,4929.89,4928.19
2019-08-29,4937.587,4934.18
2019-08-30,4963.275,4886.49
2019-09-02,4894.053,5008.3
2019-09-03,5019.405,5044.18
2019-09-04,5036.527,5093.27
2019-09-05,5119.579,5138.41
2019-09-06,5152.187,5154.64
2019-09-09,5202.706,5263.46
2019-09-10,5264.333,5245.31
2019-09-11,5262.493,5217.29
2019-09-12,5230.293,5242.61
2019-09-16,5263.301,5250.34
2019-09-17,5237.559,5140.45
2019-09-18,5148.065,5141.04
2019-09-19,5150.5,5191.67
2019-09-20,5198.723,5204.48
2019-09-23,5192.88,5171.48
2019-09-24,5168.12,5180.74
2019-09-25,5162.152,5087.01
2019-09-26,5099.518,4970.24
2019-09-27,4974.033,5005.63
2019-09-30,5009.135,4940.9
2019-10-08,4955.077,4941.76
2019-10-09,4926.205,4982.95
2019-10-10,4988.141,5046.36
2019-10-11,5057.814,5055.52
2019-10-14,5095.215,5131.13
2019-10-15,5115.245,5061.0
2019-10-16,5064.336,5038.36
2019-10-17,5039.267,5029.85
2019-10-18,5033.82,4961.81
2019-10-21,4956.797,4951.04
2019-10-22,4954.105,5005.55
2019-10-23,5009.352,4967.19
2019-10-24,4961.689,4958.25
2019-10-25,4953.329,4994.57
2019-10-28,5026.067,5084.47
2019-10-29,5080.927,5007.71
2019-10-30,4975.678,4947.9
2019-10-31,4950.028,4917.42
2019-11-01,4908.648,4962.35
2019-11-04,4974.366,4987.84
2019-11-05,4995.459,5025.3
2019-11-06,5022.101,4974.73
2019-11-07,4970.532,5007.07
2019-11-08,5036.653,4988.29
2019-11-11,4961.195,4876.16
2019-11-12,4878.968,4881.61
2019-11-13,4878.965,4875.54
2019-11-14,4875.252,4912.11
2019-11-15,4910.208,4868.44
2019-11-18,4862.28,4892.46
2019-11-19,4892.337,4975.11
2019-11-20,4975.76,4946.28
2019-11-21,4929.853,4945.72
2019-11-22,4954.307,4904.08
2019-11-25,4904.993,4901.5
2019-11-26,4906.426,4882.16
2019-11-27,4881.405,4904.26
2019-11-28,4897.653,4889.26
2019-11-29,4888.347,4894.94
2019-12-02,4897.63,4905.42
2019-12-03,4889.402,4926.45
2019-12-04,4902.487,4920.67
2019-12-05,4927.774,4967.6
2019-12-06,4968.041,5010.51
2019-12-09,5020.218,5024.6
2019-12-10,5012.47,5049.05
2019-12-11,5044.938,5027.28
2019-12-12,5025.489,5012.0
2019-12-13,5047.901,5073.69
2019-12-16,5095.349,5166.04
2019-12-17,5167.227,5236.06
2019-12-18,5235.472,5235.12
2019-12-19,5236.918,5241.74
2019-12-20,5244.218,5184.68
2019-12-23,5161.282,5084.35
2019-12-24,5098.805,5162.07
2019-12-25,5157.368,5183.1
2019-12-26,5181.381,5219.14
2019-12-27,5223.467,5179.19
2019-12-30,5160.312,5241.94
2019-12-31,5239.911,5267.66
2020-01-02,5306.67,5366.14
2020-01-03,5376.036,5380.64
2020-01-06,5365.217,5434.85
2020-01-07,5441.904,5499.84
2020-01-08,5481.988,5423.8
2020-01-09,5465.855,5497.54
2020-01-10,5511.676,5480.23
2020-01-13,5478.319,5559.63
2020-01-14,5576.628,5542.33
2020-01-15,5532.964,5530.03
2020-01-16,5539.423,5527.67
2020-01-17,5539.728,5510.05
2020-01-20,5523.014,5587.54
2020-01-21,5581.008,5523.94
2020-01-22,5502.584,5575.51
2020-01-23,5521.791,5377.74
2020-02-03,4896.893,4910.9
2020-02-04,4736.119,4996.47
2020-02-05,5035.407,5123.96
2020-02-06,5128.184,5282.89
2020-02-07,5287.272,5327.04
2020-02-10,5322.004,5388.43
2020-02-11,5390.528,5361.28
2020-02-12,5345.526,5459.95
2020-02-13,5456.657,5412.84
2020-02-14,5407.471,5420.8
2020-02-17,5454.466,5594.44
2020-02-18,5607.836,5660.81
2020-02-19,5654.175,5603.26
2020-02-20,5619.518,5706.71
2020-02-21,5704.834,5784.03
2020-02-24,5784.579,5865.47
2020-02-25,5745.616,5897.72
2020-02-26,5824.045,5743.39
2020-02-27,5770.221,5753.73
2020-02-28,5558.416,5451.29
2020-03-02,5516.439,5656.42
2020-03-03,5756.788,5710.02
2020-03-04,5670.498,5716.51
2020-03-05,5795.25,5801.12
2020-03-06,5737.096,5763.86
2020-03-09,5668.639,5525.82
2020-03-10,5459.172,5675.11
2020-03-11,5692.716,5589.53
2020-03-12,5507.317,5493.88
2020-03-13,5225.506,5457.2
2020-03-16,5496.884,5200.11
2020-03-17,5245.521,5212.06
2020-03-18,5257.942,5119.47
2020-03-19,5119.94,5157.82
2020-03-20,5217.487,5219.28
2020-03-23,5079.355,4998.91
2020-03-24,5089.151,5096.04
2020-03-25,5200.771,5217.42
2020-03-26,5180.467,5166.11
2020-03-27,5222.854,5137.34
2020-03-30,5073.709,5027.49
2020-03-31,5073.52,5041.45
2020-04-01,5029.585,5019.22
2020-04-02,4998.624,5147.2
2020-04-03,5143.519,5107.04
2020-04-07,5202.544,5267.07
2020-04-08,5243.166,5271.8
2020-04-09,5301.265,5322.46
2020-04-10,5321.786,5208.51
2020-04-13,5176.447,5169.18
2020-04-14,5197.168,5288.59
2020-04-15,5291.967,5268.75
2020-04-16,5245.924,5316.97
2020-04-17,5354.979,5318.45
2020-04-20,5329.873,5381.79
2020-04-21,5358.6,5343.88
2020-04-22,5304.728,5387.62
2020-04-23,5402.647,5357.79
2020-04-24,5350.545,5273.55
2020-04-27,5278.974,5265.72
2020-04-28,5268.13,5227.85
2020-04-29,5203.709,5226.81
2020-04-30,5261.047,5353.86
2020-05-06,5320.944,5451.32
2020-05-07,5454.25,5445.75
2020-05-08,5474.878,5507.7
2020-05-11,5529.104,5496.19
2020-05-12,5494.065,5512.46
2020-05-13,5495.897,5536.28
2020-05-14,5513.084,5487.11
2020-05-15,5510.142,5507.93
2020-05-18,5522.722,5478.82
2020-05-19,5515.033,5547.88
2020-05-20,5545.042,5489.7
2020-05-21,5508.2,5426.17
2020-05-22,5421.731,5328.23
2020-05-25,5323.962,5316.6
2020-05-26,5341.109,5420.21
2020-05-27,5426.557,5369.5
2020-05-28,5367.269,5361.17
2020-05-29,5349.567,5406.34
2020-06-01,5446.291,5569.48
2020-06-02,5595.355,5566.44
2020-06-03,5583.698,5572.31
2020-06-04,5589.341,5576.75
2020-06-05,5585.156,5585.42
2020-06-08,5618.371,5575.3
2020-06-09,5582.147,5610.38
2020-06-10,5611.656,5615.24
2020-06-11,5618.639,5589.1
2020-06-12,5483.788,5591.49
2020-06-15,5605.88,5590.64
2020-06-16,5633.258,5695.3
2020-06-17,5708.689,5735.42
2020-06-18,5738.028,5734.4
2020-06-19,5733.431,5787.15
2020-06-22,5793.791,5784.03
2020-06-23,5783.117,5804.34
2020-06-24,5808.539,5789.09
2020-06-29,5774.461,5762.44
2020-06-30,5790.068,5864.42
2020-07-01,5884.542,5881.89
2020-07-02,5880.884,5975.28
2020-07-03,5989.996,6051.51
2020-07-06,6095.96,6299.86
2020-07-07,6368.315,6380.03
2020-07-08,6378.951,6535.42
2020-07-09,6541.29,6693.75
2020-07-10,6664.329,6676.44
2020-07-13,6710.638,6899.52
2020-07-14,6897.007,6807.73
2020-07-15,6815.617,6638.84
2020-07-16,6642.33,6320.0
2020-07-17,6327.025,6344.59
2020-07-20,6419.078,6526.83
2020-07-21,6546.561,6563.32
2020-07-22,6554.169,6620.69
2020-07-23,6562.052,6620.09
2020-07-24,6584.806,6283.98
2020-07-27,6304.591,6298.74
2020-07-28,6345.678,6359.66
2020-07-29,6341.007,6530.27
2020-07-30,6548.705,6511.44
2020-07-31,6499.394,6579.67
2020-08-03,6635.345,6739.81
2020-08-04,6758.497,6697.71
2020-08-05,6696.685,6772.84
2020-08-06,6780.325,6770.3
2020-08-07,6743.288,6688.88
2020-08-10,6666.564,6725.3
2020-08-11,6727.772,6600.85
2020-08-12,6580.006,6528.4
2020-08-13,6552.373,6552.66
2020-08-14,6542.6,6623.56
2020-08-17,6646.545,6744.55
2020-08-18,6747.608,6789.4
2020-08-19,6782.589,6666.27
2020-08-20,6622.01,6593.79
2020-08-21,6628.896,6643.94
2020-08-24,6667.291,6688.96
2020-08-25,6698.122,6652.55
2020-08-26,6650.45,6525.88
2020-08-27,6538.135,6578.79
2020-08-28,6571.898,6691.21
2020-08-31,6719.283,6668.43
2020-09-01,6667.168,6710.46
2020-09-02,6725.693,6717.56
2020-09-03,6715.103,6662.25
2020-09-04,6545.892,6618.58
2020-09-07,6619.896,6478.81
2020-09-08,6493.776,6525.1
2020-09-09,6455.302,6349.22
2020-09-10,6404.666,6235.57
2020-09-11,6209.792,6311.97
2020-09-14,6350.353,6351.24
2020-09-15,6351.036,6387.88
2020-09-16,6379.522,6353.84
2020-09-17,6345.671,6367.02
2020-09-18,6367.793,6469.47
2020-09-21,6492.22,6445.96
2020-09-22,6392.023,6358.65
2020-09-23,6382.278,6392.03
2020-09-24,6353.695,6244.64
2020-09-25,6271.701,6236.89
2020-09-28,6255.022,6178.47
2020-09-29,6206.99,6228.77
2020-09-30,6245.111,6192.5
2020-10-09,6300.069,6357.97
2020-10-12,6408.087,6541.18
2020-10-13,6538.837,6551.4
2020-10-14,6547.833,6508.37
2020-10-15,6511.07,6460.04
2020-10-16,6456.736,6428.68
2020-10-19,6466.564,6358.32
2020-10-20,6349.64,6423.11
2020-10-21,6426.191,6350.01
2020-10-22,6331.8,6317.14
2020-10-23,6312.005,6213.26
2020-10-26,6195.356,6214.38
2020-10-27,6187.472,6221.34
2020-10-28,6221.742,6246.0
2020-10-29,6168.905,6255.19
2020-10-30,6272.927,6111.48
2020-11-02,6119.456,6143.12
2020-11-03,6175.162,6241.77
2020-11-04,6246.639,6234.16
2020-11-05,6294.615,6351.98
2020-11-06,6366.188,6301.25
2020-11-09,6337.441,6421.65
2020-11-10,6434.434,6373.09
2020-11-11,6356.371,6294.61
2020-11-12,6305.062,6315.49
2020-11-13,6304.46,6306.97
2020-11-16,6319.703,6387.37
2020-11-17,6380.768,6336.94
2020-11-18,6333.447,6341.01
2020-11-19,6328.084,6360.6
2020-11-20,6354.792,6422.99
2020-11-23,6435.919,6472.93
2020-11-24,6472.748,6475.19
2020-11-25,6489.259,6350.37
2020-11-26,6349.857,6334.3
2020-11-27,6337.382,6351.61
2020-11-30,6360.458,6320.94
2020-12-01,6307.859,6426.62
2020-12-02,6437.957,6434.98
2020-12-03,6437.384,6440.88
2020-12-04,6426.022,6464.73
2020-12-07,6465.986,6424.68
2020-12-08,6424.158,6423.65
2020-12-09,6430.476,6307.22
2020-12-10,6295.358,6320.1
2020-12-11,6328.831,6209.43
2020-12-14,6207.828,6259.02
2020-12-15,6250.095,6265.58
2020-12-16,6268.216,6235.44
2020-12-17,6225.078,6308.9
2020-12-18,6310.162,6291.92
2020-12-21,6302.259,6398.6
2020-12-22,6372.878,6250.06
2020-12-23,6255.349,6307.6
2020-12-24,6308.475,6205.22
2020-12-25,6190.994,6278.5
2020-12-28,6283.78,6244.48
2020-12-29,6240.733,6199.85
2020-12-30,6196.452,6269.25
2020-12-31,6282.953,6367.11
2021-01-04,6395.615,6482.79
2021-01-05,6470.249,6539.73
2021-01-06,6549.729,6528.14
2021-01-07,6523.68,6538.12
2021-01-08,6541.561,6557.6
2021-01-11,6557.454,6455.4
2021-01-12,6425.816,6543.23
2021-01-13,6550.032,6496.91
2021-01-14,6471.794,6439.89
2021-01-15,6427.129,6417.5
2021-01-18,6414.826,6514.46
2021-01-19,6510.475,6476.37
2021-01-20,6477.67,6535.42
2021-01-21,6552.039,6622.5
2021-01-22,6619.865,6637.81
2021-01-25,6636.216,6645.31
2021-01-26,6621.147,6532.96
2021-01-27,6527.68,6557.16
2021-01-28,6475.86,6414.38
2021-01-29,6448.673,6346.14
2021-02-01,6338.646,6393.28
2021-02-02,6404.858,6454.79
2021-02-03,6459.663,6399.33
2021-02-04,6375.674,6328.79
2021-02-05,6343.83,6239.87
2021-02-08,6247.917,6323.16
2021-02-09,6334.415,6457.88
2021-02-10,6474.754,6525.17
2021-02-18,6657.302,6614.54
2021-02-19,6600.244,6703.48
2021-02-22,6731.509,6657.06
2021-02-23,6613.603,6631.23
2021-02-24,6633.286,6536.19
2021-02-25,6600.202,6499.15
2021-02-26,6365.736,6364.35
2021-03-01,6407.165,6488.44
2021-03-02,6514.023,6433.33
2021-03-03,6426.035,6524.75
2021-03-04,6482.786,6401.99
2021-03-05,6325.755,6403.5
2021-03-08,6453.781,6256.41
2021-03-09,6235.311,6108.0
2021-03-10,6164.773,6062.26
2021-03-11,6074.333,6213.83
2021-03-12,6231.485,6222.38
2021-03-15,6192.297,6173.87
2021-03-16,6176.065,6195.24
2021-03-17,6180.894,6225.36
2021-03-18,6231.198,6273.86
2021-03-19,6195.251,6206.6
2021-03-22,6208.93,6305.69
2021-03-23,6307.984,6219.17
2021-03-24,6180.309,6142.54
2021-03-25,6118.873,6157.41
2021-03-26,6164.82,6251.79
2021-03-29,6269.996,6254.94
2021-03-30,6239.47,6280.36
2021-03-31,6277.697,6254.07
2021-04-01,6259.409,6311.66
2021-04-02,6316.56,6326.61
2021-04-06,6345.895,6343.1
2021-04-07,6350.382,6348.08
2021-04-08,6332.923,6356.75
2021-04-09,6345.291,6335.24
2021-04-12,6325.266,6226.42
2021-04-13,6210.223,6209.78
2021-04-14,6206.636,6277.21
2021-04-15,6263.628,6276.46
2021-04-16,6283.861,6339.59
2021-04-19,6331.709,6425.26
2021-04-20,6419.73,6428.54
2021-04-21,6396.274,6420.26
2021-04-22,6444.289,6445.47
2021-04-23,6445.52,6462.76
2021-04-26,6480.304,6442.65
2021-04-27,6434.611,6446.28
2021-04-28,6433.095,6489.74
2021-04-29,6495.647,6491.93
2021-04-30,6470.355,6485.71
2021-05-06,6503.602,6489.35
2021-05-07,6505.572,6444.44
2021-05-10,6461.415,6475.99
2021-05-11,6436.294,6456.04
2021-05-12,6434.914,6512.05
2021-05-13,6448.962,6439.03
2021-05-14,6454.675,6525.8
2021-05-17,6521.885,6578.14
2021-05-18,6578.973,6599.6
2021-05-19,6582.108,6584.39
2021-05-20,6541.091,6548.71
2021-05-21,6557.484,6527.86
2021-05-24,6515.831,6544.12
2021-05-25,6549.343,6619.67
2021-05-26,6631.369,6628.21
2021-05-27,6629.242,6685.41
2021-05-28,6699.284,6668.17
2021-05-31,6681.549,6728.99
2021-06-01,6718.64,6739.76
2021-06-02,6740.505,6681.43
2021-06-03,6680.108,6667.73
2021-06-04,6642.063,6693.06
2021-06-07,6705.734,6721.5
2021-06-08,6726.084,6684.56
2021-06-09,6677.133,6692.9
2021-06-10,6688.816,6765.64
2021-06-11,6773.647,6725.92
2021-06-15,6734.093,6663.66
2021-06-16,6659.498,6566.29
2021-06-17,6554.298,6616.17
2021-06-18,6610.263,6657.76
2021-06-21,6652.656,6707.18
2021-06-22,6723.294,6739.79
2021-06-23,6741.581,6789.95
2021-06-24,6791.865,6754.87
2021-06-25,6748.862,6813.41
2021-06-28,6814.321,6828.52
2021-06-29,6833.056,6765.42
2021-06-30,6767.739,6808.18
2021-07-01,6827.701,6716.67
2021-07-02,6701.069,6658.05
2021-07-05,6670.123,6711.01
2021-07-06,6727.969,6709.5
2021-07-07,6661.852,6764.13
2021-07-08,6774.84,6748.65
2021-07-09,6721.61,6804.54
2021-07-12,6852.474,6904.38
2021-07-13,6901.815,6961.85
2021-07-14,6953.822,6898.75
2021-07-15,6874.809,6932.41
2021-07-16,6931.048,6925.12
2021-07-19,6912.101,6889.34
2021-07-20,6831.049,6901.13
2021-07-21,6923.61,6984.54
2021-07-22,6996.257,7026.55
2021-07-23,7036.298,6985.75
2021-07-26,6974.112,6868.21
2021-07-27,6877.447,6719.26
2021-07-28,6650.148,6621.98
2021-07-29,6720.62,6758.89
2021-07-30,6739.758,6767.32
2021-08-02,6756.813,6872.0
2021-08-03,6844.369,6816.01
2021-08-04,6814.088,6931.34
2021-08-05,6920.94,6911.83
2021-08-06,6929.025,6938.87
2021-08-09,6914.326,6979.53
2021-08-10,6970.827,7019.23
2021-08-11,7024.767,7073.52
2021-08-12,7059.465,7095.2
2021-08-13,7070.473,7088.89
2021-08-16,7087.583,7052.49
2021-08-17,7045.751,6894.4
2021-08-18,6883.268,6941.01
2021-08-19,6917.513,6947.06
2021-08-20,6915.013,6920.02
2021-08-23,6949.327,7024.56
2021-08-24,7031.646,7090.78
2021-08-25,7092.143,7153.0
2021-08-26,7151.526,7118.84
2021-08-27,7096.656,7180.11
2021-08-30,7202.624,7226.88
2021-08-31,7202.522,7255.34
2021-09-01,7271.034,7193.1
2021-09-02,7172.4,7307.01
2021-09-03,7335.695,7278.68
2021-09-06,7297.359,7355.4
2021-09-07,7360.387,7498.93
2021-09-08,7496.333,7544.04
2021-09-09,7534.981,7617.45
2021-09-10,7613.599,7607.67
2021-09-13,7613.543,7648.75
2021-09-14,7630.72,7556.62
2021-09-15,7535.255,7592.31
2021-09-16,7616.886,7446.94
2021-09-17,7421.801,7395.56
2021-09-22,7305.074,7453.62
2021-09-23,7512.331,7502.84
2021-09-24,7490.56,7380.38
2021-09-27,7400.005,7170.59
2021-09-28,7158.624,7198.9
2021-09-29,7142.762,7010.22
2021-09-30,7034.696,7103.61
2021-10-08,7191.229,7091.34
2021-10-11,7102.885,7090.47
2021-10-12,7069.351,6952.19
2021-10-13,6957.724,6981.59
2021-10-14,6970.645,7008.33
2021-10-15,6996.12,7024.16
2021-10-18,7027.135,7068.1
2021-10-19,7060.775,7120.38
2021-10-20,7081.989,7118.8
2021-10-21,7127.631,7098.25
2021-10-22,7089.137,7026.07
2021-10-25,7019.027,7103.99
2021-10-26,7120.063,7102.43
2021-10-27,7093.12,7048.6
2021-10-28,7026.297,6950.28
2021-10-29,6955.848,7022.5
2021-11-01,7005.073,7060.76
2021-11-02,7061.003,6985.1
2021-11-03,6975.06,7017.85
2021-11-04,7031.945,7073.85
2021-11-05,7071.086,6991.91
2021-11-08,6986.494,7026.97
2021-11-09,7037.57,7081.75
2021-11-10,7061.635,7062.33
2021-11-11,7048.863,7119.86
2021-11-12,7118.99,7156.61
2021-11-15,7166.034,7098.21
2021-11-16,7083.923,7045.94
2021-11-17,7043.628,7104.53
2021-11-18,7108.777,7084.68
2021-11-19,7083.01,7169.88
2021-11-22,7177.397,7255.07
2021-11-23,7245.946,7261.38
2021-11-24,7260.214,7256.11
2021-11-25,7262.791,7233.54
2021-11-26,7216.636,7219.86
2021-11-29,7129.941,7221.9
2021-11-30,7252.337,7252.76
2021-12-01,7239.13,7272.84
2021-12-02,7256.426,7229.99
2021-12-03,7233.575,7301.92
2021-12-06,7308.993,7240.46
2021-12-07,7274.13,7206.83
2021-12-08,7224.999,7302.99
2021-12-09,7298.798,7320.32
2021-12-10,7285.977,7306.65
2021-12-13,7334.109,7353.03
2021-12-14,7330.233,7324.13
2021-12-15,7319.666,7314.26
2021-12-16,7323.414,7381.0
2021-12-17,7380.72,7314.56
2021-12-20,7290.946,7195.97
2021-12-21,7190.975,7275.47
2021-12-22,7289.904,7302.46
2021-12-23,7306.159,7337.19
2021-12-24,7336.004,7278.76
2021-12-27,7269.371,7272.75
2021-12-28,7281.0,7286.03
2021-12-29,7275.669,7247.77
2021-12-30,7246.031,7310.96
2021-12-31,7320.934,7359.4
2022-01-04,7387.809,7354.46
2022-01-05,7343.895,7222.67
2022-01-06,7187.95,7229.96
2022-01-07,7232.413,7175.68
2022-01-10,7161.437,7191.45
2022-01-11,7187.012,7135.22
2022-01-12,7160.174,7196.93
2022-01-13,7203.244,7097.76
2022-01-14,7063.422,7081.14
2022-01-17,7080.616,7157.86
2022-01-18,7163.13,7163.16
2022-01-19,7144.475,7118.76
2022-01-20,7119.515,7056.79
2022-01-21,7037.943,6976.62
2022-01-24,6942.922,6979.25
2022-01-25,6959.998,6743.96
2022-01-26,6762.355,6782.58
2022-01-27,6781.612,6605.92
2022-01-28,6690.176,6580.53
2022-02-07,6664.566,6676.61
2022-02-08,6678.987,6742.19
2022-02-09,6736.754,6843.03
2022-02-10,6841.166,6840.49
2022-02-11,6811.776,6745.02
2022-02-14,6711.592,6695.7
2022-02-15,6700.82,6760.28
2022-02-16,6779.204,6772.03
2022-02-17,6764.335,6768.79
2022-02-18,6734.518,6835.02
2022-02-21,6843.081,6867.11
2022-02-22,6827.044,6784.76
2022-02-23,6785.1,6887.42
2022-02-24,6861.416,6764.88
2022-02-25,6805.636,6819.43
2022-02-28,6831.49,6853.31
2022-03-01,6868.617,6874.04
2022-03-02,6853.071,6875.24
2022-03-03,6900.975,6859.55
2022-03-04,6823.831,6803.83
2022-03-07,6800.767,6659.39
2022-03-08,6650.581,6429.89
2022-03-09,6443.203,6305.61
2022-03-10,6424.912,6414.94
2022-03-11,6343.189,6474.13
2022-03-14,6419.241,6323.58
2022-03-15,6272.442,5964.98
2022-03-16,6068.898,6156.27
2022-03-17,6233.64,6267.52
2022-03-18,6249.479,6332.22
2022-03-21,6340.556,6358.94
2022-03-22,6343.401,6358.11
2022-03-23,6368.312,6398.1
2022-03-24,6370.976,6344.12
2022-03-25,6346.714,6268.24
2022-03-28,6230.12,6283.28
2022-03-29,6289.476,6253.07
2022-03-30,6271.998,6377.87
2022-03-31,6361.103,6324.96
2022-04-01,6289.389,6364.52
2022-04-06,6363.005,6356.93
2022-04-07,6321.808,6221.59
2022-04-08,6227.198,6224.12
2022-04-11,6202.019,6029.89
2022-04-12,6019.677,6126.91
2022-04-13,6094.688,6044.33
2022-04-14,6074.134,6126.49
2022-04-15,6094.123,6070.75
2022-04-18,6019.533,6074.01
2022-04-19,6067.483,6092.4
2022-04-20,6082.811,5956.92
2022-04-21,5933.787,5759.8
2022-04-22,5728.188,5740.98
2022-04-25,5656.397,5369.72
2022-04-26,5374.259,5234.01
2022-04-27,5179.034,5437.04
2022-04-28,5398.9,5418.76
2022-04-29,5458.913,5627.9
2022-05-05,5612.494,5686.7
2022-05-06,5560.977,5563.77
2022-05-09,5552.479,5608.52
2022-05-10,5532.603,5690.09
2022-05-11,5697.432,5737.82
2022-05-12,5707.555,5743.1
2022-05-13,5765.315,5796.8
2022-05-16,5840.242,5791.08
2022-05-17,5789.918,5816.34
2022-05-18,5815.606,5797.49
2022-05-19,5708.803,5838.41
2022-05-20,5854.016,5929.49
2022-05-23,5941.145,5965.73
2022-05-24,5962.154,5745.68
2022-05-25,5741.23,5844.25
2022-05-26,5848.026,5911.56
2022-05-27,5921.337,5899.92
2022-05-30,5918.241,5942.83
2022-05-31,5940.375,6026.24
2022-06-01,6008.748,6023.64
2022-06-02,6000.613,6078.43
2022-06-06,6079.882,6187.44
2022-06-07,6186.579,6186.57
2022-06-08,6184.963,6217.83
2022-06-09,6207.731,6130.69
2022-06-10,6083.498,6240.1
2022-06-13,6188.766,6233.62
2022-06-14,6161.624,6275.57
2022-06-15,6275.37,6261.06
2022-06-16,6262.285,6264.82
2022-06-17,6220.584,6316.31
2022-06-20,6323.402,6330.39
2022-06-21,6324.839,6277.0
2022-06-22,6281.867,6179.57
2022-06-23,6186.983,6300.47
2022-06-24,6306.826,6368.28
2022-06-27,6398.355,6407.74
2022-06-28,6412.438,6501.35
2022-06-29,6479.173,6374.3
2022-06-30,6385.217,6454.08
2022-07-01,6450.753,6438.54
2022-07-04,6445.073,6523.13
2022-07-05,6535.454,6511.53
2022-07-06,6489.025,6418.55
2022-07-07,6414.412,6452.99
2022-07-08,6478.292,6404.44
2022-07-11,6387.449,6319.14
2022-07-12,6317.879,6241.48
2022-07-13,6238.676,6268.49
2022-07-14,6267.47,6302.43
2022-07-15,6279.677,6196.8
2022-07-18,6216.104,6312.36
2022-07-19,6318.838,6335.71
2022-07-20,6353.004,6410.71
2022-07-21,6400.068,6347.6
2022-07-22,6353.922,6289.53
2022-07-25,6297.104,6231.24
2022-07-26,6239.213,6307.96
2022-07-27,6301.606,6332.23
2022-07-28,6361.277,6348.17
2022-07-29,6356.516,6294.11
2022-08-01,6293.382,6347.22
2022-08-02,6288.61,6170.0
2022-08-03,6171.612,6124.31
2022-08-04,6160.482,6158.73
2022-08-05,6175.479,6270.51
2022-08-08,6266.562,6323.07
2022-08-09,6314.103,6341.48
2022-08-10,6331.417,6322.06
2022-08-11,6349.497,6439.36
2022-08-12,6425.107,6420.85
2022-08-15,6405.717,6442.81
2022-08-16,6446.764,6465.19
2022-08-17,6473.248,6493.5
2022-08-18,6481.375,6468.81
2022-08-19,6468.828,6391.72
2022-08-22,6381.34,6472.68
2022-08-23,6460.167,6466.4
2022-08-24,6470.69,6284.58
2022-08-25,6303.148,6322.7
2022-08-26,6331.075,6298.37
2022-08-29,6213.4,6310.4
2022-08-30,6309.582,6285.93
2022-08-31,6265.598,6155.75
2022-09-01,6153.289,6126.77
2022-09-02,6135.299,6149.43
2022-09-05,6147.71,6182.65
2022-09-06,6198.486,6291.57
2022-09-07,6269.987,6301.56
2022-09-08,6299.911,6272.58
2022-09-09,6275.896,6316.97
2022-09-13,6334.859,6300.42
2022-09-14,6214.909,6249.96
2022-09-15,6280.45,6107.8
2022-09-16,6091.415,5954.5
2022-09-19,5947.857,5913.15
2022-09-20,5949.333,5958.29
2022-09-21,5943.092,5978.58
2022-09-22,5938.104,5965.89
2022-09-23,5961.06,5889.6
2022-09-26,5841.579,5806.32
2022-09-27,5823.544,5920.05
2022-09-28,5910.05,5769.52
2022-09-29,5823.271,5771.88
2022-09-30,5764.149,5714.06
2022-10-10,5729.754,5635.71
2022-10-11,5642.482,5684.51
2022-10-12,5680.361,5820.45
2022-10-13,5789.665,5830.34
2022-10-14,5866.86,5973.44
2022-10-17,5952.384,6015.6
2022-10-18,6031.043,6035.67
2022-10-19,6021.797,5972.72
2022-10-20,5943.474,5948.86
2022-10-21,5959.206,5956.88
2022-10-24,5968.538,5896.9
2022-10-25,5864.024,5869.78
2022-10-26,5871.077,5971.6
2022-10-27,5978.281,5963.0
2022-10-28,5922.822,5781.8
2022-10-31,5745.081,5807.11
2022-11-01,5814.219,5941.15
2022-11-02,5925.647,5997.8
2022-11-03,5944.513,5996.72
2022-11-04,5996.303,6133.46
2022-11-07,6133.24,6141.41
2022-11-08,6139.893,6134.26
2022-11-09,6140.543,6120.83
2022-11-10,6085.29,6089.7
2022-11-11,6223.227,6138.62
2022-11-14,6140.184,6129.51
2022-11-15,6125.103,6236.38
2022-11-16,6238.587,6203.92
2022-11-17,6182.695,6217.21
2022-11-18,6213.093,6191.65
2022-11-21,6147.718,6189.71
2022-11-22,6178.163,6125.4
2022-11-23,6114.265,6115.6
2022-11-24,6126.602,6120.07
2022-11-25,6095.127,6087.86
2022-11-28,5999.851,6055.28
2022-11-29,6071.448,6163.82
2022-11-30,6156.775,6156.15
2022-12-01,6211.289,6186.1
2022-12-02,6177.92,6168.01
2022-12-05,6201.976,6215.12
2022-12-06,6202.523,6211.25
2022-12-07,6198.058,6204.01
2022-12-08,6199.16,6186.28
2022-12-09,6185.793,6192.3
2022-12-12,6181.245,6154.81
2022-12-13,6153.737,6121.66
2022-12-14,6122.436,6096.39
2022-12-15,6090.119,6101.88
2022-12-16,6071.953,6072.86
2022-12-19,6058.899,5936.48
2022-12-20,5919.025,5878.03
2022-12-21,5879.277,5845.84
2022-12-22,5867.729,5779.06
2022-12-23,5751.953,5763.35
2022-12-26,5769.073,5843.26
2022-12-27,5857.752,5885.66
2022-12-28,5869.459,5862.1
2022-12-29,5843.941,5857.4
2022-12-30,5875.282,5864.47
2023-01-03,5861.554,5955.9
2023-01-04,5952.503,5952.45
2023-01-05,5959.434,6010.46
2023-01-06,6004.178,6012.82
2023-01-09,6028.4,6040.02
2023-01-10,6044.644,6048.3
2023-01-11,6049.043,6014.16
2023-01-12,6022.564,6015.29
2023-01-13,6030.929,6057.69
2023-01-16,6068.914,6126.18
2023-01-17,6129.736,6132.64
2023-01-18,6139.695,6151.46
2023-01-19,6145.625,6204.33
2023-01-20,6214.022,6251.43
2023-01-30,6331.879,6283.33
2023-01-31,6266.295,6289.15
2023-02-01,6300.505,6365.91
2023-02-02,6383.297,6370.14
2023-02-03,6354.717,6343.69
2023-02-06,6314.595,6302.33
2023-02-07,6309.223,6317.24
2023-02-08,6319.521,6268.28
2023-02-09,6256.31,6354.56
2023-02-10,6348.997,6334.25
2023-02-13,6333.222,6383.83
2023-02-14,6394.615,6397.21
2023-02-15,6398.876,6384.35
2023-02-16,6384.216,6289.48
2023-02-17,6284.928,6237.41
2023-02-20,6248.257,6346.07
2023-02-21,6349.902,6383.42
2023-02-22,6352.029,6375.07
2023-02-23,6377.292,6360.32
2023-02-24,6367.628,6340.84
2023-02-27,6318.643,6307.21
2023-02-28,6323.847,6357.54
2023-03-01,6356.502,6402.14
2023-03-02,6398.254,6382.23
2023-03-03,6384.066,6390.32
2023-03-06,6398.104,6395.22
2023-03-07,6389.812,6284.3
2023-03-08,6264.436,6301.52
2023-03-09,6311.04,6285.95
2023-03-10,6251.561,6204.9
2023-03-13,6189.973,6245.0
2023-03-14,6237.734,6189.4
2023-03-15,6210.928,6224.64
2023-03-16,6191.294,6140.83
2023-03-17,6174.188,6183.18
2023-03-20,6195.347,6160.35
2023-03-21,6171.886,6234.68
2023-03-22,6244.364,6269.74
2023-03-23,6253.579,6305.76
2023-03-24,6312.433,6310.1
2023-03-27,6304.479,6311.6
2023-03-28,6314.58,6279.92
2023-03-29,6285.953,6260.55
2023-03-30,6257.643,6286.18
2023-03-31,6284.854,6339.82
2023-04-03,6346.695,6413.81
2023-04-04,6414.818,6408.9
2023-04-06,6387.234,6416.85
2023-04-07,6418.264,6464.47
2023-04-10,6474.94,6410.52
2023-04-11,6405.631,6420.88
2023-04-12,6415.705,6443.44
2023-04-13,6438.168,6404.65
2023-04-14,6420.313,6431.07
2023-04-17,6422.868,6459.24
2023-04-18,6448.754,6449.85
2023-04-19,6444.873,6416.97
2023-04-20,6408.811,6411.76
2023-04-21,6411.509,6250.54
2023-04-24,6250.964,6208.78
2023-04-25,6205.616,6118.15
2023-04-26,6095.129,6142.15
2023-04-27,6127.649,6157.94
2023-04-28,6151.64,6241.24
2023-05-04,6223.227,6262.39
2023-05-05,6255.709,6200.58
2023-05-08,6202.676,6248.58
2023-05-09,6242.666,6181.98
2023-05-10,6167.135,6173.81
2023-05-11,6185.668,6154.47
2023-05-12,6138.944,6091.65
2023-05-15,6094.677,6159.39
2023-05-16,6159.172,6110.83
2023-05-17,6097.975,6122.05
2023-05-18,6132.522,6128.18
2023-05-19,6116.84,6117.08
2023-05-22,6111.849,6115.32
2023-05-23,6114.214,6052.43
2023-05-24,6032.687,6005.79
2023-05-25,6000.22,5988.19
2023-05-26,5983.133,6034.98
2023-05-29,6046.548,6025.16
2023-05-30,6008.463,6061.31
2023-05-31,6044.018,6047.8
2023-06-01,6028.803,6051.46
2023-06-02,6061.913,6105.22
2023-06-05,6102.134,6097.11
2023-06-06,6088.662,5983.42
2023-06-07,5982.307,5987.01
2023-06-08,5971.727,5966.15
2023-06-09,5968.698,6009.58
2023-06-12,5999.615,6027.71
2023-06-13,6016.689,6044.04
2023-06-14,6046.441,6044.08
2023-06-15,6049.471,6096.81
2023-06-16,6094.841,6148.01
2023-06-19,6148.85,6131.38
2023-06-20,6122.741,6126.11
2023-06-21,6104.251,5990.85
2023-06-26,5947.567,5887.03
2023-06-27,5897.692,5948.0
2023-06-28,5945.643,5942.31
2023-06-29,5928.71,5940.58
2023-06-30,5931.872,5998.73
2023-07-03,6009.267,6042.31
2023-07-04,6042.724,6055.26
2023-07-05,6050.345,6020.82
2023-07-06,6010.653,5988.55
2023-07-07,5973.98,5961.61
2023-07-10,5980.607,5984.28
2023-07-11,5991.019,6029.23
2023-07-12,6030.641,5962.79
2023-07-13,5986.253,6044.06
2023-07-14,6052.951,6030.52
2023-07-17,6012.765,6012.69
2023-07-18,6015.982,6001.8
2023-07-19,5998.379,5993.41
2023-07-20,5996.834,5925.48
2023-07-21,5914.358,5925.63
2023-07-24,5913.567,5916.71
2023-07-25,5976.967,6016.63
2023-07-26,6014.761,6001.54
2023-07-27,5998.845,5961.18
2023-07-28,5945.911,6043.24
2023-07-31,6059.106,6088.24
2023-08-01,6086.899,6098.88
2023-08-02,6088.131,6077.46
2023-08-03,6062.646,6098.69
2023-08-04,6126.154,6128.56
2023-08-07,6115.835,6090.73
2023-08-08,6077.301,6066.1
2023-08-09,6049.448,6021.75
2023-08-10,6013.349,6031.71
2023-08-11,6030.045,5913.35
2023-08-14,5864.479,5916.8
2023-08-15,5919.77,5879.78
2023-08-16,5858.601,5833.22
2023-08-17,5808.909,5874.36
2023-08-18,5875.112,5777.8
2023-08-21,5764.669,5710.78
2023-08-22,5733.254,5741.06
2023-08-23,5732.394,5629.5
2023-08-24,5650.356,5652.67
2023-08-25,5624.768,5581.21
2023-08-28,5885.884,5644.14
2023-08-29,5631.01,5770.32
2023-08-30,5780.281,5775.15
2023-08-31,5770.955,5739.4
2023-09-01,5746.41,5750.8
2023-09-04,5772.022,5829.78
2023-09-05,5819.962,5788.71
2023-09-06,5771.848,5790.38
2023-09-07,5782.07,5702.7
2023-09-08,5684.653,5708.62
2023-09-11,5723.018,5774.73
2023-09-12,5774.471,5770.93
2023-09-13,5764.827,5715.4
2023-09-14,5714.673,5702.1
2023-09-15,5716.291,5704.66
2023-09-18,5685.854,5719.69
2023-09-19,5713.493,5687.9
2023-09-20,5677.928,5651.01
2023-09-21,5638.442,5611.92
2023-09-22,5606.838,5698.82
2023-09-25,5694.898,5666.66
2023-09-26,5661.028,5646.65
2023-09-27,5642.39,5674.35
2023-09-28,5687.641,5690.77
2023-10-09,5679.638,5658.08
2023-10-10,5665.661,5630.37
2023-10-11,5639.074,5629.79
2023-10-12,5655.611,5671.64
2023-10-13,5645.433,5633.38
2023-10-16,5633.305,5580.67
2023-10-17,5585.142,5595.34
2023-10-18,5586.022,5524.6
2023-10-19,5496.76,5464.03
2023-10-20,5443.451,5423.67
2023-10-23,5400.54,5290.33
2023-10-24,5311.667,5352.01
2023-10-25,5386.427,5376.0
2023-10-26,5351.159,5398.93
2023-10-27,5387.276,5492.03
2023-10-30,5484.626,5546.39
2023-10-31,5547.326,5528.24
2023-11-01,5534.892,5509.97
2023-11-02,5514.516,5459.45
2023-11-03,5462.147,5510.36
2023-11-06,5549.289,5605.06
2023-11-07,5594.468,5611.1
2023-11-08,5602.973,5608.02
2023-11-09,5602.493,5592.06
2023-11-10,5577.337,5573.1
2023-11-13,5589.06,5605.57
2023-11-14,5602.979,5630.55
2023-11-15,5677.554,5664.62
2023-11-16,5647.06,5609.36
2023-11-17,5598.95,5631.42
2023-11-20,5635.584,5659.77
2023-11-21,5669.161,5641.08
2023-11-22,5622.863,5572.9
2023-11-23,5566.734,5622.99
2023-11-24,5619.318,5570.42
2023-11-27,5562.752,5566.51
2023-11-28,5561.581,5591.5
2023-11-29,5588.769,5553.33
2023-11-30,5548.523,5545.05
2023-12-01,5541.227,5566.87
2023-12-04,5578.422,5559.07
2023-12-05,5542.869,5460.41
2023-12-06,5448.453,5481.82
2023-12-07,5475.273,5481.14
2023-12-08,5484.683,5497.99
2023-12-11,5473.647,5564.85
2023-12-12,5560.438,5566.18
2023-12-13,5557.043,5507.51
2023-12-14,5532.99,5489.33
2023-12-15,5499.373,5449.79
2023-12-18,5436.989,5385.27
2023-12-19,5380.731,5379.87
2023-12-20,5385.999,5309.29
2023-12-21,5286.451,5338.76
2023-12-22,5337.38,5311.69
2023-12-25,5301.569,5315.37
2023-12-26,5312.796,5258.28
2023-12-27,5261.569,5285.53
2023-12-28,5280.694,5382.8
2023-12-29,5376.978,5429.23
2024-01-02,5431.483,5409.46
2024-01-03,5398.299,5401.4
2024-01-04,5395.141,5355.32
2024-01-05,5347.072,5281.87
2024-01-08,5268.234,5167.7
2024-01-09,5176.11,5180.65
2024-01-10,5167.734,5158.08
2024-01-11,5152.356,5223.86
2024-01-12,5213.138,5206.18
2024-01-15,5189.532,5193.3
2024-01-16,5188.372,5190.4
2024-01-17,5180.925,5061.54
2024-01-18,5033.105,5066.96
2024-01-19,5056.473,5018.43
2024-01-22,5008.675,4780.97
2024-01-23,4771.494,4865.74
2024-01-24,4886.203,4933.7
2024-01-25,4931.629,5073.18
2024-01-26,5055.284,5027.09
2024-01-29,5032.108,4927.91
2024-01-30,4898.361,4814.99
2024-01-31,4786.813,4696.98
2024-02-01,4667.912,4678.73
2024-02-02,4686.098,4563.22
2024-02-05,4527.705,4460.26
2024-02-06,4411.297,4805.9
2024-02-07,4813.956,5109.57
2024-02-08,5131.804,5150.23
2024-02-19,5225.134,5141.6
2024-02-20,5107.57,5140.96
2024-02-21,5101.414,5139.04
2024-02-22,5133.544,5176.34
2024-02-23,5190.645,5197.71
2024-02-26,5194.732,5195.46
2024-02-27,5174.815,5307.8
2024-02-28,5311.428,5184.05
2024-02-29,5154.146,5346.79
2024-03-01,5350.858,5379.05
2024-03-04,5386.944,5388.82
2024-03-05,5358.224,5351.83
2024-03-06,5332.831,5350.1
2024-03-07,5354.335,5277.3
2024-03-08,5282.412,5349.6
2024-03-11,5342.177,5441.05
2024-03-12,5445.88,5423.72
2024-03-13,5430.041,5415.11
2024-03-14,5415.153,5392.93
2024-03-15,5380.023,5454.15
2024-03-18,5472.318,5528.45
2024-03-19,5514.546,5478.22
2024-03-20,5469.602,5493.41
2024-03-21,5505.7,5465.83
2024-03-22,5454.419,5384.57
2024-03-25,5369.78,5294.75
2024-03-26,5291.524,5284.42
2024-03-27,5280.729,5156.68
2024-03-28,5156.484,5223.81
2024-03-29,5220.552,5286.16
2024-04-01,5309.828,5401.22
2024-04-02,5395.482,5381.23
2024-04-03,5373.506,5374.6
2024-04-08,5358.955,5298.59
2024-04-09,5294.476,5342.9
2024-04-10,5335.727,5275.47
2024-04-11,5244.055,5301.81
2024-04-12,5307.724,5277.22
2024-04-15,5270.04,5339.72
2024-04-16,5309.096,5191.55
2024-04-17,5211.252,5339.75
2024-04-18,5317.802,5349.84
2024-04-19,5322.362,5314.87
2024-04-22,5289.406,5267.58
2024-04-23,5257.765,5208.27
2024-04-24,5210.184,5263.04
2024-04-25,5240.486,5259.34
2024-04-26,5258.384,5372.12
2024-04-29,5371.212,5478.49
2024-04-30,5471.167,5441.14
2024-05-06,5498.441,5528.6
2024-05-07,5532.318,5527.08
2024-05-08,5516.452,5458.76
2024-05-09,5461.359,5556.77
2024-05-10,5562.198,5535.4
2024-05-13,5503.129,5505.26
2024-05-14,5508.469,5500.74
2024-05-15,5495.562,5446.66
2024-05-16,5461.112,5424.67
2024-05-17,5418.653,5491.89
2024-05-20,5496.789,5523.5
2024-05-21,5511.481,5478.91
2024-05-22,5472.013,5468.61
2024-05-23,5448.945,5362.31
2024-05-24,5348.506,5313.45
2024-05-27,5325.852,5371.37
2024-05-28,5363.332,5316.13
2024-05-29,5308.596,5328.31
2024-05-30,5316.398,5308.66
2024-05-31,5310.722,5308.54
2024-06-03,5300.788,5274.07
2024-06-04,5263.226,5341.95
2024-06-05,5328.867,5277.94
2024-06-06,5291.52,5228.8
2024-06-07,5247.146,5208.98
2024-06-11,5182.413,5217.47
2024-06-12,5209.131,5232.95
2024-06-13,5231.909,5194.59
2024-06-14,5180.286,5213.09
2024-06-17,5189.285,5207.13
2024-06-18,5207.976,5230.89
2024-06-19,5235.475,5168.82
2024-06-20,5162.166,5094.57
2024-06-21,5079.924,5102.33
2024-06-24,5072.803,4992.91
2024-06-25,4989.067,4948.63
2024-06-26,4942.163,5020.43
2024-06-27,4998.992,4928.05
2024-06-28,4914.667,4942.78
2024-07-01,4943.786,5003.16
2024-07-02,5000.578,4949.48
2024-07-03,4945.395,4910.92
2024-07-04,4917.443,4834.5
2024-07-05,4828.858,4866.26
2024-07-08,4857.028,4783.62
2024-07-09,4775.314,4876.9
2024-07-10,4857.481,4844.16
2024-07-11,4902.809,4939.73
2024-07-12,4926.977,4919.36
2024-07-15,4903.519,4883.9
2024-07-16,4877.599,4898.36
2024-07-17,4893.414,4856.58
2024-07-18,4822.129,4877.69
2024-07-19,4853.039,4872.05
2024-07-22,4872.639,4865.98
2024-07-23,4862.971,4722.8
2024-07-24,4712.285,4668.06
2024-07-25,4644.423,4665.45
2024-07-26,4670.449,4736.38
2024-07-29,4740.495,4708.84
2024-07-30,4694.523,4699.28
2024-07-31,4694.725,4886.41
2024-08-01,4893.869,4852.97
2024-08-02,4816.941,4788.62
2024-08-05,4756.078,4693.85
2024-08-06,4740.458,4750.78
2024-08-07,4747.979,4751.94
2024-08-08,4737.088,4755.81
2024-08-09,4778.256,4720.31
2024-08-12,4716.962,4714.16
2024-08-13,4713.964,4731.84
2024-08-14,4729.811,4667.07
2024-08-15,4656.7,4698.38
2024-08-16,4703.605,4670.38
2024-08-19,4666.328,4682.96
2024-08-20,4684.295,4602.01
2024-08-21,4589.087,4587.12
2024-08-22,4589.496,4533.37
2024-08-23,4523.993,4537.09
2024-08-26,4542.857,4544.36
2024-08-27,4532.49,4495.29
2024-08-28,4486.432,4500.01
2024-08-29,4483.552,4557.9
2024-08-30,4557.497,4639.11
2024-09-02,4631.897,4546.88
2024-09-03,4543.218,4596.48
2024-09-04,4567.682,4582.08
2024-09-05,4585.166,4601.09
2024-09-06,4609.337,4537.45
2024-09-09,4517.569,4507.19
2024-09-10,4509.326,4507.71
2024-09-11,4490.191,4514.92
2024-09-12,4518.986,4496.59
2024-09-13,4500.396,4450.96
2024-09-18,4450.089,4462.87
2024-09-19,4481.46,4520.39
2024-09-20,4514.96,4498.39
2024-09-23,4495.783,4494.69
2024-09-24,4524.225,4689.6
2024-09-25,4743.639,4731.48
2024-09-26,4725.992,4938.18
2024-09-27,5027.269,5201.67
2024-09-30,5449.792,5743.22
2024-10-08,6417.813,6155.58
2024-10-09,6013.701,5735.64
2024-10-10,5768.608,5690.88
2024-10-11,5650.045,5470.81
2024-10-14,5503.643,5608.15
2024-10-15,5578.261,5472.56
2024-10-16,5393.668,5461.09
2024-10-17,5499.768,5418.99
2024-10-18,5416.032,5640.02
2024-10-21,5680.569,5704.23
2024-10-22,5703.32,5753.85
2024-10-23,5745.104,5776.38
2024-10-24,5747.554,5726.7
2024-10-25,5735.287,5809.69
2024-10-28,5816.33,5883.72
2024-10-29,5903.308,5812.53
2024-10-30,5793.829,5837.93
2024-10-31,5839.976,5901.29
2024-11-01,5893.317,5831.82
2024-11-04,5835.393,5928.91
2024-11-05,5925.865,6111.97
2024-11-06,6134.927,6125.79
2024-11-07,6061.735,6239.56
2024-11-08,6306.804,6222.45
2024-11-11,6211.038,6330.62
2024-11-12,6349.226,6263.88
2024-11-13,6234.157,6259.84
2024-11-14,6240.615,6078.31
2024-11-15,6055.532,5924.48
2024-11-18,5940.49,5833.04
2024-11-19,5836.61,5936.6
2024-11-20,5920.323,5992.39
2024-11-21,5973.152,5985.31
2024-11-22,5969.079,5750.25
2024-11-25,5754.548,5735.65
2024-11-26,5727.374,5690.48
2024-11-27,5669.558,5804.94
2024-11-28,5802.801,5757.6
2024-11-29,5748.168,5851.94
2024-12-02,5853.701,5943.62
2024-12-03,5946.734,5932.12
2024-12-04,5929.477,5879.27
2024-12-05,5855.746,5901.99
2024-12-06,5903.502,5979.2
2024-12-09,5983.336,5947.11
2024-12-10,6132.287,5992.09
2024-12-11,5973.331,6047.11
2024-12-12,6048.777,6100.39
2024-12-13,6065.952,5988.29
2024-12-16,5983.158,5912.6
2024-12-17,5896.965,5848.16
2024-12-18,5861.267,5888.62
2024-12-19,5829.267,5901.92
2024-12-20,5889.951,5917.18
2024-12-23,5917.693,5818.55
2024-12-24,5827.16,5895.26
2024-12-25,5896.43,5840.29
2024-12-26,5830.721,5887.06
2024-12-27,5892.698,5899.17
2024-12-30,5890.459,5898.88
2024-12-31,5902.031,5725.73
2025-01-02,5717.918,5545.82
2025-01-03,5552.745,5427.8
2025-01-06,5421.065,5427.1
2025-01-07,5429.169,5484.68
2025-01-08,5462.328,5461.59
2025-01-09,5437.816,5456.59
2025-01-10,5449.0,5369.28
2025-01-13,5319.704,5381.7
2025-01-14,5393.761,5572.27
2025-01-15,5559.579,5522.46
2025-01-16,5546.696,5545.63
2025-01-17,5524.201,5587.29
2025-01-20,5621.924,5614.33
2025-01-21,5639.599,5633.92
2025-01-22,5606.848,5607.06
2025-01-23,5659.364,5584.25
2025-01-24,5570.48,5649.95
2025-01-27,5660.481,5589.34
2025-02-05,5643.178,5614.39
2025-02-06,5606.869,5747.9
2025-02-07,5750.29,5833.99
2025-02-10,5858.241,5888.55
2025-02-11,5890.373,5858.28
2025-02-12,5841.362,5940.53
2025-02-13,5938.202,5898.26
2025-02-14,5893.938,5947.8
2025-02-17,5979.846,5948.72
2025-02-18,5935.498,5840.71
2025-02-19,5834.952,5943.88
2025-02-20,5941.602,5957.55
2025-02-21,5969.641,6057.06
2025-02-24,6057.378,6044.97
2025-02-25,5967.042,5979.97
2025-02-26,5990.291,6051.74
2025-02-27,6050.191,6028.99
2025-02-28,5997.917,5859.87
2025-03-03,5875.953,5885.77
2025-03-04,5845.471,5937.63
2025-03-05,5937.104,5950.7
2025-03-06,5980.377,6047.77
2025-03-07,6029.377,6013.77
2025-03-10,6022.683,6013.62
2025-03-11,5944.416,6044.97
2025-03-12,6068.38,6040.5
2025-03-13,6032.858,5993.97
2025-03-14,5993.969,6099.98
2025-03-17,6119.609,6108.02
2025-03-18,6126.034,6133.3
2025-03-19,6117.426,6101.44
2025-03-20,6094.847,6059.49
2025-03-21,6038.99,5971.93
2025-03-24,5973.048,5969.08
2025-03-25,5969.416,5946.95
2025-03-26,5935.855,5948.5
2025-03-27,5932.515,5957.6
2025-03-28,5954.728,5916.03
2025-03-31,5886.954,5857.77
2025-04-01,5870.942,5892.85
2025-04-02,5884.896,5899.09
2025-04-03,5842.612,5845.5
2025-04-07,5523.96,5287.03
2025-04-08,5279.753,5326.91
2025-04-09,5249.682,5439.77
2025-04-10,5534.555,5544.06
2025-04-11,5514.189,5581.32
2025-04-14,5633.782,5627.14
2025-04-15,5624.996,5602.53
2025-04-16,5589.773,5556.86
2025-04-17,5527.59,5557.01
2025-04-18,5546.966,5560.72
2025-04-21,5556.512,5642.38
2025-04-22,5634.895,5624.21
2025-04-23,5647.916,5634.95
2025-04-24,5633.024,5605.88
2025-04-25,5613.141,5627.18
2025-04-28,5624.422,5598.3
2025-04-29,5583.723,5604.91
2025-04-30,5604.649,5631.82
2025-05-06,5668.872,5740.33
2025-05-07,5805.655,5750.29
2025-05-08,5731.72,5773.81
2025-05-09,5770.439,5721.72
2025-05-12,5751.433,5793.67
2025-05-13,5838.036,5781.67
2025-05-14,5778.08,5799.12
2025-05-15,5786.786,5715.3
2025-05-16,5703.737,5715.85
2025-05-19,5719.433,5720.79
2025-05-20,5723.509,5747.37
2025-05-21,5741.686,5757.92
2025-05-22,5739.191,5703.28
2025-05-23,5697.132,5653.04
2025-05-26,5653.205,5669.46
2025-05-27,5666.307,5652.15
2025-05-28,5651.878,5637.24
2025-05-29,5637.063,5719.91
2025-05-30,5704.768,5671.07
2025-06-03,5653.676,5694.84
2025-06-04,5696.573,5739.01
2025-06-05,5741.033,5769.97
2025-06-06,5768.401,5762.08
2025-06-09,5772.775,5805.65
2025-06-10,5809.826,5757.99
2025-06-11,5758.533,5792.95
2025-06-12,5780.965,5799.93
2025-06-13,5783.157,5740.24
2025-06-16,5725.005,5767.81
2025-06-17,5772.294,5750.91
2025-06-18,5740.155,5745.87
2025-06-19,5733.805,5676.83
2025-06-20,5669.087,5639.51
2025-06-23,5613.281,5674.17
2025-06-24,5683.465,5765.84
2025-06-25,5777.737,5862.55
2025-06-26,5868.297,5838.25
2025-06-27,5850.427,5863.73
2025-06-30,5877.677,5915.39
2025-07-01,5915.804,5934.67
2025-07-02,5922.54,5892.95
2025-07-03,5896.24,5922.66
2025-07-04,5917.758,5911.44
2025-07-07,5901.406,5900.41
2025-07-08,5903.098,5977.74
2025-07-09,5980.648,5953.49
2025-07-10,5950.965,5983.05
2025-07-11,5985.825,6027.08
2025-07-14,6033.179,6020.86
2025-07-15,6018.629,6018.76
2025-07-16,6019.572,6017.19
2025-07-17,6013.71,6082.46
2025-07-18,6092.229,6099.61
2025-07-21,6115.027,6161.31
2025-07-22,6166.619,6213.41
2025-07-23,6218.209,6196.76
2025-07-24,6197.855,6293.6
2025-07-25,6297.625,6299.59
2025-07-28,6305.225,6323.42
2025-07-29,6308.12,6356.13
2025-07-30,6345.376,6314.69
2025-07-31,6297.909,6226.34
2025-08-01,6221.049,6213.2
2025-08-04,6190.343,6261.73
2025-08-05,6277.016,6303.24
2025-08-06,6298.932,6357.38
2025-08-07,6356.329,6337.54
2025-08-08,6324.174,6323.5
2025-08-11,6335.427,6391.76
2025-08-12,6392.403,6418.16
2025-08-13,6422.791,6508.1
2025-08-14,6509.212,6429.85
2025-08-15,6417.389,6568.57
2025-08-18,6612.985,6668.17
2025-08-19,6663.156,6655.31
2025-08-20,6623.614,6728.07
2025-08-21,6739.694,6704.17
2025-08-22,6704.033,6822.85
2025-08-25,6886.273,6951.9
2025-08-26,6928.291,6964.07
2025-08-27,6964.767,6862.56
2025-08-28,6858.503,7011.16
2025-08-29,7030.272,7043.94
2025-09-01,7087.736,7110.29
2025-09-02,7108.946,6961.69
2025-09-03,6988.019,6868.46
2025-09-04,6884.361,6698.45
2025-09-05,6709.142,6913.95
2025-09-08,6927.41,6992.12
2025-09-09,6959.943,6928.97
2025-09-10,6911.113,6932.11
2025-09-11,6924.308,7122.71
2025-09-12,7115.611,7147.75
2025-09-15,7170.41,7137.36
2025-09-16,7152.186,7190.99
2025-09-17,7184.268,7260.04
2025-09-18,7248.276,7199.88
2025-09-19,7200.693,7170.35
2025-09-22,7182.889,7225.13
2025-09-23,7240.842,7180.71
2025-09-24,7140.313,7323.71
2025-09-25,7325.656,7341.32
2025-09-26,7311.842,7240.91
2025-09-29,7251.522,7350.56
2025-09-30,7372.525,7412.37
2025-10-09,7470.045,7548.92
2025-10-10,7499.388,7398.22
2025-10-13,7135.101,7376.56
2025-10-14,7434.114,7194.85
2025-10-15,7205.735,7294.0
2025-10-16,7269.255,7231.53
2025-10-17,7226.425,7016.07
2025-10-20,7092.882,7069.64
2025-10-21,7095.612,7185.62
2025-10-22,7135.211,7128.48
2025-10-23,7108.851,7142.95
2025-10-24,7175.919,7258.53
2025-10-27,7336.2,7379.39
2025-10-28,7344.453,7341.03
2025-10-29,7350.76,7480.97
2025-10-30,7462.432,7385.71
2025-10-31,7385.739,7331.0
2025-11-03,7327.119,7333.6
2025-11-04,7315.194,7210.83
2025-11-05,7098.955,7229.34
2025-11-06,7243.193,7345.72
2025-11-07,7307.295,7327.91
2025-11-10,7357.337,7343.8
2025-11-11,7364.926,7291.61
2025-11-12,7264.794,7243.25
2025-11-13,7243.639,7355.29
2025-11-14,7283.697,7235.46
2025-11-17,7248.92,7235.35
2025-11-18,7215.033,7151.02
2025-11-19,7141.267,7122.75
2025-11-20,7174.105,7061.95
2025-11-21,6955.749,6817.41
2025-11-24,6856.758,6868.97
2025-11-25,6915.12,6954.6
2025-11-26,6946.086,6965.05
2025-11-27,6970.728,6951.28
2025-11-28,6947.236,7031.55
2025-12-01,7053.845,7101.83
2025-12-02,7084.798,7040.3
2025-12-03,7044.861,6996.36
2025-12-04,7001.646,7012.81
2025-12-05,7008.65,7097.84
2025-12-08,7119.054,7172.37
2025-12-09,7150.978,7121.33
2025-12-10,7111.567,7155.99
2025-12-11,7171.205,7082.89
2025-12-12,7088.099,7169.79
2025-12-15,7121.379,7113.96
2025-12-16,7101.671,7001.32
2025-12-17,7002.502,7137.83
2025-12-18,7096.985,7100.84
2025-12-19,7124.403,7169.55
2025-12-22,7205.488,7255.66
2025-12-23,7257.911,7256.79
2025-12-24,7257.616,7352.04
2025-12-25,7341.921,7410.71
2025-12-26,7422.603,7458.84
2025-12-29,7467.5,7430.61
2025-12-30,7390.144,7458.94
2025-12-31,7473.748,7465.57
2026-01-05,7523.878,7651.2
2026-01-06,7663.946,7814.14
2026-01-07,7838.909,7875.08
2026-01-08,7853.204,7894.54
2026-01-09,7907.853,8056.69
2026-01-12,8141.629,8249.13
2026-01-13,8270.422,8143.28
2026-01-14,8165.355,8227.7
2026-01-15,8170.35,8223.27
2026-01-16,8241.69,8232.67
2026-01-19,8199.502,8287.95
2026-01-20,8307.636,8247.8
2026-01-21,8196.554,8340.11
2026-01-22,8355.683,8387.6
2026-01-23,8422.361,8590.17
2026-01-26,8624.886,8506.69
2026-01-27,8464.647,8548.93
2026-01-28,8565.335,8601.16
2026-01-29,8584.677,8517.84
2026-01-30,8439.651,8370.52
2026-02-02,8279.72,8037.05
2026-02-03,8135.869,8286.7
2026-02-04,8270.844,8299.06
2026-02-05,8203.065,8146.11
2026-02-06,8054.216,8146.41
2026-02-09,8280.106,8311.28
2026-02-10,8318.528,8306.44
2026-02-11,8295.331,8325.81
2026-02-12,8342.366,8423.57
2026-02-13,8366.338,8299.59
2026-02-24,8403.311,8392.91
2026-02-25,8412.08,8527.56
2026-02-26,8542.836,8557.22
2026-02-27,8499.796,8658.45
2026-03-02,8585.849,8658.33
2026-03-03,8651.056,8281.61
2026-03-04,8167.986,8248.95
2026-03-05,8383.544,8309.17
2026-03-06,8273.179,8360.33
2026-03-09,8234.192,8279.48
2026-03-10,8341.142,8410.3
2026-03-11,8419.311,8403.33
2026-03-12,8396.72,8359.47
2026-03-13,8317.781,8239.8
2026-03-16,8227.691,8185.15
2026-03-17,8199.997,8016.03
2026-03-18,8044.922,8096.43
2026-03-19,7975.847,7877.09
2026-03-20,7913.489,7760.04
2026-03-23,7623.25,7440.75
2026-03-24,7555.079,7597.37
2026-03-25,7660.405,7767.67
2026-03-26,7757.018,7642.13
2026-03-27,7539.192,7737.61
2026-03-30,7655.15,7753.72
2026-03-31,7740.583,7617.33
2026-04-01,7764.334,7750.09
2026-04-02,7726.442,7605.29
2026-04-03,7636.665,7534.94
2026-04-07,7562.136,7571.11
2026-04-08,7741.632,7945.15
2026-04-09,7865.202,7898.63
2026-04-10,7958.811,7969.36
2026-04-13,7917.922,7967.7
2026-04-14,8039.075,8088.57
2026-04-15,8144.812,8044.08
2026-04-16,8068.152,8180.08
2026-04-17,8155.392,8214.19
2026-04-20,8223.581,8290.02
2026-04-21,8263.382,8270.33
2026-04-22,8226.851,8376.18
2026-04-23,8387.768,8295.21
2026-04-24,8244.782,8247.88
2026-04-27,8236.435,8299.05
2026-04-28,8274.63,8203.96
2026-04-29,8157.354,8342.42
2026-04-30,8331.441,8349.51
2026-05-06,8441.343,8588.44
2026-05-07,8637.842,8696.8
2026-05-08,8638.837,8694.17
2026-05-11,8771.175,8839.74
2026-05-12,8856.182,8785.98
2026-05-13,8730.914,8918.24
2026-05-14,8952.953,8670.16
2026-05-15,8676.617,8536.34
2026-05-18,8493.019,8554.24
2026-05-19,8524.158,8627.95
2026-05-20,8581.397,8656.31
2026-05-21,8703.177,8419.84
2026-05-22,8473.61,8576.94
2026-05-25,8631.208,8703.89
2026-05-26,8665.436,8658.62
2026-05-27,8659.219,8530.98
2026-05-28,8503.669,8563.22
2026-05-29,8589.818,8359.56
2026-06-01,8358.484,8274.21
2026-06-02,8290.828,8321.43
2026-06-03,8317.007,8362.16
2026-06-04,8279.859,8356.74
2026-06-05,8317.64,8251.14
2026-06-08,7978.657,7963.45
2026-06-09,8059.34,8176.18
2026-06-10,8094.133,8063.86
2026-06-11,8025.609,8035.78
2026-06-12,8189.207,8106.2
2026-06-15,8175.054,8406.75
2026-06-16,8430.916,8507.98
2026-06-17,8451.636,8627.09
2026-06-18,8590.499,8673.09
2026-06-22,8709.662,8868.78
2026-06-23,8831.589,8688.59
2026-06-24,8638.658,8842.94
2026-06-25,8844.848,8938.01
2026-06-26,8891.036,8703.57
2026-06-29,8731.572,8821.09
2026-06-30,8815.108,9031.38
2026-07-01,9052.04,9028.93
2026-07-02,8829.625,8694.18
2026-07-03,8702.326,8745.26
2026-07-06,8790.964,8651.13
2026-07-07,8604.077,8508.79
2026-07-08,8539.015,8390.02
2026-07-09,8437.15,8652.79
2026-07-10,8672.363,8503.97
2026-07-13,8409.139,8138.14
2026-07-14,8135.047,8275.94
2026-07-15,8294.144,8147.58
2026-07-16,8006.446,7955.66
2026-07-17,7900.094,7513.76
2026-07-20,7597.766,7411.31
2026-07-21,7437.454,7800.61
2026-07-22,7741.905,7751.66
2026-07-23,7750.852,7734.31
2026-07-24,7625.202,7532.7
2026-07-27,7512.406,7720.6
2026-07-28,7589.756,7443.43
2026-07-29,7444.804,7524.51
2026-07-30,7477.319,7309.58
2026-07-31,7537.853,7493.99
2026-08-03,7457.115,7414.52
2026-08-04,7467.083,7607.49
2026-08-05,7567.96,7809.21
2026-08-06,7737.59,7829.36
2026-08-07,7828.787,7980.12
2026-08-10,8003.922,8030.95
2026-08-11,7979.277,7967.54
2026-08-12,7978.042,8045.31
2026-08-13,8096.85,7968.38
2026-08-14,7989.65,7990.33
2026-08-17,8007.87,8184.64
2026-08-18,8178.847,8177.18
2026-08-19,8029.527,7783.46
2026-08-20,7864.677,7850.4
2026-08-21,7812.258,7854.33
2026-08-24,7861.058,7717.09
2026-08-25,7644.208,7710.94
2026-08-26,7714.834,7770.53
2026-08-27,7786.691,7946.33
2026-08-28,7939.447,7895.45
2026-08-31,7797.234,7952.1
2026-09-01,7944.295,7858.52
2026-09-02,7781.287,7729.23
2026-09-03,7776.814,7755.36
2026-09-04,7806.612,7652.69
2026-09-07,7687.476,7759.37
2026-09-08,7773.277,7770.73
2026-09-09,7793.044,7768.11
2026-09-10,7731.634,7717.8
2026-09-11,7638.631,7580.54
2026-09-14,7511.037,7571.2
2026-09-15,7550.682,7561.59
2026-09-16,7556.904,7683.47
2026-09-17,7651.458,7654.98
2026-09-18,7731.068,7799.61
2026-09-21,7829.819,7850.48
2026-09-22,7911.635,7828.94
2026-09-23,7839.942,7791.82
2026-09-24,7763.734,7624.07
2026-09-28,7599.201,7402.3
2026-09-29,7388.111,7439.63
2026-09-30,7469.042,7435.16
2026-10-08,7420.433,7248.43
