date,open,high,low,close
2005-01-04,994.765,994.765,980.654,982.79
2005-01-05,981.573,997.319,979.873,992.56
2005-01-06,993.327,993.784,980.326,983.17
2005-01-07,983.047,995.713,979.814,983.96
2005-01-10,983.761,993.96,979.79,993.88
2005-01-11,994.194,999.559,991.097,997.14
2005-01-12,996.653,996.978,989.259,996.75
2005-01-13,996.081,999.476,992.698,996.88
2005-01-14,996.621,1006.467,987.237,988.31
2005-01-17,979.109,981.523,965.076,967.45
2005-01-18,967.375,974.873,960.294,974.69
2005-01-19,974.333,974.333,965.258,967.21
2005-01-20,963.218,963.218,952.235,956.25
2005-01-21,954.458,984.27,943.435,982.6
2005-01-24,1001.851,1001.851,986.236,998.13
2005-01-25,995.642,997.956,985.242,997.78
2005-01-26,995.782,999.476,988.477,989.93
2005-01-27,987.341,987.701,973.77,974.63
2005-01-28,974.632,975.625,965.21,969.21
2005-01-31,965.786,965.786,953.143,954.88
2005-02-01,953.329,965.476,952.74,955.95
2005-02-02,956.698,1006.929,956.698,1006.91
2005-02-03,1005.568,1014.192,992.16,993.22
2005-02-04,992.252,1021.027,989.941,1016.86
2005-02-16,1023.32,1033.244,1018.483,1023.58
2005-02-17,1024.434,1024.434,1010.48,1020.61
2005-02-18,1020.127,1021.204,1005.636,1006.06
2005-02-21,1006.69,1025.653,1006.69,1025.63
2005-02-22,1026.833,1048.674,1024.523,1046.74
2005-02-23,1046.808,1049.605,1036.621,1043.94
2005-02-24,1042.253,1045.958,1034.731,1045.46
2005-02-25,1046.273,1059.482,1045.981,1046.76
2005-02-28,1046.207,1048.279,1035.04,1039.99
2005-03-01,1039.347,1042.733,1031.164,1035.93
2005-03-02,1036.368,1045.76,1021.004,1021.32
2005-03-03,1019.876,1028.402,1014.752,1027.71
2005-03-04,1027.93,1031.85,1022.179,1023.67
2005-03-07,1024.479,1031.343,1024.479,1029.87
2005-03-08,1033.789,1049.29,1032.853,1048.99
2005-03-09,1051.256,1054.636,1041.978,1046.54
2005-03-10,1046.689,1046.689,1019.631,1022.41
2005-03-11,1021.085,1028.12,1016.932,1027.43
2005-03-14,1027.179,1041.577,1014.929,1031.03
2005-03-15,1030.854,1030.94,1011.638,1013.52
2005-03-16,1011.855,1012.203,995.972,1003.07
2005-03-17,1001.965,1004.818,992.121,992.86
2005-03-18,991.892,996.401,975.71,978.67
2005-03-21,977.293,983.175,972.998,981.89
2005-03-22,981.703,982.134,959.559,964.02
2005-03-23,962.816,975.362,955.993,959.01
2005-03-24,957.429,965.059,948.529,964.8
2005-03-25,964.25,966.975,959.062,962.96
2005-03-28,961.656,961.656,948.81,960.7
2005-03-29,960.419,968.119,954.744,955.19
2005-03-30,952.709,952.709,936.371,937.03
2005-03-31,934.845,942.362,928.332,942.2
2005-04-01,941.436,989.907,937.555,978.15
2005-04-04,968.492,974.066,956.13,962.17
2005-04-05,960.542,967.748,953.588,955.6
2005-04-06,955.6,977.857,948.95,973.67
2005-04-07,975.967,1000.263,974.306,984.73
2005-04-08,984.67,1003.704,979.534,1003.45
2005-04-11,1003.878,1008.734,992.772,995.42
2005-04-12,993.714,993.714,978.207,978.7
2005-04-13,987.95,1006.499,987.95,1000.9
2005-04-14,1004.645,1006.421,985.583,986.98
2005-04-15,982.611,982.611,971.928,974.08
2005-04-18,970.905,970.905,958.647,963.77
2005-04-19,962.92,968.871,957.914,965.89
2005-04-20,964.154,964.154,946.2,950.87
2005-04-21,948.86,955.552,938.594,943.98
2005-04-22,942.907,947.908,934.956,939.1
2005-04-25,935.993,935.993,920.162,930.07
2005-04-26,928.425,939.693,924.652,937.08
2005-04-27,938.566,938.906,925.892,926.6
2005-04-28,923.526,945.501,914.826,942.07
2005-04-29,940.811,942.458,929.815,932.4
2005-05-09,934.646,937.386,909.17,909.17
2005-05-10,905.547,913.392,892.317,913.08
2005-05-11,911.837,917.222,900.437,901.85
2005-05-12,899.968,900.063,883.511,885.82
2005-05-13,883.502,898.502,875.573,887.54
2005-05-16,885.388,885.388,869.333,875.27
2005-05-17,873.075,888.279,868.21,881.46
2005-05-18,881.145,890.407,871.825,883.2
2005-05-19,882.841,888.015,871.288,884.17
2005-05-20,883.51,891.017,879.177,882.76
2005-05-23,880.28,880.28,862.097,863.34
2005-05-24,861.199,871.771,855.591,868.46
2005-05-25,867.657,876.304,861.658,868.45
2005-05-26,867.757,872.834,854.955,857.33
2005-05-27,855.597,864.965,848.4,849.51
2005-05-30,847.632,858.46,842.1,855.61
2005-05-31,856.565,863.202,853.295,855.95
2005-06-01,855.204,857.655,836.038,837.53
2005-06-02,835.468,835.494,812.99,818.38
2005-06-03,816.543,823.857,807.962,818.03
2005-06-06,816.734,839.153,807.787,839.0
2005-06-07,841.577,858.09,835.177,837.28
2005-06-08,848.533,908.826,844.47,905.77
2005-06-09,907.565,925.361,895.032,912.6
2005-06-10,911.945,911.945,889.107,894.56
2005-06-13,894.998,900.181,877.691,892.96
2005-06-14,895.394,905.418,882.865,883.54
2005-06-15,881.204,881.244,865.132,866.83
2005-06-16,866.662,879.496,861.83,879.24
2005-06-17,883.61,888.083,876.043,880.35
2005-06-20,881.628,906.487,872.568,906.26
2005-06-21,906.31,906.31,894.39,896.17
2005-06-22,894.773,901.247,891.93,900.65
2005-06-23,900.057,904.894,892.829,893.57
2005-06-24,892.06,898.669,888.396,898.3
2005-06-27,904.206,920.644,904.206,916.04
2005-06-28,913.484,913.484,901.211,903.72
2005-06-29,906.753,907.573,898.086,898.9
2005-06-30,897.106,897.106,876.888,878.69
2005-07-01,875.931,875.931,858.366,859.49
2005-07-04,855.315,856.098,842.81,855.93
2005-07-05,853.68,856.739,845.362,849.68
2005-07-06,850.257,854.452,838.613,842.56
2005-07-07,841.749,848.023,839.283,844.73
2005-07-08,842.621,842.621,827.23,829.49
2005-07-11,837.866,850.661,822.527,824.1
2005-07-12,821.915,854.29,818.867,851.82
2005-07-13,850.468,851.948,841.857,846.23
2005-07-14,844.94,856.095,843.176,849.59
2005-07-15,849.872,854.603,837.782,841.0
2005-07-18,839.226,840.01,829.684,833.0
2005-07-19,831.503,840.145,829.279,835.61
2005-07-20,835.3,844.711,832.143,842.64
2005-07-21,842.749,843.99,835.76,843.99
2005-07-22,847.538,867.162,842.984,859.69
2005-07-25,858.328,860.951,854.284,856.86
2005-07-26,856.189,880.034,856.189,876.48
2005-07-27,876.94,894.024,876.034,894.01
2005-07-28,893.884,901.002,888.505,890.89
2005-07-29,889.406,892.29,883.379,888.16
2005-08-01,887.721,897.288,885.853,891.61
2005-08-02,892.132,903.65,888.398,903.6
2005-08-03,905.181,919.282,903.76,909.57
2005-08-04,907.42,909.827,901.625,904.15
2005-08-05,904.036,923.805,903.937,923.8
2005-08-08,926.57,933.153,923.572,927.47
2005-08-09,926.974,933.395,919.108,933.09
2005-08-10,933.26,940.37,926.275,940.37
2005-08-11,940.783,953.99,939.384,953.99
2005-08-12,954.723,959.272,933.989,938.32
2005-08-15,937.703,954.5,936.111,954.5
2005-08-16,955.272,959.345,939.918,945.06
2005-08-17,943.403,953.34,930.323,953.01
2005-08-18,954.154,956.84,919.12,920.67
2005-08-19,918.093,927.322,910.085,923.04
2005-08-22,923.105,933.348,919.219,931.67
2005-08-23,931.805,931.805,915.029,923.41
2005-08-24,923.557,935.229,923.557,930.65
2005-08-25,930.977,933.198,920.612,930.12
2005-08-26,930.248,930.327,921.845,928.26
2005-08-29,928.34,928.34,913.766,917.37
2005-08-30,916.086,920.208,912.838,914.88
2005-08-31,915.126,928.216,911.509,927.92
2005-09-01,928.521,944.948,926.061,944.56
2005-09-02,945.977,947.917,941.313,947.87
2005-09-05,949.08,952.988,944.632,952.72
2005-09-06,953.41,956.297,934.972,936.61
2005-09-07,934.993,952.898,932.65,952.76
2005-09-08,954.271,958.865,947.705,955.28
2005-09-09,955.117,959.903,946.026,949.07
2005-09-12,949.783,952.555,945.407,949.51
2005-09-13,949.58,963.917,948.124,963.77
2005-09-14,964.967,970.26,961.637,970.19
2005-09-15,970.582,970.966,965.658,969.6
2005-09-16,969.624,970.375,964.29,967.5
2005-09-19,967.444,971.991,964.267,971.14
2005-09-20,971.38,971.651,957.119,961.92
2005-09-21,961.376,961.376,943.826,944.41
2005-09-22,942.722,942.722,914.228,923.27
2005-09-23,921.506,927.415,914.802,916.15
2005-09-26,915.845,919.655,913.618,918.49
2005-09-27,918.862,921.128,903.383,904.21
2005-09-28,903.329,910.334,901.383,903.72
2005-09-29,904.285,915.98,904.285,915.98
2005-09-30,916.585,918.66,913.45,917.39
2005-10-10,917.21,917.21,906.879,907.32
2005-10-11,906.628,919.796,904.045,919.72
2005-10-12,920.458,926.099,917.382,923.49
2005-10-13,923.427,926.01,916.276,916.5
2005-10-14,916.339,917.892,902.815,904.83
2005-10-17,903.263,903.263,892.356,897.62
2005-10-18,897.37,903.005,895.626,902.37
2005-10-19,902.032,907.872,897.041,898.74
2005-10-20,898.896,900.131,889.574,899.92
2005-10-21,899.641,907.788,897.982,904.41
2005-10-24,905.127,908.451,900.227,906.65
2005-10-25,905.965,905.965,893.607,894.27
2005-10-26,892.617,892.617,873.895,875.82
2005-10-27,873.473,879.669,869.721,875.85
2005-10-28,875.863,880.207,859.693,867.73
2005-10-31,866.616,878.407,866.151,876.28
2005-11-01,875.961,875.961,862.691,872.87
2005-11-02,873.395,884.938,873.395,882.48
2005-11-03,882.194,885.686,872.115,874.58
2005-11-04,873.352,878.36,869.679,878.36
2005-11-07,877.619,877.619,870.084,877.28
2005-11-08,876.428,881.891,870.958,881.52
2005-11-09,881.511,884.94,878.682,879.25
2005-11-10,878.627,878.627,862.093,862.97
2005-11-11,861.221,867.328,857.789,864.79
2005-11-14,864.082,864.247,858.345,862.15
2005-11-15,862.072,867.465,853.864,856.64
2005-11-16,855.45,863.168,847.491,863.12
2005-11-17,863.079,865.793,859.002,862.66
2005-11-18,862.578,886.581,862.402,882.24
2005-11-21,882.789,886.105,880.299,883.87
2005-11-22,883.934,883.934,869.533,869.62
2005-11-23,868.006,876.817,866.191,876.23
2005-11-24,875.824,885.742,874.876,881.49
2005-11-25,881.253,884.167,877.267,884.11
2005-11-28,883.244,886.746,877.64,880.17
2005-11-29,879.254,879.254,870.564,871.31
2005-11-30,870.457,873.938,866.989,873.83
2005-12-01,873.477,877.315,870.706,873.07
2005-12-02,872.934,875.829,866.378,869.94
2005-12-05,869.427,869.427,858.859,859.61
2005-12-06,858.113,867.192,855.72,866.08
2005-12-07,865.726,874.001,865.019,873.84
2005-12-08,874.136,877.974,870.126,874.06
2005-12-09,873.695,887.57,871.263,887.36
2005-12-12,887.066,890.696,884.258,888.52
2005-12-13,887.995,889.22,880.742,889.1
2005-12-14,888.601,899.008,884.365,898.15
2005-12-15,898.378,904.008,895.164,896.43
2005-12-16,895.826,902.746,894.098,902.56
2005-12-19,902.049,904.472,898.794,902.91
2005-12-20,902.748,907.32,899.664,907.32
2005-12-21,907.049,910.929,902.11,903.14
2005-12-22,902.367,909.057,900.66,908.75
2005-12-23,908.96,915.89,908.514,915.89
2005-12-26,916.67,925.007,916.411,922.38
2005-12-27,922.439,922.439,916.005,919.36
2005-12-28,919.052,920.985,915.117,920.92
2005-12-29,921.143,932.03,921.143,932.03
2005-12-30,933.449,933.998,921.833,923.45
2006-01-04,926.561,941.43,926.414,941.43
2006-01-05,943.846,959.621,942.304,959.13
2006-01-06,961.913,975.626,956.038,970.03
2006-01-09,971.086,976.27,966.05,975.25
2006-01-10,975.278,978.273,964.426,978.15
2006-01-11,977.647,983.393,963.397,973.48
2006-01-12,972.393,984.08,968.542,983.72
2006-01-13,985.04,988.112,973.686,978.81
2006-01-16,977.887,977.887,960.88,961.44
2006-01-17,959.395,965.984,952.234,964.29
2006-01-18,964.158,984.67,963.075,983.62
2006-01-19,985.23,992.27,978.276,991.22
2006-01-20,991.572,994.5,987.06,993.34
2006-01-23,993.742,997.33,989.34,996.16
2006-01-24,997.788,1006.143,993.391,999.09
2006-01-25,998.831,1009.651,989.517,1009.6
2006-02-06,1013.421,1033.35,1012.803,1033.23
2006-02-07,1034.681,1038.504,1019.939,1029.94
2006-02-08,1028.443,1033.397,1022.935,1033.07
2006-02-09,1033.193,1033.193,1017.048,1019.6
2006-02-10,1019.419,1032.601,1018.485,1032.34
2006-02-13,1034.377,1034.638,1021.835,1031.61
2006-02-14,1032.644,1038.809,1030.46,1038.53
2006-02-15,1040.332,1048.344,1038.744,1041.66
2006-02-16,1041.664,1041.664,1019.209,1020.12
2006-02-17,1020.065,1028.576,1015.994,1020.37
2006-02-20,1020.741,1030.053,1020.016,1021.64
2006-02-21,1020.981,1038.941,1014.667,1038.82
2006-02-22,1039.654,1046.455,1036.385,1037.89
2006-02-23,1038.25,1041.589,1029.245,1041.37
2006-02-24,1041.966,1049.684,1041.966,1049.44
2006-02-27,1055.952,1057.228,1045.972,1047.85
2006-02-28,1046.713,1053.72,1033.661,1053.01
2006-03-01,1051.76,1057.694,1049.643,1056.62
2006-03-02,1055.862,1056.057,1034.684,1038.67
2006-03-03,1037.991,1043.425,1029.564,1041.68
2006-03-06,1041.656,1044.414,1036.105,1038.87
2006-03-07,1037.925,1037.973,1013.139,1014.97
2006-03-08,1012.577,1014.964,999.93,1009.27
2006-03-09,1006.961,1010.906,1002.192,1004.34
2006-03-10,1004.75,1011.765,1004.691,1008.9
2006-03-13,1008.799,1020.872,1008.509,1019.86
2006-03-14,1020.466,1021.649,1012.11,1018.27
2006-03-15,1018.156,1028.967,1017.083,1028.96
2006-03-16,1028.964,1029.809,1025.527,1027.62
2006-03-17,1027.642,1029.564,1021.086,1024.02
2006-03-20,1024.503,1037.909,1019.648,1037.66
2006-03-21,1037.952,1047.054,1036.238,1040.76
2006-03-22,1041.142,1047.943,1036.71,1047.67
2006-03-23,1047.352,1049.328,1042.828,1048.54
2006-03-24,1049.121,1051.756,1041.23,1042.6
2006-03-27,1042.632,1050.71,1037.079,1050.71
2006-03-28,1050.066,1056.514,1048.634,1055.98
2006-03-29,1058.734,1074.034,1057.674,1065.29
2006-03-30,1065.839,1067.986,1055.133,1055.63
2006-03-31,1053.856,1061.475,1050.224,1061.09
2006-04-03,1061.96,1079.364,1061.96,1079.32
2006-04-04,1080.856,1089.37,1076.197,1089.37
2006-04-05,1091.175,1100.558,1089.549,1099.97
2006-04-06,1102.546,1109.686,1097.319,1103.24
2006-04-07,1102.94,1105.1,1091.89,1103.15
2006-04-10,1104.321,1118.082,1100.69,1117.91
2006-04-11,1120.165,1126.091,1112.009,1123.31
2006-04-12,1123.779,1123.779,1116.146,1117.07
2006-04-13,1116.842,1122.399,1093.513,1093.93
2006-04-14,1091.692,1118.668,1091.676,1118.61
2006-04-17,1120.182,1129.15,1114.523,1124.41
2006-04-18,1127.505,1135.447,1119.27,1131.28
2006-04-19,1135.613,1140.406,1125.203,1138.24
2006-04-20,1139.641,1142.537,1127.089,1134.38
2006-04-21,1133.207,1152.89,1127.65,1149.16
2006-04-24,1156.91,1160.581,1135.753,1142.7
2006-04-25,1139.495,1149.544,1123.099,1141.93
2006-04-26,1142.906,1162.025,1142.078,1155.73
2006-04-27,1157.381,1159.9,1145.262,1155.27
2006-04-28,1143.59,1173.883,1133.196,1172.35
2006-05-08,1179.586,1218.864,1179.586,1218.45
2006-05-09,1226.314,1252.758,1222.678,1251.61
2006-05-10,1257.981,1273.681,1243.469,1265.93
2006-05-11,1267.224,1294.873,1254.353,1255.04
2006-05-12,1255.237,1296.382,1252.68,1296.26
2006-05-15,1312.142,1352.417,1301.802,1352.16
2006-05-16,1368.137,1387.4,1322.139,1331.13
2006-05-17,1331.683,1356.129,1306.868,1335.52
2006-05-18,1322.651,1340.522,1301.108,1331.2
2006-05-19,1334.072,1371.225,1329.32,1366.1
2006-05-22,1366.312,1387.567,1360.344,1373.67
2006-05-23,1365.096,1365.096,1316.545,1317.65
2006-05-24,1325.681,1351.306,1277.33,1308.24
2006-05-25,1304.698,1316.478,1285.731,1307.7
2006-05-26,1312.236,1331.452,1309.46,1331.02
2006-05-29,1339.894,1366.841,1330.626,1366.29
2006-05-30,1375.302,1384.688,1360.552,1378.76
2006-05-31,1377.448,1386.941,1355.006,1365.45
2006-06-01,1364.179,1403.266,1362.937,1402.88
2006-06-02,1406.621,1411.784,1382.008,1390.12
2006-06-05,1391.458,1403.301,1362.72,1403.16
2006-06-06,1400.265,1413.106,1391.893,1399.14
2006-06-07,1398.181,1398.181,1319.695,1320.23
2006-06-08,1309.071,1331.886,1286.9,1325.98
2006-06-09,1320.818,1329.84,1293.051,1294.19
2006-06-12,1283.827,1308.121,1275.399,1297.67
2006-06-13,1296.412,1312.136,1284.624,1298.28
2006-06-14,1291.69,1291.69,1269.516,1283.88
2006-06-15,1283.726,1300.116,1280.506,1285.39
2006-06-16,1290.003,1318.019,1290.003,1318.01
2006-06-19,1306.26,1341.987,1294.901,1334.89
2006-06-20,1333.616,1341.241,1323.781,1338.22
2006-06-21,1336.84,1347.0,1320.409,1333.53
2006-06-22,1331.923,1341.727,1326.143,1331.55
2006-06-23,1329.11,1340.27,1319.51,1339.45
2006-06-26,1341.606,1363.566,1341.606,1363.41
2006-06-27,1365.047,1368.415,1354.092,1363.9
2006-06-28,1361.797,1366.343,1353.638,1362.89
2006-06-29,1365.248,1395.239,1365.248,1395.12
2006-06-30,1402.592,1408.788,1384.988,1393.96
2006-07-03,1398.738,1420.33,1393.925,1420.33
2006-07-04,1423.075,1426.095,1401.145,1411.01
2006-07-05,1409.902,1409.902,1377.221,1393.01
2006-07-06,1391.643,1418.765,1390.198,1418.68
2006-07-07,1423.719,1426.398,1405.99,1410.43
2006-07-10,1410.492,1413.572,1397.437,1412.12
2006-07-11,1414.141,1418.821,1406.501,1418.58
2006-07-12,1419.074,1430.945,1416.74,1419.2
2006-07-13,1415.877,1418.137,1344.157,1346.09
2006-07-14,1333.744,1367.744,1327.588,1357.13
2006-07-17,1354.133,1372.25,1348.428,1372.25
2006-07-18,1370.9,1373.592,1359.913,1373.42
2006-07-19,1370.283,1370.283,1330.28,1336.64
2006-07-20,1335.408,1346.844,1329.172,1345.19
2006-07-21,1344.598,1357.338,1344.567,1356.03
2006-07-24,1340.277,1359.556,1327.899,1358.12
2006-07-25,1359.323,1378.843,1359.323,1374.17
2006-07-26,1377.789,1380.801,1367.051,1371.3
2006-07-27,1370.754,1379.258,1347.29,1355.55
2006-07-28,1354.916,1359.741,1327.66,1341.39
2006-07-31,1338.041,1338.041,1293.533,1294.33
2006-08-01,1292.712,1302.892,1278.547,1282.06
2006-08-02,1281.891,1288.614,1258.01,1275.09
2006-08-03,1277.628,1281.786,1261.691,1271.74
2006-08-04,1272.364,1278.248,1239.386,1241.91
2006-08-07,1233.486,1241.847,1221.987,1224.1
2006-08-08,1225.044,1252.39,1225.044,1252.39
2006-08-09,1254.376,1258.208,1245.39,1251.3
2006-08-10,1251.16,1271.47,1251.078,1271.47
2006-08-11,1273.262,1277.964,1265.516,1275.65
2006-08-14,1275.138,1279.307,1241.953,1245.72
2006-08-15,1243.157,1265.86,1239.902,1265.86
2006-08-16,1266.824,1283.57,1262.54,1283.57
2006-08-17,1280.287,1280.287,1263.934,1271.63
2006-08-18,1270.229,1280.833,1265.822,1267.87
2006-08-21,1235.424,1270.665,1229.163,1270.56
2006-08-22,1270.105,1289.021,1269.104,1285.27
2006-08-23,1284.817,1294.825,1282.841,1285.68
2006-08-24,1284.834,1292.4,1274.555,1292.4
2006-08-25,1293.505,1301.756,1292.454,1295.44
2006-08-28,1298.46,1325.89,1298.353,1325.89
2006-08-29,1328.616,1349.206,1327.007,1330.16
2006-08-30,1328.369,1336.391,1319.822,1334.67
2006-08-31,1335.584,1342.786,1331.283,1338.69
2006-09-01,1339.31,1340.126,1314.568,1318.1
2006-09-04,1315.704,1337.24,1315.607,1337.24
2006-09-05,1339.588,1345.706,1334.721,1340.68
2006-09-06,1341.406,1346.37,1331.855,1346.37
2006-09-07,1348.177,1348.281,1323.98,1328.38
2006-09-08,1327.552,1334.725,1326.243,1332.15
2006-09-11,1331.895,1338.76,1319.215,1338.76
2006-09-12,1338.816,1350.528,1337.303,1347.64
2006-09-13,1348.853,1356.86,1337.465,1338.39
2006-09-14,1338.352,1345.592,1323.803,1338.28
2006-09-15,1338.407,1362.402,1338.141,1362.32
2006-09-18,1367.642,1375.578,1362.14,1375.56
2006-09-19,1377.717,1385.62,1371.431,1378.31
2006-09-20,1376.119,1381.813,1365.718,1378.46
2006-09-21,1378.456,1390.621,1378.456,1387.37
2006-09-22,1389.865,1393.528,1373.943,1374.85
2006-09-25,1372.809,1383.768,1361.607,1372.4
2006-09-26,1370.86,1371.586,1351.184,1357.65
2006-09-27,1357.278,1371.12,1355.396,1371.12
2006-09-28,1372.132,1389.553,1369.396,1387.0
2006-09-29,1389.08,1405.568,1389.043,1403.27
2006-10-09,1420.358,1436.07,1418.203,1436.07
2006-10-10,1437.694,1443.502,1426.974,1437.25
2006-10-11,1436.685,1440.211,1421.812,1435.91
2006-10-12,1436.198,1438.802,1423.629,1426.5
2006-10-13,1424.299,1436.1,1420.957,1430.88
2006-10-16,1432.309,1434.535,1415.493,1418.52
2006-10-17,1416.951,1426.294,1410.676,1414.45
2006-10-18,1413.903,1437.59,1413.547,1437.59
2006-10-19,1438.845,1445.62,1433.941,1439.38
2006-10-20,1440.666,1447.949,1436.651,1440.18
2006-10-23,1439.545,1444.92,1403.013,1408.72
2006-10-24,1408.574,1440.05,1408.574,1440.05
2006-10-25,1443.113,1459.736,1434.811,1446.83
2006-10-26,1447.093,1457.378,1435.284,1456.1
2006-10-27,1455.978,1460.455,1433.355,1439.05
2006-10-30,1436.661,1446.24,1428.335,1446.24
2006-10-31,1447.052,1464.475,1447.052,1464.47
2006-11-01,1465.668,1479.41,1461.317,1479.41
2006-11-02,1480.555,1480.555,1464.602,1479.66
2006-11-03,1481.581,1497.465,1480.769,1488.29
2006-11-06,1477.439,1507.971,1472.0,1507.89
2006-11-07,1512.645,1516.799,1491.326,1516.1
2006-11-08,1512.359,1513.034,1497.006,1498.17
2006-11-09,1491.797,1527.373,1489.195,1524.71
2006-11-10,1525.224,1535.194,1493.195,1504.06
2006-11-13,1498.065,1512.951,1465.63,1475.78
2006-11-14,1475.449,1493.881,1453.263,1493.78
2006-11-15,1494.112,1534.847,1490.866,1534.76
2006-11-16,1540.26,1558.408,1531.291,1533.29
2006-11-17,1528.003,1562.232,1521.545,1562.08
2006-11-20,1567.346,1593.191,1567.346,1593.16
2006-11-21,1591.471,1612.461,1568.951,1612.25
2006-11-22,1610.051,1639.416,1600.385,1624.03
2006-11-23,1623.71,1642.804,1618.039,1634.91
2006-11-24,1629.894,1640.752,1611.547,1636.58
2006-11-27,1632.658,1651.8,1627.918,1651.8
2006-11-28,1649.677,1656.184,1629.821,1644.01
2006-11-29,1617.688,1672.907,1604.813,1667.14
2006-11-30,1671.667,1714.495,1671.667,1714.36
2006-12-01,1719.274,1741.8,1715.782,1729.22
2006-12-04,1731.901,1780.805,1731.901,1780.74
2006-12-05,1785.442,1811.657,1777.431,1794.23
2006-12-06,1794.255,1806.644,1717.721,1779.41
2006-12-07,1774.181,1820.715,1770.565,1775.71
2006-12-08,1752.767,1772.158,1709.997,1711.58
2006-12-11,1705.907,1790.111,1705.907,1789.92
2006-12-12,1798.466,1819.804,1772.11,1802.79
2006-12-13,1805.428,1813.28,1779.562,1803.86
2006-12-14,1807.076,1836.191,1805.197,1836.14
2006-12-15,1842.887,1867.781,1832.518,1867.64
2006-12-18,1875.007,1918.293,1875.007,1916.11
2006-12-19,1924.795,1936.747,1882.537,1921.44
2006-12-20,1912.907,1936.805,1893.427,1936.55
2006-12-21,1935.789,1945.478,1905.725,1908.99
2006-12-22,1896.476,1918.483,1880.562,1895.64
2006-12-25,1898.815,1957.462,1898.815,1939.1
2006-12-26,1941.797,1959.984,1914.977,1938.24
2006-12-27,1940.415,1983.112,1939.556,1982.88
2006-12-28,1988.013,2010.368,1964.97,1979.93
2006-12-29,1991.879,2052.864,1991.879,2041.05
2007-01-04,2073.248,2139.492,2054.24,2067.09
2007-01-05,2051.149,2083.399,2030.759,2072.88
2007-01-08,2072.009,2131.741,2071.725,2131.56
2007-01-09,2137.489,2201.364,2128.068,2200.09
2007-01-10,2210.761,2255.97,2194.774,2255.97
2007-01-11,2257.011,2289.951,2224.367,2231.63
2007-01-12,2215.862,2249.546,2159.778,2173.75
2007-01-15,2170.941,2287.682,2170.941,2287.34
2007-01-16,2310.959,2354.427,2297.234,2353.87
2007-01-17,2360.409,2393.217,2266.343,2308.93
2007-01-18,2292.168,2325.523,2240.209,2317.09
2007-01-19,2320.87,2396.09,2320.87,2396.09
2007-01-22,2424.812,2491.708,2424.812,2491.31
2007-01-23,2508.265,2516.593,2415.111,2508.13
2007-01-24,2508.525,2556.101,2489.934,2536.43
2007-01-25,2512.458,2529.431,2449.05,2452.83
2007-01-26,2415.744,2524.241,2356.98,2512.92
2007-01-29,2529.946,2582.408,2521.506,2576.92
2007-01-30,2586.519,2599.448,2531.772,2551.88
2007-01-31,2544.305,2548.18,2367.675,2385.34
2007-02-01,2350.594,2410.42,2310.567,2395.17
2007-02-02,2397.055,2403.616,2293.274,2298.0
2007-02-05,2282.773,2304.321,2247.932,2271.8
2007-02-06,2271.372,2316.702,2198.901,2316.04
2007-02-07,2330.431,2390.87,2330.431,2369.79
2007-02-08,2376.628,2415.958,2354.696,2410.6
2007-02-09,2412.649,2417.648,2376.027,2397.25
2007-02-12,2397.847,2485.757,2396.784,2485.39
2007-02-13,2498.345,2526.227,2489.66,2522.63
2007-02-14,2527.561,2594.662,2520.534,2588.35
2007-02-15,2607.623,2669.18,2607.623,2668.63
2007-02-16,2692.675,2717.575,2660.491,2676.74
2007-02-26,2679.269,2710.305,2641.124,2707.68
2007-02-27,2717.81,2719.517,2454.916,2457.49
2007-02-28,2413.421,2554.225,2413.326,2544.57
2007-03-01,2550.256,2550.324,2439.499,2473.54
2007-03-02,2468.673,2523.857,2455.82,2508.73
2007-03-05,2503.82,2541.822,2409.719,2475.61
2007-03-06,2467.738,2539.45,2452.139,2520.29
2007-03-07,2532.979,2594.462,2532.152,2589.44
2007-03-08,2597.715,2628.448,2565.109,2627.63
2007-03-09,2632.797,2643.806,2587.485,2611.39
2007-03-12,2612.955,2619.496,2563.365,2616.17
2007-03-13,2620.716,2641.627,2605.235,2640.17
2007-03-14,2609.93,2625.126,2546.649,2597.36
2007-03-15,2595.547,2645.881,2595.547,2645.55
2007-03-16,2656.013,2665.394,2576.32,2604.23
2007-03-19,2533.708,2674.795,2523.299,2659.41
2007-03-20,2669.634,2674.469,2645.249,2672.77
2007-03-21,2685.928,2703.001,2666.894,2702.6
2007-03-22,2720.457,2740.278,2702.412,2711.32
2007-03-23,2710.366,2726.624,2653.798,2716.27
2007-03-26,2725.393,2764.394,2713.922,2764.03
2007-03-27,2770.345,2789.964,2753.014,2784.02
2007-03-28,2787.24,2806.078,2689.115,2797.65
2007-03-29,2802.382,2830.087,2782.935,2783.31
2007-03-30,2768.706,2801.941,2753.143,2781.78
2007-04-02,2793.96,2850.155,2793.96,2850.11
2007-04-03,2861.903,2888.334,2852.576,2888.12
2007-04-04,2893.376,2924.675,2875.684,2911.82
2007-04-05,2909.505,2950.664,2895.421,2945.05
2007-04-06,2921.729,2977.461,2911.054,2972.01
2007-04-09,2988.375,3043.058,2988.375,3038.17
2007-04-10,3053.357,3081.619,2993.116,3081.57
2007-04-11,3092.086,3121.538,3059.284,3121.32
2007-04-12,3129.25,3176.693,3114.914,3176.44
2007-04-13,3182.774,3211.604,3154.103,3169.23
2007-04-16,3177.305,3256.568,3177.293,3256.0
2007-04-17,3273.426,3288.162,3182.947,3283.6
2007-04-18,3294.212,3311.98,3244.933,3304.5
2007-04-19,3297.943,3297.943,3065.279,3150.3
2007-04-20,3165.672,3297.408,3165.672,3289.28
2007-04-23,3330.8,3433.521,3330.8,3431.32
2007-04-24,3462.484,3490.818,3418.305,3445.2
2007-04-25,3432.023,3467.827,3376.083,3448.28
2007-04-26,3465.111,3493.908,3438.878,3493.58
2007-04-27,3499.938,3503.882,3435.999,3470.52
2007-04-30,3487.359,3568.685,3478.929,3558.71
2007-05-08,3643.813,3699.367,3618.782,3686.03
2007-05-09,3699.299,3717.343,3556.618,3701.28
2007-05-10,3703.525,3742.231,3671.813,3724.51
2007-05-11,3696.292,3715.364,3629.711,3702.61
2007-05-14,3648.269,3769.159,3620.861,3734.42
2007-05-15,3739.053,3751.646,3600.211,3604.64
2007-05-16,3598.0,3700.649,3557.201,3700.29
2007-05-17,3716.443,3794.165,3705.28,3778.61
2007-05-18,3771.272,3805.209,3746.243,3776.63
2007-05-21,3650.8,3843.834,3643.073,3831.44
2007-05-22,3849.044,3893.193,3849.044,3870.49
2007-05-23,3879.764,3939.497,3853.913,3938.95
2007-05-24,3953.889,3972.586,3858.515,3919.75
2007-05-25,3907.728,3996.851,3888.306,3985.25
2007-05-28,4033.923,4091.937,4027.365,4072.58
2007-05-29,4090.904,4168.53,4079.869,4168.29
2007-05-30,3906.042,4104.201,3849.702,3886.46
2007-05-31,3828.914,3991.728,3683.56,3927.95
2007-06-01,3953.096,4014.149,3780.025,3803.95
2007-06-04,3804.957,3822.408,3503.938,3511.43
2007-06-05,3406.996,3635.15,3246.73,3634.63
2007-06-06,3652.893,3712.528,3550.737,3677.58
2007-06-07,3694.546,3802.3,3684.455,3802.3
2007-06-08,3814.188,3861.209,3769.154,3837.87
2007-06-11,3876.065,3937.791,3870.232,3931.86
2007-06-12,3953.96,4036.356,3834.019,4036.11
2007-06-13,4071.737,4146.524,4064.148,4118.27
2007-06-14,4103.522,4132.003,4022.779,4075.82
2007-06-15,4043.11,4115.724,4025.099,4099.38
2007-06-18,4178.763,4246.401,4177.191,4227.57
2007-06-19,4227.592,4254.715,4186.176,4253.0
2007-06-20,4268.656,4292.199,4138.332,4157.6
2007-06-21,4140.693,4208.872,4110.959,4197.28
2007-06-22,4203.138,4220.927,3970.35,4051.43
2007-06-25,4066.453,4105.986,3850.84,3877.59
2007-06-26,3804.41,3929.368,3752.923,3928.21
2007-06-27,3946.872,4053.409,3912.195,4040.48
2007-06-28,4038.376,4067.809,3857.846,3858.52
2007-06-29,3769.333,3867.75,3718.163,3764.08
2007-07-02,3746.18,3801.909,3644.192,3757.66
2007-07-03,3782.781,3835.292,3744.018,3832.23
2007-07-04,3840.41,3848.074,3727.56,3743.58
2007-07-05,3688.317,3706.602,3535.047,3537.44
2007-07-06,3517.596,3712.739,3475.268,3710.28
2007-07-09,3743.867,3840.986,3722.229,3821.3
2007-07-10,3832.755,3852.932,3764.248,3775.62
2007-07-11,3751.485,3797.807,3732.29,3789.87
2007-07-12,3799.184,3839.205,3780.027,3816.92
2007-07-13,3825.029,3829.675,3773.925,3820.12
2007-07-16,3824.915,3830.376,3697.221,3697.97
2007-07-17,3684.334,3812.252,3650.252,3789.65
2007-07-18,3776.936,3861.505,3756.7,3807.57
2007-07-19,3796.918,3836.388,3778.512,3807.0
2007-07-20,3808.078,3971.888,3808.078,3971.88
2007-07-23,4009.06,4157.389,4009.06,4156.72
2007-07-24,4187.325,4241.579,4143.586,4161.35
2007-07-25,4163.361,4256.051,4163.345,4255.46
2007-07-26,4282.681,4325.936,4244.084,4303.19
2007-07-27,4277.548,4318.34,4225.026,4307.14
2007-07-30,4305.181,4426.31,4303.735,4410.3
2007-07-31,4402.514,4467.643,4359.588,4460.56
2007-08-01,4479.302,4496.252,4271.058,4290.48
2007-08-02,4311.597,4449.4,4303.973,4436.19
2007-08-03,4472.895,4599.249,4472.895,4598.38
2007-08-06,4642.776,4704.184,4623.485,4703.98
2007-08-07,4715.392,4771.587,4634.871,4724.55
2007-08-08,4680.074,4741.451,4579.407,4668.09
2007-08-09,4666.425,4779.147,4666.208,4777.29
2007-08-10,4765.849,4771.603,4631.04,4726.68
2007-08-13,4724.514,4767.078,4663.197,4721.19
2007-08-14,4721.448,4803.569,4704.15,4795.57
2007-08-15,4804.676,4836.587,4697.97,4798.75
2007-08-16,4772.354,4772.968,4665.208,4721.94
2007-08-17,4694.197,4774.985,4616.963,4626.58
2007-08-20,4749.207,4885.838,4747.273,4885.43
2007-08-21,4915.523,4995.526,4909.843,4972.71
2007-08-22,4899.932,5075.894,4887.141,5051.69
2007-08-23,5075.51,5154.846,5028.124,5135.93
2007-08-24,5161.149,5231.153,5158.032,5217.58
2007-08-27,5250.622,5296.574,5191.283,5243.15
2007-08-28,5220.639,5270.302,5136.614,5251.77
2007-08-29,5215.653,5283.331,5138.334,5171.82
2007-08-30,5193.728,5247.574,5175.999,5241.23
2007-08-31,5255.088,5307.414,5219.986,5296.81
2007-09-03,5335.05,5433.746,5335.05,5419.17
2007-09-04,5421.251,5429.203,5333.491,5360.33
2007-09-05,5357.552,5389.324,5265.063,5363.25
2007-09-06,5389.489,5448.843,5365.5,5412.04
2007-09-07,5382.916,5402.72,5284.654,5294.8
2007-09-10,5226.734,5380.454,5182.099,5377.22
2007-09-11,5384.557,5413.997,5104.345,5124.09
2007-09-12,5102.58,5212.656,5059.468,5202.86
2007-09-13,5230.645,5351.575,5212.03,5349.97
2007-09-14,5362.467,5405.856,5274.223,5397.28
2007-09-17,5389.503,5504.773,5387.682,5498.91
2007-09-18,5524.1,5533.533,5405.185,5476.84
2007-09-19,5487.379,5498.596,5385.426,5419.27
2007-09-20,5436.646,5501.404,5430.314,5494.92
2007-09-21,5508.507,5516.109,5357.506,5468.1
2007-09-24,5481.387,5541.139,5400.684,5513.9
2007-09-25,5524.021,5540.878,5423.53,5454.62
2007-09-26,5433.629,5489.857,5338.304,5361.02
2007-09-27,5364.532,5429.055,5338.047,5427.66
2007-09-28,5479.85,5590.846,5479.85,5580.81
2007-10-08,5703.284,5715.911,5617.101,5653.14
2007-10-09,5638.636,5682.97,5582.774,5675.93
2007-10-10,5694.987,5776.21,5653.79,5685.76
2007-10-11,5695.13,5761.218,5650.106,5760.08
2007-10-12,5777.897,5796.279,5485.563,5737.22
2007-10-15,5761.872,5824.979,5690.073,5821.45
2007-10-16,5851.536,5885.482,5815.607,5877.2
2007-10-17,5862.381,5891.726,5797.614,5824.12
2007-10-18,5813.242,5813.242,5593.991,5615.75
2007-10-19,5651.032,5711.497,5563.783,5614.06
2007-10-22,5543.796,5594.5,5465.857,5472.68
2007-10-23,5467.832,5541.957,5373.05,5540.09
2007-10-24,5564.474,5644.969,5553.322,5588.01
2007-10-25,5549.662,5556.55,5312.848,5333.79
2007-10-26,5279.103,5428.579,5266.375,5394.81
2007-10-29,5428.686,5509.348,5428.686,5508.36
2007-10-30,5529.967,5597.267,5467.524,5596.07
2007-10-31,5663.753,5691.862,5590.537,5688.54
2007-11-01,5701.485,5702.209,5604.788,5605.23
2007-11-02,5514.852,5565.66,5448.986,5472.93
2007-11-05,5438.816,5494.621,5333.387,5360.31
2007-11-06,5331.311,5406.106,5295.796,5317.55
2007-11-07,5348.557,5388.64,5231.615,5350.63
2007-11-08,5321.864,5321.864,5090.96,5093.67
2007-11-09,5042.751,5129.108,4962.297,5040.52
2007-11-12,4916.815,5018.105,4795.429,4978.25
2007-11-13,5024.517,5082.635,4866.152,4939.24
2007-11-14,5013.784,5147.016,4924.818,5145.89
2007-11-15,5129.81,5170.965,5069.516,5081.11
2007-11-16,4999.841,5021.709,4917.487,5007.66
2007-11-19,5017.408,5033.951,4968.737,4994.42
2007-11-20,4964.562,5099.513,4916.469,5069.38
2007-11-21,5087.248,5135.247,4993.289,4997.62
2007-11-22,4902.63,4949.338,4759.909,4772.62
2007-11-23,4733.364,4857.051,4711.791,4856.16
2007-11-26,4931.597,4954.178,4795.35,4800.08
2007-11-27,4759.004,4806.826,4708.796,4711.15
2007-11-28,4724.466,4760.658,4619.513,4648.75
2007-11-29,4708.384,4847.576,4637.482,4842.07
2007-11-30,4841.078,4841.078,4723.789,4737.41
2007-12-03,4714.917,4809.263,4689.514,4772.67
2007-12-04,4786.637,4886.573,4786.637,4829.21
2007-12-05,4829.956,4970.173,4815.613,4965.95
2007-12-06,4986.256,4999.937,4928.137,4971.06
2007-12-07,4979.841,5041.778,4977.868,5041.35
2007-12-10,4961.668,5138.683,4944.826,5133.56
2007-12-11,5162.088,5181.406,5068.03,5140.0
2007-12-12,5108.578,5130.719,5033.716,5077.39
2007-12-13,5051.786,5067.391,4881.342,4884.3
2007-12-14,4827.39,4979.183,4800.236,4977.65
2007-12-17,4976.24,4977.573,4855.168,4857.29
2007-12-18,4827.261,4882.996,4799.005,4829.91
2007-12-19,4877.774,4961.598,4865.357,4946.29
2007-12-20,4968.036,5048.066,4935.406,5037.2
2007-12-21,5016.457,5103.768,5014.701,5101.85
2007-12-24,5142.152,5239.213,5129.597,5207.13
2007-12-25,5217.555,5244.028,5180.584,5216.81
2007-12-26,5231.973,5273.143,5194.749,5265.03
2007-12-27,5286.98,5367.53,5260.103,5367.53
2007-12-28,5379.523,5391.669,5323.826,5338.28
2008-01-02,5349.76,5404.925,5283.445,5385.1
2008-01-03,5381.143,5422.669,5315.944,5422.03
2008-01-04,5430.63,5499.085,5422.456,5483.65
2008-01-07,5480.439,5569.149,5455.498,5556.59
2008-01-08,5575.946,5630.62,5485.23,5528.05
2008-01-09,5507.118,5614.68,5490.306,5613.76
2008-01-10,5631.641,5707.663,5602.59,5672.15
2008-01-11,5688.566,5702.575,5629.641,5699.15
2008-01-14,5717.528,5756.922,5679.29,5731.76
2008-01-15,5743.431,5754.107,5652.04,5696.45
2008-01-16,5642.569,5642.569,5498.393,5505.72
2008-01-17,5445.799,5533.646,5226.635,5365.62
2008-01-18,5358.185,5419.572,5307.498,5414.47
2008-01-21,5424.636,5434.345,5122.459,5145.73
2008-01-22,5015.43,5032.247,4708.39,4753.87
2008-01-23,4787.17,4976.271,4751.498,4975.11
2008-01-24,5034.53,5079.793,4926.371,5027.21
2008-01-25,5022.897,5121.409,4966.52,5077.43
2008-01-28,5038.504,5038.504,4711.274,4731.88
2008-01-29,4742.898,4845.655,4688.725,4762.08
2008-01-30,4817.159,4858.099,4606.142,4710.65
2008-01-31,4693.606,4733.698,4614.281,4620.4
2008-02-01,4623.627,4660.999,4414.124,4571.95
2008-02-04,4695.543,4951.244,4695.543,4950.12
2008-02-05,4942.876,4995.575,4878.12,4921.83
2008-02-13,4858.81,4883.24,4785.796,4816.08
2008-02-14,4858.847,4913.316,4842.845,4880.25
2008-02-15,4846.023,4846.023,4742.1,4813.31
2008-02-18,4875.213,4944.878,4845.306,4910.99
2008-02-19,4926.836,5020.75,4885.692,5020.75
2008-02-20,5032.78,5062.264,4901.664,4908.72
2008-02-21,4878.569,4924.449,4796.099,4876.03
2008-02-22,4850.881,4850.881,4649.812,4702.24
2008-02-25,4704.313,4722.633,4510.692,4519.78
2008-02-26,4637.597,4668.828,4394.591,4515.53
2008-02-27,4543.099,4660.41,4500.892,4639.77
2008-02-28,4651.161,4670.177,4582.827,4622.06
2008-02-29,4616.24,4683.159,4597.627,4674.55
2008-03-03,4648.732,4803.896,4611.697,4790.74
2008-03-04,4813.403,4836.659,4657.383,4671.15
2008-03-05,4650.514,4689.963,4519.739,4628.72
2008-03-06,4645.069,4746.584,4592.621,4685.03
2008-03-07,4641.76,4693.212,4597.014,4621.69
2008-03-10,4588.728,4588.766,4406.233,4431.59
2008-03-11,4393.279,4441.18,4315.179,4441.18
2008-03-12,4534.813,4553.338,4308.352,4309.65
2008-03-13,4266.273,4296.364,4121.275,4198.96
2008-03-14,4179.437,4212.407,4092.79,4157.87
2008-03-17,4138.878,4138.878,3958.293,3965.28
2008-03-18,3924.872,3996.961,3700.352,3763.95
2008-03-19,3837.602,3954.465,3776.3,3888.86
2008-03-20,3833.203,4044.69,3658.038,4001.83
2008-03-21,3998.197,4083.163,3958.967,4037.83
2008-03-24,4086.069,4103.573,3857.09,3857.09
2008-03-25,3780.455,3937.667,3747.015,3905.77
2008-03-26,3926.864,4001.552,3888.018,3914.37
2008-03-27,3847.439,3873.611,3745.879,3748.92
2008-03-28,3712.984,3925.86,3661.385,3918.16
2008-03-31,3802.206,3891.66,3780.122,3790.53
2008-04-01,3776.273,3815.163,3566.214,3582.86
2008-04-02,3621.391,3698.529,3493.187,3547.98
2008-04-03,3518.225,3665.653,3457.619,3650.7
2008-04-07,3611.956,3854.066,3578.375,3845.82
2008-04-08,3852.012,3935.334,3820.101,3891.06
2008-04-09,3857.28,3911.702,3687.602,3688.13
2008-04-10,3641.665,3754.72,3608.321,3754.72
2008-04-11,3794.299,3825.297,3755.017,3783.73
2008-04-14,3699.145,3710.789,3525.188,3536.33
2008-04-15,3513.069,3583.862,3417.25,3583.3
2008-04-16,3573.668,3583.812,3483.189,3494.02
2008-04-17,3493.238,3559.1,3340.875,3386.63
2008-04-18,3356.563,3390.552,3248.529,3272.5
2008-04-21,3516.421,3516.421,3223.882,3267.55
2008-04-22,3207.884,3301.551,3122.393,3296.28
2008-04-23,3267.362,3467.434,3245.299,3453.73
2008-04-24,3739.317,3781.473,3659.722,3774.5
2008-04-25,3781.912,3915.841,3737.984,3803.07
2008-04-28,3740.947,3791.766,3711.181,3729.15
2008-04-29,3704.924,3797.525,3702.018,3776.94
2008-04-30,3793.854,3970.576,3793.854,3959.12
2008-05-05,4015.213,4061.473,3972.562,4055.78
2008-05-06,4021.075,4075.577,3961.346,4010.89
2008-05-07,3986.13,4042.408,3821.108,3821.32
2008-05-08,3774.043,3926.003,3761.279,3925.04
2008-05-09,3960.882,3973.054,3806.515,3878.92
2008-05-12,3804.985,3952.789,3766.577,3904.92
2008-05-13,3786.537,3923.174,3778.721,3851.69
2008-05-14,3843.468,3975.793,3843.468,3975.78
2008-05-15,4006.66,4038.854,3948.064,3948.09
2008-05-16,3948.033,3982.22,3882.894,3936.12
2008-05-19,3926.312,3936.275,3865.498,3914.07
2008-05-20,3911.098,3946.443,3698.556,3710.82
2008-05-21,3668.182,3801.068,3591.567,3783.05
2008-05-22,3732.637,3783.845,3704.153,3711.44
2008-05-23,3697.893,3741.063,3629.012,3675.15
2008-05-26,3643.015,3643.015,3555.765,3559.22
2008-05-27,3549.989,3594.66,3533.469,3576.2
2008-05-28,3583.284,3697.996,3561.733,3676.23
2008-05-29,3666.198,3677.022,3578.734,3580.87
2008-05-30,3585.605,3620.225,3552.662,3611.33
2008-06-02,3600.238,3650.482,3580.584,3625.83
2008-06-03,3624.571,3641.428,3585.123,3614.11
2008-06-04,3601.544,3605.062,3513.645,3546.92
2008-06-05,3529.98,3542.246,3487.794,3512.14
2008-06-06,3519.114,3532.295,3470.561,3489.5
2008-06-10,3344.451,3352.319,3188.794,3206.56
2008-06-11,3155.944,3181.819,3097.396,3140.3
2008-06-12,3123.637,3148.739,3022.873,3084.63
2008-06-13,3087.34,3108.991,2975.664,2979.12
2008-06-16,2981.083,3012.991,2900.073,2952.24
2008-06-17,2950.403,2977.893,2820.647,2842.68
2008-06-18,2820.234,3007.177,2759.104,2991.27
2008-06-19,2967.406,2967.406,2768.229,2773.08
2008-06-20,2795.467,2946.941,2691.87,2849.67
2008-06-23,2798.427,2845.478,2771.362,2789.94
2008-06-24,2775.695,2865.908,2770.992,2851.92
2008-06-25,2844.925,2973.176,2834.948,2969.54
2008-06-26,2964.519,3010.281,2922.789,2980.91
2008-06-27,2886.179,2899.835,2787.251,2816.02
2008-06-30,2782.845,2834.273,2747.615,2791.82
2008-07-01,2799.198,2809.384,2690.184,2698.35
2008-07-02,2702.637,2745.942,2670.067,2699.6
2008-07-03,2654.477,2807.68,2617.256,2760.61
2008-07-04,2751.211,2783.845,2716.02,2741.85
2008-07-07,2747.608,2890.982,2747.608,2882.76
2008-07-08,2900.57,2939.142,2841.072,2901.84
2008-07-09,2927.0,3015.275,2927.0,3015.13
2008-07-10,2970.986,3056.907,2950.202,2973.73
2008-07-11,2962.863,2988.199,2913.874,2953.5
2008-07-14,2927.236,2996.588,2917.019,2975.87
2008-07-15,2987.062,2997.667,2849.2,2852.98
2008-07-16,2818.767,2824.885,2702.663,2745.6
2008-07-17,2790.261,2812.994,2705.811,2718.07
2008-07-18,2746.534,2818.062,2690.067,2815.46
2008-07-21,2792.828,2915.292,2780.281,2911.05
2008-07-22,2905.273,2931.444,2890.249,2904.74
2008-07-23,2923.049,2941.972,2879.185,2883.32
2008-07-24,2905.041,2979.746,2902.974,2977.36
2008-07-25,2939.319,2967.717,2916.682,2939.2
2008-07-28,2959.112,2997.603,2946.491,2960.85
2008-07-29,2921.248,2921.248,2881.05,2905.63
2008-07-30,2940.016,2949.939,2866.027,2884.38
2008-07-31,2894.246,2899.069,2804.698,2805.21
2008-08-01,2786.125,2868.681,2748.757,2840.79
2008-08-04,2816.936,2832.895,2767.529,2773.15
2008-08-05,2780.762,2792.743,2695.373,2703.08
2008-08-06,2723.52,2749.096,2679.657,2721.69
2008-08-07,2717.659,2747.882,2683.407,2720.44
2008-08-08,2719.373,2719.373,2581.809,2591.46
2008-08-11,2579.804,2580.719,2442.793,2456.81
2008-08-12,2431.388,2474.329,2413.602,2444.16
2008-08-13,2427.493,2466.084,2369.578,2444.67
2008-08-14,2429.975,2461.236,2410.489,2443.51
2008-08-15,2440.385,2479.146,2412.944,2447.61
2008-08-18,2451.309,2452.624,2312.949,2313.4
2008-08-19,2285.513,2356.189,2273.891,2348.47
2008-08-20,2332.386,2533.303,2312.176,2532.94
2008-08-21,2494.263,2535.863,2438.861,2443.98
2008-08-22,2421.251,2437.434,2362.633,2404.93
2008-08-25,2408.028,2439.909,2373.767,2400.55
2008-08-26,2370.526,2390.653,2306.934,2331.53
2008-08-27,2322.537,2367.715,2291.348,2325.29
2008-08-28,2325.257,2363.558,2316.677,2335.86
2008-08-29,2347.4,2418.051,2339.518,2391.64
2008-09-01,2372.637,2372.637,2297.022,2309.17
2008-09-02,2292.685,2309.205,2268.003,2285.41
2008-09-03,2279.594,2296.028,2219.555,2245.96
2008-09-04,2238.649,2270.415,2216.116,2251.15
2008-09-05,2193.036,2221.091,2172.939,2183.43
2008-09-08,2189.824,2198.763,2119.126,2126.52
2008-09-09,2135.228,2150.993,2111.409,2139.15
2008-09-10,2124.969,2181.257,2099.238,2143.18
2008-09-11,2135.457,2141.999,2067.253,2072.13
2008-09-12,2071.065,2102.983,2066.441,2077.85
2008-09-16,2050.315,2050.315,1987.297,2000.65
2008-09-17,1981.257,2003.913,1923.555,1929.14
2008-09-18,1876.965,1936.735,1804.77,1895.99
2008-09-19,2065.776,2073.11,2046.219,2073.11
2008-09-22,2228.362,2258.42,2130.311,2207.61
2008-09-23,2141.602,2180.37,2118.922,2123.48
2008-09-24,2072.649,2139.219,2050.964,2138.85
2008-09-25,2143.727,2256.269,2139.614,2223.53
2008-09-26,2234.462,2257.164,2192.132,2243.66
2008-10-06,2206.567,2206.567,2128.275,2128.7
2008-10-07,2043.925,2136.126,2024.65,2102.45
2008-10-08,2041.99,2073.066,2000.521,2022.88
2008-10-09,2059.588,2063.307,1993.013,1995.3
2008-10-10,1913.265,1938.215,1881.673,1906.96
2008-10-13,1889.758,1985.634,1841.537,1985.49
2008-10-14,2054.409,2060.489,1934.46,1934.62
2008-10-15,1911.036,1930.638,1892.019,1914.36
2008-10-16,1833.479,1866.899,1818.93,1820.9
2008-10-17,1837.912,1851.33,1805.665,1833.26
2008-10-20,1828.411,1899.344,1802.092,1896.73
2008-10-21,1901.248,1928.198,1880.521,1881.41
2008-10-22,1854.597,1887.302,1832.443,1833.32
2008-10-23,1794.681,1836.413,1779.134,1834.78
2008-10-24,1831.465,1840.886,1769.112,1781.6
2008-10-27,1746.667,1746.667,1652.791,1654.67
2008-10-28,1614.616,1716.306,1607.674,1705.82
2008-10-29,1723.231,1731.253,1657.65,1658.22
2008-10-30,1669.972,1723.933,1646.349,1697.66
2008-10-31,1688.09,1696.647,1655.088,1663.66
2008-11-03,1648.554,1684.557,1643.416,1653.54
2008-11-04,1646.202,1648.452,1606.732,1627.76
2008-11-05,1641.264,1714.661,1641.264,1691.42
2008-11-06,1648.131,1661.445,1638.348,1649.78
2008-11-07,1618.756,1690.108,1612.742,1677.83
2008-11-10,1714.128,1803.124,1714.128,1801.67
2008-11-11,1795.3,1824.928,1778.331,1781.36
2008-11-12,1758.476,1806.227,1754.285,1801.82
2008-11-13,1777.029,1891.94,1765.633,1874.08
2008-11-14,1893.305,1943.65,1874.928,1943.65
2008-11-17,1934.742,1987.23,1919.972,1987.23
2008-11-18,1974.379,1994.821,1831.758,1839.82
2008-11-19,1831.594,1959.519,1823.27,1953.16
2008-11-20,1916.702,1976.952,1900.27,1932.43
2008-11-21,1872.27,1968.897,1835.091,1920.74
2008-11-24,1913.991,1923.931,1835.861,1837.64
2008-11-25,1870.051,1883.1,1801.556,1834.29
2008-11-26,1832.119,1865.657,1815.02,1843.5
2008-11-27,1961.888,1969.021,1870.042,1870.47
2008-11-28,1851.099,1866.252,1815.443,1829.92
2008-12-01,1823.774,1864.305,1799.844,1864.21
2008-12-02,1821.542,1891.132,1814.902,1868.63
2008-12-03,1884.603,1952.67,1884.603,1952.67
2008-12-04,1980.447,2046.475,1978.143,1982.93
2008-12-05,1969.746,2014.202,1965.094,2013.18
2008-12-08,2040.478,2095.469,2033.982,2095.04
2008-12-09,2104.127,2107.602,2038.075,2040.85
2008-12-10,2028.511,2096.39,2014.28,2096.39
2008-12-11,2087.433,2107.295,2043.623,2046.34
2008-12-12,2027.069,2038.185,1936.28,1960.38
2008-12-15,1991.547,2006.221,1941.05,1975.03
2008-12-16,1956.995,1994.959,1919.869,1994.45
2008-12-17,2002.029,2030.388,1995.65,2001.42
2008-12-18,2001.046,2045.943,1982.426,2045.1
2008-12-19,2037.365,2075.38,2033.108,2052.11
2008-12-22,2050.771,2055.367,1993.327,2017.55
2008-12-23,2019.236,2019.236,1918.437,1918.96
2008-12-24,1893.23,1912.78,1872.652,1887.08
2008-12-25,1891.531,1902.719,1848.713,1870.77
2008-12-26,1868.348,1881.081,1850.506,1862.1
2008-12-29,1852.416,1861.305,1816.062,1854.76
2008-12-30,1852.954,1867.413,1824.533,1833.44
2008-12-31,1835.103,1844.414,1813.724,1817.72
2009-01-05,1848.327,1882.96,1837.84,1882.96
2009-01-06,1880.677,1948.494,1873.016,1942.8
2009-01-07,1942.673,1959.248,1930.87,1931.18
2009-01-08,1894.663,1902.795,1873.647,1887.99
2009-01-09,1886.493,1923.428,1886.493,1918.37
2009-01-12,1911.739,1947.086,1905.62,1920.69
2009-01-13,1892.66,1908.201,1874.979,1876.19
2009-01-14,1873.622,1955.24,1873.622,1955.24
2009-01-15,1935.382,1977.187,1930.291,1954.87
2009-01-16,1965.436,2026.643,1965.436,1990.21
2009-01-19,2010.584,2052.195,1993.955,2012.47
2009-01-20,2006.525,2025.19,1986.061,2025.19
2009-01-21,1993.67,2047.105,1988.241,2021.71
2009-01-22,2034.285,2048.483,2012.737,2044.55
2009-01-23,2039.52,2054.324,2025.186,2032.68
2009-02-02,2052.436,2059.335,2029.714,2057.06
2009-02-03,2056.795,2108.944,2049.889,2108.91
2009-02-04,2118.559,2166.41,2117.02,2166.41
2009-02-05,2164.545,2211.178,2135.669,2150.97
2009-02-06,2158.084,2240.021,2158.084,2237.28
2009-02-09,2271.591,2307.905,2257.488,2296.67
2009-02-10,2288.076,2327.105,2263.537,2326.76
2009-02-11,2287.234,2381.195,2275.576,2331.14
2009-02-12,2335.398,2344.656,2248.481,2318.34
2009-02-13,2321.565,2402.441,2307.095,2399.07
2009-02-16,2421.192,2462.394,2397.186,2462.25
2009-02-17,2460.566,2470.62,2384.784,2385.29
2009-02-18,2331.659,2369.05,2272.502,2275.84
2009-02-19,2295.651,2324.673,2259.591,2298.41
2009-02-20,2300.806,2344.77,2276.298,2344.32
2009-02-23,2333.808,2419.532,2307.92,2410.48
2009-02-24,2376.698,2411.907,2294.523,2301.85
2009-02-25,2325.038,2337.422,2226.443,2304.25
2009-02-26,2295.431,2332.351,2167.154,2190.19
2009-02-27,2164.541,2186.82,2117.062,2140.49
2009-03-02,2123.371,2177.298,2112.34,2164.67
2009-03-03,2109.837,2168.218,2100.64,2142.15
2009-03-04,2150.24,2290.941,2150.24,2285.15
2009-03-05,2314.08,2340.372,2259.801,2304.92
2009-03-06,2260.76,2313.204,2255.822,2286.58
2009-03-09,2302.014,2333.983,2198.548,2202.53
2009-03-10,2175.304,2241.236,2168.322,2240.78
2009-03-11,2288.053,2292.396,2212.882,2220.38
2009-03-12,2208.041,2220.303,2156.598,2215.7
2009-03-13,2229.248,2250.237,2200.972,2205.42
2009-03-16,2197.244,2247.106,2180.047,2241.61
2009-03-17,2244.107,2329.295,2239.665,2322.4
2009-03-18,2335.415,2370.556,2328.854,2332.65
2009-03-19,2337.52,2386.224,2331.255,2382.56
2009-03-20,2389.894,2397.209,2343.271,2379.84
2009-03-23,2384.675,2448.356,2375.527,2439.4
2009-03-24,2477.564,2483.83,2440.524,2451.78
2009-03-25,2435.636,2472.941,2401.055,2401.33
2009-03-26,2407.763,2479.827,2379.952,2479.79
2009-03-27,2500.997,2516.383,2481.686,2498.93
2009-03-30,2501.315,2508.141,2471.37,2484.49
2009-03-31,2436.779,2507.9,2423.572,2507.79
2009-04-01,2519.884,2566.534,2519.884,2548.22
2009-04-02,2558.768,2599.252,2558.264,2576.4
2009-04-03,2597.913,2612.367,2555.612,2570.5
2009-04-07,2570.625,2597.062,2543.646,2576.95
2009-04-08,2563.724,2573.095,2479.35,2479.35
2009-04-09,2477.42,2517.742,2457.424,2517.67
2009-04-10,2540.108,2595.598,2530.622,2595.53
2009-04-13,2621.981,2668.284,2619.374,2656.52
2009-04-14,2651.195,2682.906,2637.381,2676.87
2009-04-15,2662.728,2690.642,2627.808,2686.99
2009-04-16,2690.519,2706.629,2643.32,2687.11
2009-04-17,2675.667,2693.29,2628.624,2650.69
2009-04-20,2643.729,2708.455,2640.992,2707.67
2009-04-21,2670.275,2697.717,2634.527,2675.44
2009-04-22,2687.856,2713.304,2563.36,2576.28
2009-04-23,2555.523,2604.158,2543.903,2593.56
2009-04-24,2605.705,2609.876,2570.381,2572.89
2009-04-27,2566.918,2576.517,2499.44,2513.29
2009-04-28,2490.525,2531.543,2485.801,2518.53
2009-04-29,2518.854,2615.81,2514.141,2605.37
2009-04-30,2616.489,2640.021,2604.456,2622.93
2009-05-04,2635.128,2715.188,2632.302,2714.3
2009-05-05,2733.103,2751.248,2713.23,2727.01
2009-05-06,2721.818,2771.207,2713.54,2764.98
2009-05-07,2783.581,2797.478,2731.803,2767.08
2009-05-08,2751.5,2800.224,2733.333,2789.22
2009-05-11,2808.143,2839.613,2725.271,2725.32
2009-05-12,2702.74,2788.61,2699.952,2788.56
2009-05-13,2792.425,2822.716,2775.577,2814.01
2009-05-14,2781.051,2804.48,2757.548,2792.6
2009-05-15,2800.575,2815.46,2773.326,2796.12
2009-05-18,2782.582,2813.754,2740.917,2810.57
2009-05-19,2836.333,2849.625,2821.947,2840.08
2009-05-20,2843.55,2849.64,2812.604,2812.87
2009-05-21,2795.828,2808.287,2735.767,2750.01
2009-05-22,2733.02,2762.744,2719.124,2740.68
2009-05-25,2684.217,2761.391,2675.289,2752.72
2009-05-26,2757.306,2762.805,2718.551,2719.76
2009-05-27,2734.416,2768.566,2715.821,2759.71
2009-06-01,2798.925,2864.469,2798.925,2858.34
2009-06-02,2878.529,2892.782,2855.06,2865.1
2009-06-03,2865.735,2939.39,2864.712,2939.39
2009-06-04,2924.266,2961.039,2899.667,2953.75
2009-06-05,2966.069,2975.179,2937.184,2939.31
2009-06-08,2937.637,2978.235,2912.489,2948.48
2009-06-09,2948.953,2960.906,2892.722,2960.56
2009-06-10,2972.428,2995.704,2966.59,2989.6
2009-06-11,2982.97,3000.858,2951.274,2961.63
2009-06-12,2955.573,2976.868,2883.322,2906.29
2009-06-15,2911.421,2967.097,2898.065,2966.19
2009-06-16,2936.508,2979.413,2929.041,2961.22
2009-06-17,2957.578,3017.411,2930.496,3010.59
2009-06-18,3014.439,3061.749,3014.439,3057.43
2009-06-19,3061.902,3086.719,3047.269,3080.0
2009-06-22,3106.384,3116.152,3072.531,3082.56
2009-06-23,3036.409,3128.532,3028.459,3083.9
2009-06-24,3079.495,3121.207,3068.242,3120.73
2009-06-25,3125.661,3141.165,3103.87,3117.92
2009-06-26,3126.227,3137.081,3109.315,3128.42
2009-06-29,3132.111,3182.413,3122.162,3179.97
2009-06-30,3191.637,3195.712,3159.622,3166.47
2009-07-01,3153.534,3238.789,3150.651,3237.9
2009-07-02,3248.205,3285.094,3247.574,3282.36
2009-07-03,3254.935,3327.674,3249.115,3327.14
2009-07-06,3333.093,3378.052,3333.093,3374.75
2009-07-07,3368.327,3393.221,3327.351,3340.49
2009-07-08,3306.429,3368.067,3261.321,3352.27
2009-07-09,3348.217,3396.479,3334.676,3396.3
2009-07-10,3398.911,3428.029,3375.965,3398.31
2009-07-13,3382.573,3403.739,3358.517,3361.01
2009-07-14,3375.87,3454.75,3375.87,3454.75
2009-07-15,3467.137,3497.513,3467.137,3493.31
2009-07-16,3516.778,3543.019,3489.562,3501.24
2009-07-17,3499.511,3527.466,3482.872,3519.81
2009-07-20,3532.516,3594.869,3515.531,3591.12
2009-07-21,3603.4,3610.324,3533.16,3539.83
2009-07-22,3532.628,3607.367,3532.38,3606.92
2009-07-23,3613.599,3653.838,3596.365,3651.97
2009-07-24,3672.21,3687.497,3591.884,3667.56
2009-07-27,3680.154,3744.246,3669.512,3743.63
2009-07-28,3745.551,3756.784,3705.047,3755.82
2009-07-29,3741.786,3765.592,3453.643,3558.51
2009-07-30,3587.049,3656.924,3511.293,3634.82
2009-07-31,3670.189,3735.802,3635.546,3734.62
2009-08-03,3754.215,3789.932,3716.57,3787.03
2009-08-04,3803.066,3803.066,3712.436,3786.62
2009-08-05,3781.405,3789.131,3691.98,3740.94
2009-08-06,3707.907,3739.578,3602.575,3663.12
2009-08-07,3655.467,3686.548,3539.702,3555.1
2009-08-10,3589.717,3613.458,3485.365,3544.54
2009-08-11,3558.65,3569.155,3509.722,3556.38
2009-08-12,3546.5,3546.5,3390.361,3397.4
2009-08-13,3398.889,3448.862,3338.848,3440.82
2009-08-14,3437.949,3454.943,3334.727,3344.46
2009-08-17,3283.435,3319.803,3137.476,3140.27
2009-08-18,3110.712,3186.819,3083.207,3171.99
2009-08-19,3178.283,3183.009,2982.224,3014.57
2009-08-20,3021.251,3146.568,3021.251,3144.39
2009-08-21,3135.369,3221.162,3113.7,3203.62
2009-08-24,3222.397,3241.524,3178.856,3229.6
2009-08-25,3210.851,3210.851,3019.119,3109.83
2009-08-26,3082.684,3203.79,3065.467,3172.39
2009-08-27,3149.565,3212.269,3116.893,3156.3
2009-08-28,3152.036,3168.19,3030.73,3046.78
2009-08-31,3003.542,3003.542,2825.766,2830.27
2009-09-01,2804.584,2901.277,2795.486,2843.7
2009-09-02,2824.645,2904.79,2813.622,2890.93
2009-09-03,2898.445,3059.983,2892.645,3051.96
2009-09-04,3055.345,3099.383,3038.988,3077.14
2009-09-07,3097.791,3153.229,3078.128,3104.21
2009-09-08,3084.202,3170.97,3047.303,3170.97
2009-09-09,3188.312,3207.389,3143.74,3194.91
2009-09-10,3179.183,3204.12,3150.168,3162.91
2009-09-11,3152.812,3253.449,3152.686,3238.13
2009-09-14,3248.344,3298.901,3240.53,3293.39
2009-09-15,3298.808,3325.741,3264.947,3302.64
2009-09-16,3290.391,3296.944,3212.449,3258.24
2009-09-17,3274.586,3329.12,3274.586,3320.1
2009-09-18,3325.062,3330.433,3170.963,3199.69
2009-09-21,3163.508,3210.639,3090.603,3208.6
2009-09-22,3196.013,3237.221,3131.02,3131.03
2009-09-23,3130.143,3159.174,3041.416,3060.07
2009-09-24,3041.824,3122.059,2989.24,3080.93
2009-09-25,3057.108,3090.071,3028.409,3058.53
2009-09-28,3066.365,3088.078,2959.741,2972.64
2009-09-29,2975.535,2998.554,2923.93,2972.29
2009-09-30,2992.985,3033.743,2988.297,3004.81
2009-10-09,3078.755,3164.033,3071.272,3163.71
2009-10-12,3181.579,3193.588,3151.254,3151.63
2009-10-13,3144.025,3199.924,3140.501,3198.52
2009-10-14,3209.066,3276.554,3204.315,3227.4
2009-10-15,3258.543,3287.625,3227.085,3239.64
2009-10-16,3250.103,3268.426,3188.435,3241.71
2009-10-19,3238.85,3330.791,3231.809,3329.16
2009-10-20,3355.354,3379.626,3343.014,3377.57
2009-10-21,3375.032,3414.662,3358.555,3369.29
2009-10-22,3364.145,3381.145,3341.415,3347.32
2009-10-23,3354.982,3436.389,3354.982,3413.25
2009-10-26,3421.697,3432.896,3385.441,3414.24
2009-10-27,3384.292,3392.1,3314.321,3314.72
2009-10-28,3303.776,3337.17,3258.277,3329.33
2009-10-29,3265.185,3291.179,3239.004,3247.05
2009-10-30,3305.374,3329.538,3276.316,3280.37
2009-11-02,3205.832,3394.721,3198.306,3392.8
2009-11-03,3402.533,3447.486,3397.26,3435.43
2009-11-04,3443.519,3476.342,3415.218,3453.89
2009-11-05,3458.867,3471.832,3432.262,3464.32
2009-11-06,3491.074,3506.026,3474.363,3483.02
2009-11-09,3487.109,3495.889,3452.616,3495.79
2009-11-10,3520.399,3532.19,3501.503,3503.78
2009-11-11,3500.582,3514.825,3468.855,3495.67
2009-11-12,3506.95,3529.059,3487.678,3499.99
2009-11-13,3489.536,3518.892,3445.358,3518.72
2009-11-16,3541.055,3625.889,3541.055,3625.8
2009-11-17,3644.958,3649.418,3619.982,3628.35
2009-11-18,3633.852,3652.81,3612.795,3630.23
2009-11-19,3638.076,3653.902,3604.615,3642.44
2009-11-20,3630.573,3658.211,3597.303,3631.01
2009-11-23,3636.53,3666.271,3628.196,3665.51
2009-11-24,3680.746,3698.129,3538.858,3548.08
2009-11-25,3541.513,3630.302,3508.058,3629.63
2009-11-26,3635.787,3646.604,3472.945,3485.77
2009-11-27,3440.343,3480.931,3367.293,3382.51
2009-11-30,3415.078,3511.766,3415.078,3511.67
2009-12-01,3507.558,3566.779,3485.523,3560.83
2009-12-02,3578.87,3607.562,3570.288,3597.33
2009-12-03,3596.956,3603.126,3551.486,3590.88
2009-12-04,3581.626,3646.262,3530.057,3643.49
2009-12-07,3644.623,3672.796,3633.443,3668.83
2009-12-08,3670.808,3671.043,3590.942,3624.02
2009-12-09,3579.284,3603.698,3543.426,3554.48
2009-12-10,3579.829,3601.292,3544.904,3577.24
2009-12-11,3589.408,3614.952,3568.506,3575.02
2009-12-14,3572.528,3623.27,3495.636,3612.75
2009-12-15,3594.509,3620.321,3578.282,3583.34
2009-12-16,3568.277,3610.682,3550.664,3560.72
2009-12-17,3571.049,3582.436,3475.841,3480.15
2009-12-18,3450.05,3453.353,3385.68,3391.74
2009-12-21,3386.324,3404.64,3354.65,3396.62
2009-12-22,3402.225,3404.751,3296.762,3305.54
2009-12-23,3303.729,3342.988,3296.292,3336.48
2009-12-24,3346.766,3445.707,3339.301,3438.82
2009-12-25,3434.323,3441.953,3410.664,3424.78
2009-12-28,3432.817,3489.571,3432.817,3478.43
2009-12-29,3481.906,3501.25,3451.18,3500.74
2009-12-30,3503.819,3561.439,3498.38,3558.86
2009-12-31,3561.363,3579.514,3542.376,3575.68
2010-01-04,3592.469,3597.749,3535.23,3535.23
2010-01-05,3545.188,3577.528,3497.663,3564.04
2010-01-06,3558.703,3588.835,3541.176,3541.73
2010-01-07,3543.164,3558.56,3452.773,3471.46
2010-01-08,3456.908,3482.083,3426.698,3480.13
2010-01-11,3593.104,3594.526,3465.315,3482.05
2010-01-12,3477.846,3535.411,3437.665,3534.92
2010-01-13,3448.287,3490.108,3415.689,3421.14
2010-01-14,3433.471,3470.322,3411.811,3469.05
2010-01-15,3472.526,3500.074,3448.663,3482.74
2010-01-18,3471.773,3501.256,3458.038,3500.68
2010-01-19,3506.804,3528.388,3497.092,3507.48
2010-01-20,3512.242,3515.445,3387.814,3394.43
2010-01-21,3397.039,3425.176,3364.719,3408.57
2010-01-22,3364.455,3390.799,3293.197,3366.2
2010-01-25,3340.009,3372.422,3326.262,3328.01
2010-01-26,3328.116,3341.201,3222.143,3242.8
2010-01-27,3243.042,3255.12,3183.369,3198.57
2010-01-28,3195.289,3220.306,3168.463,3206.57
2010-01-29,3190.32,3249.46,3176.921,3204.16
2010-02-01,3198.233,3198.314,3116.442,3152.71
2010-02-02,3170.779,3211.942,3143.086,3146.19
2010-02-03,3160.717,3231.107,3094.573,3230.72
2010-02-04,3206.429,3242.517,3190.435,3218.8
2010-02-05,3147.724,3177.423,3129.924,3153.09
2010-02-08,3152.255,3172.308,3133.81,3150.99
2010-02-09,3147.761,3178.947,3144.478,3169.19
2010-02-10,3195.142,3214.456,3182.834,3214.13
2010-02-11,3216.69,3238.351,3207.167,3220.4
2010-02-12,3232.881,3253.198,3228.74,3251.28
2010-02-22,3248.952,3261.954,3232.789,3233.35
2010-02-23,3225.389,3225.389,3152.93,3198.63
2010-02-24,3177.079,3244.813,3165.13,3244.48
2010-02-25,3252.155,3294.146,3249.331,3292.13
2010-02-26,3286.099,3301.153,3273.697,3281.67
2010-03-01,3290.004,3330.375,3287.553,3324.42
2010-03-02,3327.107,3339.898,3299.689,3311.24
2010-03-03,3313.022,3335.653,3293.915,3335.08
2010-03-04,3338.671,3345.906,3244.975,3250.57
2010-03-05,3253.16,3276.399,3239.673,3259.76
2010-03-08,3268.399,3293.932,3258.036,3286.18
2010-03-09,3285.617,3322.503,3255.979,3305.86
2010-03-10,3304.032,3321.077,3267.757,3279.69
2010-03-11,3282.204,3303.493,3251.709,3276.71
2010-03-12,3277.313,3284.267,3232.121,3233.13
2010-03-15,3231.213,3234.818,3171.8,3183.18
2010-03-16,3183.774,3204.288,3169.097,3203.97
2010-03-17,3214.22,3274.002,3207.275,3273.92
2010-03-18,3277.888,3295.373,3256.598,3267.56
2010-03-19,3270.977,3296.41,3251.135,3293.87
2010-03-22,3297.826,3313.924,3288.508,3302.63
2010-03-23,3305.551,3309.117,3272.918,3275.57
2010-03-24,3282.053,3298.544,3271.034,3276.67
2010-03-25,3270.392,3270.392,3222.823,3229.13
2010-03-26,3226.798,3285.386,3220.592,3275.0
2010-03-29,3295.763,3363.605,3293.671,3358.54
2010-03-30,3361.355,3372.267,3350.315,3366.71
2010-03-31,3369.196,3369.904,3338.748,3345.61
2010-04-01,3349.889,3392.486,3349.889,3391.94
2010-04-02,3400.143,3412.204,3391.81,3407.35
2010-04-06,3422.854,3436.295,3386.893,3405.15
2010-04-07,3403.089,3404.583,3369.018,3386.95
2010-04-08,3381.302,3381.302,3336.152,3346.74
2010-04-09,3348.773,3379.398,3342.471,3379.17
2010-04-12,3388.357,3393.559,3330.302,3351.48
2010-04-13,3350.73,3401.711,3324.052,3391.72
2010-04-14,3394.638,3404.519,3377.44,3403.71
2010-04-15,3407.021,3412.933,3365.877,3394.57
2010-04-16,3388.284,3388.284,3348.779,3356.33
2010-04-19,3313.496,3313.496,3175.438,3176.42
2010-04-20,3176.41,3196.642,3130.956,3173.37
2010-04-21,3178.878,3237.538,3164.766,3236.68
2010-04-22,3222.679,3231.984,3177.725,3201.54
2010-04-23,3198.781,3224.736,3172.575,3190.0
2010-04-26,3195.46,3207.718,3168.377,3172.0
2010-04-27,3163.102,3163.102,3060.855,3108.41
2010-04-28,3080.321,3122.112,3062.082,3097.35
2010-04-29,3114.937,3130.692,3059.792,3060.06
2010-04-30,3060.125,3068.132,3014.074,3067.37
2010-05-04,3005.488,3056.083,2994.922,3019.45
2010-05-05,2981.773,3036.861,2943.357,3036.39
2010-05-06,3014.911,3014.911,2895.396,2896.86
2010-05-07,2835.88,2892.534,2817.154,2836.79
2010-05-10,2842.363,2872.311,2798.52,2858.23
2010-05-11,2916.338,2922.128,2790.704,2800.82
2010-05-12,2781.708,2832.147,2756.422,2818.16
2010-05-13,2818.577,2886.971,2811.66,2886.91
2010-05-14,2865.577,2888.09,2849.238,2868.02
2010-05-17,2828.887,2828.887,2712.449,2714.72
2010-05-18,2711.409,2781.847,2686.975,2771.35
2010-05-19,2748.948,2803.691,2723.3,2762.17
2010-05-20,2739.217,2793.874,2721.07,2726.02
2010-05-21,2656.418,2769.093,2647.596,2768.79
2010-05-24,2787.752,2886.369,2787.752,2873.47
2010-05-25,2851.253,2855.329,2798.017,2813.94
2010-05-26,2814.44,2839.027,2797.624,2813.94
2010-05-27,2808.049,2866.866,2771.587,2859.98
2010-05-28,2885.855,2893.685,2835.067,2850.3
2010-05-31,2835.33,2857.412,2772.788,2773.26
2010-06-01,2755.282,2782.286,2710.591,2744.16
2010-06-02,2729.331,2757.917,2700.078,2757.53
2010-06-03,2769.1,2787.516,2735.704,2736.08
2010-06-04,2721.358,2748.475,2713.094,2744.39
2010-06-07,2692.836,2716.406,2673.347,2695.72
2010-06-08,2694.11,2720.59,2672.062,2699.34
2010-06-09,2711.639,2787.822,2687.328,2782.13
2010-06-10,2755.937,2776.256,2746.104,2750.02
2010-06-11,2766.2,2782.099,2755.953,2758.87
2010-06-17,2778.53,2784.913,2742.637,2742.73
2010-06-18,2739.036,2755.846,2686.618,2696.17
2010-06-21,2698.981,2784.467,2686.32,2780.66
2010-06-22,2772.886,2795.323,2766.443,2783.72
2010-06-23,2768.7,2788.224,2734.052,2758.5
2010-06-24,2753.714,2783.51,2739.809,2757.5
2010-06-25,2744.125,2759.448,2715.658,2736.29
2010-06-28,2734.51,2751.458,2710.09,2716.78
2010-06-29,2717.466,2724.232,2591.695,2592.02
2010-06-30,2572.912,2575.824,2546.843,2563.07
2010-07-01,2557.919,2574.097,2524.572,2526.07
2010-07-02,2523.04,2542.127,2462.207,2534.11
2010-07-05,2507.353,2529.424,2476.489,2512.65
2010-07-06,2504.867,2563.409,2502.929,2562.9
2010-07-07,2561.109,2580.611,2548.562,2580.48
2010-07-08,2591.508,2602.229,2564.637,2575.92
2010-07-09,2578.551,2662.159,2557.255,2647.1
2010-07-12,2647.423,2689.811,2636.65,2676.22
2010-07-13,2649.655,2649.655,2618.337,2634.59
2010-07-14,2640.926,2684.617,2640.543,2653.61
2010-07-15,2650.335,2680.443,2607.789,2608.52
2010-07-16,2597.002,2621.334,2573.796,2616.13
2010-07-19,2592.085,2691.935,2585.005,2682.47
2010-07-20,2685.456,2746.234,2685.456,2741.5
2010-07-21,2744.701,2766.21,2733.726,2747.34
2010-07-22,2738.031,2783.142,2734.075,2781.29
2010-07-23,2787.525,2806.983,2769.444,2793.08
2010-07-26,2798.767,2811.958,2775.783,2811.06
2010-07-27,2803.751,2812.204,2785.37,2795.72
2010-07-28,2796.479,2866.4,2784.151,2863.72
2010-07-29,2866.776,2888.603,2852.0,2877.98
2010-07-30,2871.485,2876.14,2844.686,2868.85
2010-08-02,2868.284,2922.617,2867.455,2917.28
2010-08-03,2925.253,2929.613,2865.76,2865.97
2010-08-04,2858.35,2876.591,2818.244,2876.43
2010-08-05,2874.661,2877.311,2833.67,2850.83
2010-08-06,2848.156,2898.535,2821.034,2897.66
2010-08-09,2894.102,2922.623,2888.044,2918.24
2010-08-10,2920.406,2925.298,2832.08,2832.64
2010-08-11,2823.149,2864.36,2823.149,2850.21
2010-08-12,2822.795,2860.373,2810.106,2816.39
2010-08-13,2818.413,2856.046,2799.224,2855.55
2010-08-16,2851.216,2927.685,2843.021,2922.08
2010-08-17,2927.257,2949.729,2917.833,2942.29
2010-08-18,2945.977,2962.747,2924.666,2937.36
2010-08-19,2940.772,2975.193,2928.018,2955.4
2010-08-20,2943.331,2951.953,2892.637,2898.33
2010-08-23,2895.705,2920.539,2886.657,2896.19
2010-08-24,2892.132,2933.121,2866.805,2911.83
2010-08-25,2893.983,2904.659,2842.246,2843.02
2010-08-26,2853.102,2868.875,2836.126,2850.09
2010-08-27,2847.452,2861.078,2833.426,2858.57
2010-08-30,2874.247,2921.085,2872.918,2915.01
2010-08-31,2905.156,2910.062,2889.81,2903.19
2010-09-01,2907.661,2931.758,2859.164,2884.04
2010-09-02,2917.732,2931.544,2903.025,2921.39
2010-09-03,2926.944,2929.553,2891.883,2920.21
2010-09-06,2935.89,2980.424,2935.89,2975.09
2010-09-07,2979.3,2991.437,2959.904,2983.11
2010-09-08,2970.005,2982.723,2953.842,2980.97
2010-09-09,2986.867,2986.867,2922.2,2926.46
2010-09-10,2927.997,2940.786,2890.031,2932.55
2010-09-13,2933.595,2977.079,2925.417,2962.32
2010-09-14,2971.548,2984.467,2954.508,2965.01
2010-09-15,2965.535,2965.535,2905.626,2913.19
2010-09-16,2908.323,2917.85,2834.034,2857.79
2010-09-17,2864.718,2877.084,2847.682,2861.37
2010-09-20,2865.042,2872.221,2829.759,2849.83
2010-09-21,2859.434,2869.384,2844.129,2857.48
2010-09-27,2869.929,2905.527,2864.21,2905.03
2010-09-28,2900.539,2900.539,2875.661,2880.91
2010-09-29,2877.267,2908.73,2866.852,2874.81
2010-09-30,2859.056,2935.591,2857.414,2935.57
2010-10-08,2965.649,3055.833,2963.234,3044.23
2010-10-11,3069.193,3154.209,3069.193,3132.9
2010-10-12,3121.64,3173.853,3106.228,3172.73
2010-10-13,3176.889,3221.649,3165.581,3217.58
2010-10-14,3245.133,3286.023,3215.031,3224.14
2010-10-15,3204.72,3327.68,3199.119,3327.68
2010-10-18,3345.804,3390.015,3288.781,3306.16
2010-10-19,3300.513,3375.863,3279.995,3375.67
2010-10-20,3304.222,3439.226,3301.01,3396.88
2010-10-21,3404.726,3418.096,3344.967,3374.69
2010-10-22,3365.602,3408.496,3346.116,3378.66
2010-10-25,3386.849,3481.346,3366.429,3481.08
2010-10-26,3491.47,3499.813,3436.459,3466.08
2010-10-27,3451.425,3490.215,3398.093,3403.87
2010-10-28,3390.424,3420.883,3371.437,3397.69
2010-10-29,3400.259,3404.597,3351.598,3379.98
2010-11-01,3390.418,3473.0,3390.418,3473.0
2010-11-02,3484.231,3522.174,3449.723,3463.13
2010-11-03,3462.739,3474.706,3419.079,3420.34
2010-11-04,3426.465,3480.934,3419.648,3480.51
2010-11-05,3538.99,3554.472,3498.278,3520.8
2010-11-08,3534.195,3549.309,3506.379,3548.57
2010-11-09,3547.436,3547.436,3498.619,3523.95
2010-11-10,3507.194,3508.274,3470.967,3499.11
2010-11-11,3490.743,3557.992,3484.896,3509.98
2010-11-12,3484.603,3497.058,3284.345,3291.83
2010-11-15,3298.734,3319.973,3241.755,3314.89
2010-11-16,3311.618,3311.618,3155.477,3169.54
2010-11-17,3124.113,3168.935,3087.511,3103.91
2010-11-18,3134.935,3158.627,3097.386,3147.96
2010-11-19,3168.169,3178.85,3076.217,3178.85
2010-11-22,3148.214,3200.471,3137.75,3171.94
2010-11-23,3156.482,3156.482,3061.627,3107.18
2010-11-24,3088.989,3177.409,3088.989,3177.04
2010-11-25,3197.961,3227.05,3172.278,3223.48
2010-11-26,3214.129,3224.514,3170.361,3194.85
2010-11-29,3183.54,3206.756,3159.459,3190.05
2010-11-30,3187.534,3205.787,3060.443,3136.99
2010-12-01,3127.258,3150.432,3111.641,3136.02
2010-12-02,3185.761,3194.227,3154.321,3155.06
2010-12-03,3161.934,3171.382,3134.423,3158.16
2010-12-06,3168.875,3185.332,3140.555,3165.57
2010-12-07,3152.734,3214.692,3112.224,3200.34
2010-12-08,3194.893,3215.279,3166.764,3171.88
2010-12-09,3156.0,3175.056,3122.2,3123.37
2010-12-10,3107.382,3172.166,3101.086,3161.98
2010-12-13,3176.334,3261.343,3173.563,3261.06
2010-12-14,3270.197,3279.361,3254.177,3269.47
2010-12-15,3270.777,3282.768,3242.512,3247.64
2010-12-16,3246.018,3258.399,3224.127,3230.67
2010-12-17,3229.296,3232.838,3212.578,3225.66
2010-12-20,3239.025,3249.766,3118.001,3178.66
2010-12-21,3184.701,3251.552,3168.89,3249.51
2010-12-22,3253.818,3263.447,3201.666,3215.45
2010-12-23,3210.673,3237.647,3183.155,3188.61
2010-12-24,3170.647,3187.729,3139.459,3162.96
2010-12-27,3176.108,3219.656,3092.264,3099.71
2010-12-28,3084.822,3095.357,3041.327,3044.93
2010-12-29,3049.928,3062.557,3025.22,3061.83
2010-12-30,3063.052,3079.911,3027.9,3064.1
2010-12-31,3069.052,3129.445,3067.107,3128.26
2011-01-04,3155.555,3194.356,3143.602,3189.68
2011-01-05,3170.179,3193.777,3158.869,3175.66
2011-01-06,3177.832,3198.049,3152.569,3159.64
2011-01-07,3156.358,3209.896,3141.121,3166.62
2011-01-10,3162.088,3182.785,3102.431,3108.19
2011-01-11,3096.247,3131.29,3084.511,3124.92
2011-01-12,3135.183,3153.433,3099.416,3142.34
2011-01-13,3153.981,3157.032,3127.154,3141.28
2011-01-14,3129.665,3129.665,3083.509,3091.86
2011-01-17,3067.433,3078.88,2968.61,2974.35
2011-01-18,2965.426,2984.472,2947.602,2977.65
2011-01-19,2978.456,3045.604,2967.242,3044.85
2011-01-20,3037.859,3037.859,2944.495,2944.71
2011-01-21,2935.237,3030.269,2935.142,2983.46
2011-01-24,2986.09,2999.199,2943.918,2954.23
2011-01-25,2949.643,2960.583,2919.158,2938.65
2011-01-26,2939.772,2982.321,2939.355,2978.43
2011-01-27,2953.593,3037.163,2935.275,3026.47
2011-01-28,3020.127,3047.271,3011.38,3036.74
2011-01-31,3035.42,3076.549,3032.451,3076.51
2011-02-01,3083.49,3087.222,3062.827,3077.28
2011-02-09,3055.399,3087.552,3031.75,3040.95
2011-02-10,3034.076,3105.321,3024.346,3104.16
2011-02-11,3100.278,3133.503,3092.586,3120.96
2011-02-14,3123.243,3227.429,3123.243,3219.14
2011-02-15,3223.221,3259.638,3215.618,3217.67
2011-02-16,3211.138,3248.852,3195.47,3248.53
2011-02-17,3255.629,3265.26,3218.916,3245.91
2011-02-18,3240.055,3242.378,3203.124,3211.88
2011-02-21,3192.148,3258.282,3189.85,3257.91
2011-02-22,3267.617,3269.05,3161.835,3163.58
2011-02-23,3152.439,3182.183,3145.984,3174.74
2011-02-24,3170.241,3195.693,3157.974,3190.94
2011-02-25,3190.875,3213.795,3159.85,3197.62
2011-02-28,3200.678,3241.598,3178.832,3239.56
2011-03-01,3241.711,3273.508,3235.751,3254.89
2011-03-02,3237.118,3257.421,3202.835,3243.3
2011-03-03,3248.158,3271.642,3221.04,3221.72
2011-03-04,3223.511,3273.662,3217.481,3270.67
2011-03-07,3287.405,3337.466,3287.405,3334.51
2011-03-08,3335.713,3342.714,3311.725,3337.46
2011-03-09,3344.102,3355.489,3322.7,3338.86
2011-03-10,3330.445,3330.445,3279.331,3280.26
2011-03-11,3263.085,3290.704,3240.185,3247.38
2011-03-14,3238.905,3263.906,3230.114,3262.92
2011-03-15,3250.594,3250.594,3147.956,3203.96
2011-03-16,3204.924,3250.883,3202.936,3248.2
2011-03-17,3216.288,3240.381,3185.084,3197.1
2011-03-18,3228.92,3239.968,3205.149,3215.69
2011-03-21,3220.677,3236.279,3194.145,3207.11
2011-03-22,3217.799,3227.796,3175.929,3222.96
2011-03-23,3222.329,3267.008,3216.657,3264.93
2011-03-24,3269.574,3273.369,3250.022,3251.36
2011-03-25,3256.175,3304.26,3254.679,3294.48
2011-03-28,3307.404,3328.069,3286.855,3290.57
2011-03-29,3288.565,3309.2,3256.338,3257.98
2011-03-30,3256.722,3274.977,3233.109,3256.08
2011-03-31,3257.166,3264.958,3210.176,3223.29
2011-04-01,3227.565,3272.769,3220.912,3272.73
2011-04-06,3269.193,3315.302,3268.768,3311.07
2011-04-07,3313.468,3330.806,3302.819,3324.42
2011-04-08,3321.542,3353.891,3314.091,3353.36
2011-04-11,3363.373,3380.53,3331.177,3333.43
2011-04-12,3324.753,3350.155,3307.475,3326.77
2011-04-13,3311.323,3372.03,3296.506,3372.03
2011-04-14,3374.324,3378.703,3347.488,3353.56
2011-04-15,3345.13,3378.102,3323.559,3358.94
2011-04-18,3346.151,3372.902,3335.601,3359.44
2011-04-19,3334.91,3334.91,3290.734,3295.81
2011-04-20,3300.42,3311.727,3281.829,3295.76
2011-04-21,3312.274,3330.247,3301.939,3317.37
2011-04-22,3317.081,3325.457,3291.636,3299.94
2011-04-25,3292.476,3292.476,3247.687,3249.57
2011-04-26,3242.529,3257.8,3216.21,3230.96
2011-04-27,3242.616,3256.41,3189.037,3209.5
2011-04-28,3224.417,3237.196,3160.41,3161.78
2011-04-29,3161.155,3193.596,3147.134,3192.72
2011-05-03,3192.843,3212.053,3164.924,3211.13
2011-05-04,3192.846,3193.448,3120.963,3129.03
2011-05-05,3115.006,3136.9,3105.857,3126.12
2011-05-06,3093.813,3141.687,3083.912,3121.4
2011-05-09,3126.261,3149.938,3118.142,3129.76
2011-05-10,3135.145,3153.3,3121.745,3153.22
2011-05-11,3153.653,3164.655,3127.499,3145.09
2011-05-12,3123.155,3142.394,3101.133,3101.6
2011-05-13,3105.3,3128.439,3080.187,3128.09
2011-05-16,3120.433,3137.601,3098.773,3100.46
2011-05-17,3097.073,3136.233,3076.948,3116.03
2011-05-18,3109.295,3145.699,3106.553,3139.38
2011-05-19,3148.354,3154.936,3118.62,3120.64
2011-05-20,3120.583,3133.433,3113.275,3121.6
2011-05-23,3115.312,3115.312,3021.45,3022.98
2011-05-24,3013.712,3029.743,2999.882,3026.22
2011-05-25,3020.32,3030.985,2988.091,2990.34
2011-05-26,3011.465,3021.202,2977.595,2978.38
2011-05-27,2980.723,2996.607,2962.069,2963.31
2011-05-30,2956.579,2982.587,2942.365,2954.51
2011-05-31,2958.611,3001.731,2946.15,3001.56
2011-06-01,2996.082,3006.553,2985.708,3004.17
2011-06-02,2970.639,2984.496,2923.021,2955.71
2011-06-03,2951.58,2993.896,2951.202,2986.35
2011-06-07,2977.679,3006.567,2974.359,3004.26
2011-06-08,3003.579,3012.804,2965.921,3008.65
2011-06-09,3000.405,3004.061,2951.89,2951.89
2011-06-10,2947.925,2964.077,2925.866,2961.93
2011-06-13,2940.393,2957.525,2921.748,2950.35
2011-06-14,2947.656,3000.527,2943.532,2993.56
2011-06-15,2984.963,2999.151,2963.113,2963.12
2011-06-16,2939.683,2946.817,2915.403,2917.58
2011-06-17,2916.408,2934.064,2891.018,2892.16
2011-06-20,2888.939,2896.085,2862.412,2874.9
2011-06-21,2883.351,2909.569,2877.051,2909.07
2011-06-22,2913.664,2921.032,2894.176,2908.58
2011-06-23,2899.014,2966.541,2888.679,2957.63
2011-06-24,2946.609,3047.943,2944.051,3027.47
2011-06-27,3028.495,3056.022,3019.235,3036.49
2011-06-28,3040.179,3046.793,3013.992,3041.73
2011-06-29,3039.048,3043.816,2999.954,3000.17
2011-06-30,3003.231,3058.626,3003.231,3044.09
2011-07-01,3052.125,3071.211,3034.077,3049.75
2011-07-04,3064.935,3124.582,3064.935,3121.98
2011-07-05,3122.899,3128.529,3105.086,3122.5
2011-07-06,3116.119,3116.119,3084.832,3113.71
2011-07-07,3123.29,3140.102,3101.096,3101.68
2011-07-08,3105.483,3124.383,3093.371,3109.18
2011-07-11,3097.878,3121.002,3086.267,3113.21
2011-07-12,3089.141,3090.102,3054.805,3056.91
2011-07-13,3060.423,3108.5,3060.423,3106.25
2011-07-14,3112.592,3126.158,3092.478,3115.75
2011-07-15,3105.498,3130.776,3097.337,3128.89
2011-07-18,3131.803,3137.922,3113.667,3122.6
2011-07-19,3108.477,3109.921,3088.382,3095.13
2011-07-20,3113.708,3119.546,3071.853,3091.57
2011-07-21,3092.272,3099.279,3058.256,3059.14
2011-07-22,3066.197,3083.196,3059.603,3067.99
2011-07-25,3050.898,3050.898,2958.879,2968.29
2011-07-26,2965.725,2980.861,2957.614,2977.77
2011-07-27,2961.574,3002.689,2951.514,3000.05
2011-07-28,2973.64,2984.373,2956.708,2981.0
2011-07-29,2981.022,2995.975,2948.077,2972.08
2011-08-01,2969.105,2991.05,2958.831,2977.72
2011-08-02,2958.847,2958.847,2919.011,2956.38
2011-08-03,2930.193,2969.132,2927.096,2954.87
2011-08-04,2962.914,2983.013,2951.839,2960.31
2011-08-05,2881.74,2916.413,2868.16,2897.42
2011-08-08,2864.517,2888.772,2747.97,2793.9
2011-08-09,2720.953,2812.769,2697.062,2798.19
2011-08-10,2845.352,2858.553,2820.123,2824.12
2011-08-11,2779.711,2867.307,2777.757,2866.92
2011-08-12,2881.559,2894.229,2868.876,2875.37
2011-08-15,2883.171,2917.88,2870.187,2917.88
2011-08-16,2920.828,2932.139,2888.333,2897.58
2011-08-17,2893.846,2910.832,2881.628,2886.01
2011-08-18,2887.099,2889.993,2832.265,2834.25
2011-08-19,2789.342,2814.095,2782.552,2807.66
2011-08-22,2809.332,2829.69,2768.421,2777.79
2011-08-23,2788.696,2821.0,2777.284,2821.0
2011-08-24,2834.581,2845.474,2804.822,2810.02
2011-08-25,2818.704,2904.441,2815.915,2903.84
2011-08-26,2889.386,2907.402,2876.832,2901.22
2011-08-29,2875.785,2875.785,2847.477,2852.81
2011-08-30,2875.144,2901.733,2838.33,2841.74
2011-08-31,2843.997,2855.309,2823.774,2846.78
2011-09-01,2852.391,2869.254,2825.961,2834.54
2011-09-02,2828.835,2836.62,2790.765,2803.85
2011-09-05,2780.837,2780.837,2743.386,2743.82
2011-09-06,2727.746,2745.357,2711.068,2723.3
2011-09-07,2738.789,2779.205,2730.055,2779.09
2011-09-08,2788.837,2789.117,2755.804,2756.11
2011-09-09,2770.158,2796.357,2739.625,2751.1
2011-09-13,2712.44,2726.182,2698.657,2720.28
2011-09-14,2729.258,2736.907,2677.129,2733.11
2011-09-15,2734.551,2754.192,2728.904,2729.05
2011-09-16,2744.221,2755.892,2728.998,2733.99
2011-09-19,2718.318,2718.318,2678.795,2679.27
2011-09-20,2675.048,2702.285,2664.105,2689.85
2011-09-21,2691.7,2778.352,2677.348,2771.01
2011-09-22,2745.148,2754.919,2684.942,2685.69
2011-09-23,2644.296,2681.229,2631.427,2669.48
2011-09-26,2645.246,2679.561,2603.109,2610.92
2011-09-27,2634.926,2652.561,2613.424,2637.88
2011-09-28,2654.83,2660.099,2602.63,2610.59
2011-09-29,2593.564,2615.149,2577.291,2588.19
2011-09-30,2595.581,2607.565,2572.192,2581.35
2011-10-10,2588.347,2595.322,2552.282,2557.08
2011-10-11,2625.159,2635.69,2526.645,2551.99
2011-10-12,2537.4,2647.017,2523.346,2644.76
2011-10-13,2636.862,2672.909,2629.404,2662.6
2011-10-14,2655.356,2665.441,2629.877,2653.78
2011-10-17,2658.946,2687.101,2653.383,2666.95
2011-10-18,2646.842,2651.733,2589.206,2592.21
2011-10-19,2599.916,2617.41,2580.662,2583.08
2011-10-20,2566.601,2570.099,2500.484,2520.53
2011-10-21,2522.26,2538.12,2504.696,2507.88
2011-10-24,2517.06,2581.126,2501.957,2576.67
2011-10-25,2572.713,2633.973,2560.052,2625.43
2011-10-26,2613.27,2679.656,2611.01,2651.65
2011-10-27,2658.43,2672.842,2647.298,2657.48
2011-10-28,2694.545,2729.142,2689.379,2709.02
2011-10-31,2704.538,2709.32,2680.995,2695.31
2011-11-01,2672.504,2726.084,2669.046,2697.53
2011-11-02,2658.547,2742.938,2653.722,2742.39
2011-11-03,2752.626,2781.038,2743.195,2744.3
2011-11-04,2770.576,2781.994,2748.982,2763.75
2011-11-07,2750.993,2769.298,2733.17,2736.25
2011-11-08,2745.059,2756.091,2723.693,2727.71
2011-11-09,2739.15,2755.807,2710.05,2751.65
2011-11-10,2720.838,2729.574,2698.308,2699.59
2011-11-11,2705.241,2713.912,2685.099,2695.0
2011-11-14,2717.549,2751.885,2714.867,2750.2
2011-11-15,2746.773,2754.001,2732.913,2744.68
2011-11-16,2745.862,2746.294,2659.152,2670.12
2011-11-17,2671.956,2687.834,2660.654,2662.02
2011-11-18,2643.672,2646.214,2601.184,2606.5
2011-11-21,2608.559,2613.265,2587.745,2609.69
2011-11-22,2592.234,2611.155,2580.786,2609.48
2011-11-23,2613.29,2617.087,2578.156,2584.01
2011-11-24,2565.691,2604.241,2557.7,2588.92
2011-11-25,2585.134,2598.389,2563.647,2569.97
2011-11-28,2578.343,2589.353,2562.492,2573.32
2011-11-29,2595.087,2609.188,2580.294,2608.57
2011-11-30,2600.099,2601.9,2507.184,2521.52
2011-12-01,2596.15,2630.661,2577.719,2583.61
2011-12-02,2570.559,2575.691,2543.531,2557.31
2011-12-05,2561.205,2561.205,2517.184,2521.39
2011-12-06,2515.043,2525.665,2499.573,2516.34
2011-12-07,2517.343,2534.531,2509.779,2528.23
2011-12-08,2525.04,2549.1,2494.693,2525.0
2011-12-09,2506.623,2525.161,2496.971,2503.46
2011-12-12,2497.92,2502.044,2476.114,2477.69
2011-12-13,2467.018,2472.658,2418.675,2421.93
2011-12-14,2415.944,2433.55,2392.299,2397.48
2011-12-15,2382.443,2384.475,2340.449,2340.79
2011-12-16,2339.977,2390.379,2332.141,2390.13
2011-12-19,2370.42,2387.892,2321.659,2384.41
2011-12-20,2376.706,2412.569,2373.857,2377.07
2011-12-21,2397.277,2404.777,2337.695,2339.11
2011-12-22,2325.275,2358.473,2294.612,2341.34
2011-12-23,2337.383,2382.71,2331.959,2359.16
2011-12-26,2345.553,2369.816,2334.792,2335.7
2011-12-27,2332.831,2346.389,2302.416,2305.04
2011-12-28,2295.868,2309.647,2267.116,2307.93
2011-12-29,2297.287,2323.487,2293.871,2311.36
2011-12-30,2318.671,2349.027,2318.671,2345.74
2012-01-04,2361.496,2365.985,2298.295,2298.75
2012-01-05,2290.785,2316.662,2272.158,2276.39
2012-01-06,2274.351,2291.884,2254.566,2290.6
2012-01-09,2291.182,2368.889,2271.717,2368.57
2012-01-10,2365.769,2449.956,2361.282,2447.35
2012-01-11,2444.759,2453.148,2423.324,2435.61
2012-01-12,2426.821,2464.379,2423.322,2435.22
2012-01-13,2438.401,2445.783,2374.541,2394.33
2012-01-16,2376.954,2394.499,2345.634,2345.65
2012-01-17,2347.567,2462.428,2329.247,2460.6
2012-01-18,2464.921,2485.499,2414.528,2422.19
2012-01-19,2423.857,2480.206,2414.985,2468.35
2012-01-20,2476.734,2510.344,2462.598,2504.09
2012-01-30,2508.877,2508.877,2460.396,2460.72
2012-01-31,2462.338,2472.839,2447.768,2464.26
2012-02-01,2458.229,2481.66,2423.446,2428.99
2012-02-02,2437.472,2486.24,2429.711,2486.24
2012-02-03,2478.336,2514.645,2470.28,2506.09
2012-02-06,2511.17,2520.756,2488.707,2504.32
2012-02-07,2489.028,2489.028,2441.694,2457.95
2012-02-08,2456.426,2534.166,2451.003,2528.24
2012-02-09,2525.588,2546.024,2513.13,2529.23
2012-02-10,2521.672,2560.023,2521.151,2533.62
2012-02-13,2504.409,2553.445,2496.304,2531.98
2012-02-14,2528.97,2533.267,2506.54,2522.11
2012-02-15,2515.832,2562.074,2511.292,2549.61
2012-02-16,2544.637,2559.341,2519.039,2536.07
2012-02-17,2551.819,2558.349,2522.86,2537.09
2012-02-20,2571.911,2574.75,2539.908,2540.71
2012-02-21,2544.832,2562.906,2520.783,2562.45
2012-02-22,2564.319,2598.867,2560.347,2597.48
2012-02-23,2595.783,2614.541,2590.522,2606.26
2012-02-24,2607.342,2648.02,2602.779,2648.02
2012-02-27,2658.118,2693.84,2656.57,2656.57
2012-02-28,2652.339,2671.83,2641.456,2662.46
2012-02-29,2655.855,2666.644,2631.781,2634.14
2012-03-01,2622.742,2647.79,2621.863,2633.35
2012-03-02,2637.957,2679.93,2637.957,2679.93
2012-03-05,2687.742,2694.614,2660.957,2662.7
2012-03-06,2654.797,2657.961,2615.598,2621.05
2012-03-07,2596.484,2628.59,2594.133,2603.01
2012-03-08,2612.402,2645.952,2612.402,2635.79
2012-03-09,2644.098,2664.412,2631.404,2664.3
2012-03-12,2663.241,2666.43,2636.421,2654.4
2012-03-13,2653.678,2681.331,2649.166,2681.07
2012-03-14,2694.479,2705.758,2595.346,2605.11
2012-03-15,2602.665,2618.256,2575.441,2585.55
2012-03-16,2591.8,2624.316,2577.245,2623.52
2012-03-19,2617.659,2631.042,2598.627,2630.01
2012-03-20,2622.665,2622.665,2584.029,2584.45
2012-03-21,2597.372,2613.266,2569.072,2587.79
2012-03-22,2586.941,2599.247,2570.449,2583.75
2012-03-23,2575.327,2578.825,2544.525,2552.94
2012-03-26,2551.423,2562.927,2540.694,2555.44
2012-03-27,2565.548,2571.896,2544.37,2547.14
2012-03-28,2538.458,2540.417,2471.034,2474.9
2012-03-29,2463.686,2476.476,2429.73,2443.12
2012-03-30,2447.94,2461.978,2438.489,2454.9
2012-04-05,2449.206,2517.384,2441.267,2512.83
2012-04-06,2509.445,2525.534,2502.703,2519.83
2012-04-09,2510.537,2518.382,2491.596,2495.15
2012-04-10,2490.285,2519.814,2459.35,2519.79
2012-04-11,2494.521,2541.13,2489.329,2520.04
2012-04-12,2522.832,2570.846,2516.572,2570.44
2012-04-13,2575.048,2593.784,2570.031,2580.45
2012-04-16,2564.227,2586.194,2559.777,2574.04
2012-04-17,2572.361,2578.757,2541.532,2541.88
2012-04-18,2550.907,2602.108,2545.998,2599.91
2012-04-19,2598.333,2606.864,2585.305,2596.06
2012-04-20,2591.511,2627.376,2589.352,2626.84
2012-04-23,2624.753,2632.094,2599.114,2606.04
2012-04-24,2594.805,2640.299,2559.468,2604.87
2012-04-25,2598.228,2631.438,2593.327,2625.99
2012-04-26,2632.721,2643.771,2617.092,2631.49
2012-04-27,2630.552,2637.921,2623.601,2626.16
2012-05-02,2660.676,2697.952,2643.53,2683.49
2012-05-03,2679.519,2693.882,2675.813,2691.52
2012-05-04,2689.625,2716.034,2677.141,2715.88
2012-05-07,2699.449,2717.78,2694.323,2717.78
2012-05-08,2717.412,2717.829,2683.566,2709.12
2012-05-09,2685.183,2685.183,2655.318,2657.51
2012-05-10,2657.866,2667.671,2649.376,2657.21
2012-05-11,2652.316,2666.569,2636.526,2636.92
2012-05-14,2653.802,2656.28,2613.345,2615.53
2012-05-15,2597.64,2618.171,2591.594,2617.37
2012-05-16,2610.164,2612.628,2574.085,2574.65
2012-05-17,2577.959,2619.587,2571.199,2613.94
2012-05-18,2595.551,2603.195,2567.306,2573.98
2012-05-21,2572.368,2604.218,2563.972,2587.23
2012-05-22,2598.172,2627.607,2597.608,2627.53
2012-05-23,2621.787,2635.781,2598.291,2616.87
2012-05-24,2613.095,2630.414,2588.209,2595.26
2012-05-25,2595.258,2602.167,2565.644,2573.1
2012-05-28,2562.597,2614.85,2545.337,2614.69
2012-05-29,2615.141,2658.251,2612.56,2650.85
2012-05-30,2646.372,2655.165,2636.52,2642.26
2012-05-31,2623.156,2645.589,2617.226,2632.04
2012-06-01,2633.603,2653.859,2623.291,2633.0
2012-06-04,2598.737,2608.32,2558.924,2559.03
2012-06-05,2565.184,2573.885,2548.758,2558.84
2012-06-06,2564.225,2573.738,2547.333,2557.4
2012-06-07,2579.421,2584.035,2536.254,2542.18
2012-06-08,2558.844,2559.129,2520.41,2524.33
2012-06-11,2529.604,2565.434,2523.779,2558.27
2012-06-12,2543.767,2553.917,2529.953,2540.18
2012-06-13,2546.795,2581.119,2539.636,2580.64
2012-06-14,2573.328,2584.708,2558.564,2560.42
2012-06-15,2565.185,2580.166,2538.568,2568.05
2012-06-18,2576.627,2593.216,2572.985,2581.21
2012-06-19,2577.361,2577.361,2556.102,2558.62
2012-06-20,2563.642,2570.662,2549.437,2552.61
2012-06-21,2547.053,2547.053,2502.424,2512.19
2012-06-25,2501.165,2501.165,2455.01,2456.52
2012-06-26,2442.567,2465.125,2434.645,2454.92
2012-06-27,2452.671,2470.767,2444.348,2447.2
2012-06-28,2451.665,2459.19,2425.241,2425.73
2012-06-29,2418.86,2462.813,2417.484,2461.61
2012-07-02,2473.547,2473.968,2452.988,2465.24
2012-07-03,2464.849,2490.546,2457.448,2468.72
2012-07-04,2474.528,2481.337,2455.996,2464.92
2012-07-05,2450.3,2450.3,2420.001,2430.37
2012-07-06,2435.055,2477.227,2420.352,2472.61
2012-07-09,2455.896,2470.209,2414.957,2416.04
2012-07-10,2411.007,2426.533,2402.375,2406.71
2012-07-11,2402.182,2427.793,2402.152,2425.57
2012-07-12,2420.035,2460.558,2404.583,2449.18
2012-07-13,2441.01,2467.987,2438.976,2450.63
2012-07-16,2452.594,2452.594,2399.609,2399.73
2012-07-17,2391.896,2421.928,2391.28,2414.2
2012-07-18,2412.067,2420.783,2373.652,2414.34
2012-07-19,2407.441,2444.055,2401.289,2424.32
2012-07-20,2415.715,2423.809,2392.186,2398.46
2012-07-23,2379.884,2379.884,2357.506,2365.43
2012-07-24,2353.218,2392.351,2352.801,2375.99
2012-07-25,2368.381,2381.04,2357.465,2360.08
2012-07-26,2360.136,2374.876,2344.697,2347.49
2012-07-27,2353.944,2364.986,2341.295,2349.11
2012-07-30,2350.779,2367.026,2333.996,2335.79
2012-07-31,2336.88,2350.069,2329.503,2332.92
2012-08-01,2332.128,2371.121,2331.948,2358.65
2012-08-02,2354.071,2358.557,2325.606,2334.88
2012-08-03,2340.253,2354.159,2329.937,2353.74
2012-08-06,2350.116,2388.362,2348.118,2385.61
2012-08-07,2383.254,2390.779,2379.449,2388.87
2012-08-08,2390.964,2405.188,2382.83,2389.8
2012-08-09,2388.43,2412.142,2378.854,2411.7
2012-08-10,2409.936,2413.422,2395.911,2399.75
2012-08-13,2394.503,2394.503,2350.807,2351.93
2012-08-14,2352.663,2357.851,2324.91,2357.02
2012-08-15,2350.017,2350.017,2330.145,2331.61
2012-08-16,2327.91,2335.397,2317.061,2319.67
2012-08-17,2318.436,2322.889,2295.162,2313.48
2012-08-20,2294.903,2307.408,2279.948,2301.79
2012-08-21,2301.929,2327.372,2296.548,2313.7
2012-08-22,2315.144,2317.377,2285.759,2295.59
2012-08-23,2298.181,2311.654,2285.368,2302.2
2012-08-24,2295.687,2299.301,2274.569,2275.68
2012-08-27,2268.481,2268.481,2228.147,2228.2
2012-08-28,2226.897,2250.599,2222.0,2238.41
2012-08-29,2230.195,2240.108,2214.425,2214.81
2012-08-30,2204.515,2223.195,2188.724,2211.37
2012-08-31,2205.575,2218.868,2203.125,2204.87
2012-09-03,2201.124,2236.564,2197.709,2228.37
2012-09-04,2231.719,2234.878,2199.512,2204.41
2012-09-05,2199.748,2209.541,2186.967,2199.88
2012-09-06,2204.433,2218.677,2199.854,2217.82
2012-09-07,2233.913,2341.523,2233.913,2317.18
2012-09-10,2320.561,2334.5,2313.576,2326.67
2012-09-11,2316.532,2316.532,2294.82,2311.89
2012-09-12,2325.924,2337.195,2298.296,2320.07
2012-09-13,2316.678,2325.533,2298.366,2298.46
2012-09-14,2324.01,2332.415,2298.828,2315.54
2012-09-17,2312.06,2314.994,2258.187,2258.71
2012-09-18,2249.426,2253.145,2228.043,2235.24
2012-09-19,2237.222,2249.247,2229.493,2246.24
2012-09-20,2236.19,2236.19,2194.22,2195.95
2012-09-21,2190.324,2217.47,2186.527,2199.06
2012-09-24,2183.973,2225.809,2172.883,2215.52
2012-09-25,2209.971,2225.33,2202.372,2210.15
2012-09-26,2208.905,2216.823,2181.082,2184.89
2012-09-27,2186.007,2266.3,2185.769,2251.72
2012-09-28,2235.061,2297.037,2234.327,2293.11
2012-10-08,2291.957,2305.176,2258.106,2270.05
2012-10-09,2281.756,2327.73,2281.756,2320.16
2012-10-10,2314.596,2325.752,2304.611,2324.12
2012-10-11,2315.894,2321.349,2300.931,2302.53
2012-10-12,2311.283,2332.148,2287.008,2304.53
2012-10-15,2306.009,2307.885,2278.46,2294.86
2012-10-16,2293.242,2315.451,2287.588,2298.16
2012-10-17,2307.355,2312.17,2280.815,2300.8
2012-10-18,2307.49,2341.123,2305.886,2336.08
2012-10-19,2335.105,2342.527,2328.733,2332.47
2012-10-22,2320.466,2347.893,2315.893,2341.59
2012-10-23,2340.893,2344.047,2309.255,2312.08
2012-10-24,2303.402,2321.431,2302.17,2307.78
2012-10-25,2306.734,2322.918,2288.602,2291.24
2012-10-26,2291.313,2293.179,2237.062,2247.91
2012-10-29,2241.798,2248.135,2227.642,2235.85
2012-10-30,2236.314,2257.949,2231.774,2239.88
2012-10-31,2241.432,2256.095,2233.684,2254.82
2012-11-01,2256.605,2305.625,2256.408,2297.88
2012-11-02,2297.894,2309.662,2284.715,2306.77
2012-11-05,2302.742,2318.231,2290.135,2301.88
2012-11-06,2301.984,2304.052,2260.511,2292.21
2012-11-07,2288.768,2300.898,2277.025,2287.51
2012-11-08,2269.587,2275.406,2245.405,2245.41
2012-11-09,2241.752,2252.192,2235.227,2240.92
2012-11-12,2242.962,2254.705,2232.744,2251.85
2012-11-13,2250.842,2250.842,2208.723,2212.44
2012-11-14,2213.086,2225.124,2205.996,2223.11
2012-11-15,2210.748,2220.984,2193.513,2193.62
2012-11-16,2189.511,2191.611,2162.976,2177.24
2012-11-19,2175.189,2176.497,2149.543,2174.99
2012-11-20,2180.204,2184.333,2163.526,2164.88
2012-11-21,2165.412,2195.465,2151.384,2194.9
2012-11-22,2181.183,2185.581,2169.661,2177.55
2012-11-23,2184.413,2202.474,2179.731,2192.68
2012-11-26,2187.241,2191.36,2172.101,2175.6
2012-11-27,2168.591,2173.466,2150.224,2150.64
2012-11-28,2142.499,2144.801,2126.029,2129.16
2012-11-29,2128.807,2140.881,2114.481,2115.68
2012-11-30,2114.243,2142.855,2109.962,2139.66
2012-12-03,2136.696,2152.608,2108.149,2108.85
2012-12-04,2104.925,2135.659,2102.132,2131.47
2012-12-05,2128.389,2219.096,2126.795,2207.88
2012-12-06,2205.603,2216.974,2191.225,2203.6
2012-12-07,2203.89,2250.532,2198.11,2246.76
2012-12-10,2254.919,2276.284,2250.441,2271.05
2012-12-11,2263.209,2274.994,2254.299,2258.5
2012-12-12,2257.733,2273.214,2247.956,2267.77
2012-12-13,2260.606,2266.726,2242.562,2242.64
2012-12-14,2245.631,2357.101,2245.631,2355.86
2012-12-17,2359.201,2380.001,2358.664,2366.7
2012-12-18,2361.095,2398.63,2347.077,2368.12
2012-12-19,2362.803,2387.143,2358.034,2371.11
2012-12-20,2361.326,2391.928,2346.554,2384.82
2012-12-21,2386.374,2414.221,2365.03,2372.0
2012-12-24,2368.01,2396.728,2367.041,2381.22
2012-12-25,2373.885,2459.307,2365.415,2448.4
2012-12-26,2445.988,2458.008,2441.643,2457.62
2012-12-27,2464.775,2479.788,2443.677,2444.59
2012-12-28,2448.077,2481.593,2444.382,2480.05
2012-12-31,2485.557,2522.95,2485.557,2522.95
2013-01-04,2551.815,2558.53,2498.893,2524.41
2013-01-07,2518.052,2545.974,2511.608,2535.99
2013-01-08,2534.647,2540.513,2502.49,2525.33
2013-01-09,2518.108,2534.243,2504.303,2526.13
2013-01-10,2525.591,2553.353,2513.73,2530.57
2013-01-11,2533.495,2539.794,2473.696,2483.23
2013-01-14,2474.181,2583.63,2474.003,2577.73
2013-01-15,2579.136,2605.414,2576.923,2595.86
2013-01-16,2591.363,2600.091,2540.519,2577.09
2013-01-17,2570.713,2575.06,2539.676,2552.76
2013-01-18,2568.693,2607.447,2553.452,2595.44
2013-01-21,2605.651,2611.203,2582.654,2610.9
2013-01-22,2610.394,2620.027,2578.183,2596.9
2013-01-23,2588.202,2611.413,2576.366,2607.46
2013-01-24,2606.432,2663.409,2564.211,2582.76
2013-01-25,2580.877,2591.509,2567.103,2571.67
2013-01-28,2577.264,2651.964,2577.264,2651.86
2013-01-29,2655.381,2685.535,2646.158,2675.87
2013-01-30,2678.432,2689.682,2662.061,2688.71
2013-01-31,2690.949,2696.879,2671.328,2686.88
2013-02-01,2677.183,2744.318,2671.27,2743.32
2013-02-04,2753.69,2768.506,2731.082,2748.03
2013-02-05,2727.935,2779.958,2725.367,2771.68
2013-02-06,2771.904,2787.452,2765.739,2775.84
2013-02-07,2771.53,2775.974,2722.874,2759.87
2013-02-08,2755.654,2791.308,2747.951,2771.73
2013-02-18,2784.064,2787.739,2731.505,2737.47
2013-02-19,2735.049,2740.743,2674.343,2685.61
2013-02-20,2686.098,2703.103,2665.236,2702.64
2013-02-21,2675.742,2675.742,2584.759,2610.55
2013-02-22,2607.646,2618.479,2591.142,2596.6
2013-02-25,2607.149,2628.696,2590.787,2604.96
2013-02-26,2587.37,2631.089,2564.667,2567.59
2013-02-27,2576.049,2615.252,2569.383,2594.68
2013-02-28,2611.943,2673.714,2594.0,2673.33
2013-03-01,2671.846,2680.858,2626.999,2668.84
2013-03-04,2619.425,2619.579,2528.699,2545.72
2013-03-05,2547.896,2623.174,2541.769,2622.81
2013-03-06,2634.868,2658.137,2620.429,2650.2
2013-03-07,2639.784,2658.97,2592.868,2619.48
2013-03-08,2622.687,2632.627,2601.964,2606.93
2013-03-11,2600.276,2611.65,2574.17,2592.37
2013-03-12,2590.386,2619.507,2530.246,2555.61
2013-03-13,2551.73,2556.777,2515.062,2527.49
2013-03-14,2517.742,2546.696,2514.46,2534.27
2013-03-15,2533.719,2600.088,2504.455,2539.87
2013-03-18,2526.074,2544.616,2499.825,2502.49
2013-03-19,2507.399,2532.073,2491.857,2525.1
2013-03-20,2526.964,2610.17,2526.826,2610.17
2013-03-21,2611.582,2626.54,2598.511,2614.99
2013-03-22,2612.258,2625.533,2603.346,2618.31
2013-03-25,2628.41,2641.612,2607.616,2613.1
2013-03-26,2601.964,2607.357,2554.974,2575.05
2013-03-27,2575.726,2611.939,2566.345,2583.53
2013-03-28,2535.986,2535.986,2495.081,2499.3
2013-03-29,2502.779,2509.106,2482.485,2495.08
2013-04-01,2486.431,2507.828,2483.735,2493.19
2013-04-02,2495.842,2524.462,2474.999,2486.39
2013-04-03,2493.88,2507.146,2474.93,2483.55
2013-04-08,2443.241,2473.31,2429.501,2472.3
2013-04-09,2477.29,2505.294,2477.29,2489.43
2013-04-10,2487.985,2495.573,2466.191,2485.31
2013-04-11,2502.504,2508.597,2476.4,2477.88
2013-04-12,2476.32,2489.116,2460.18,2462.11
2013-04-15,2453.969,2461.67,2430.151,2436.82
2013-04-16,2419.506,2461.044,2416.615,2459.59
2013-04-17,2457.878,2465.199,2437.342,2458.47
2013-04-18,2440.706,2478.412,2434.729,2464.85
2013-04-19,2469.954,2542.456,2469.326,2533.83
2013-04-22,2525.113,2539.046,2518.257,2530.67
2013-04-23,2532.2,2532.2,2448.199,2449.47
2013-04-24,2452.782,2511.203,2446.588,2495.58
2013-04-25,2486.862,2505.487,2456.571,2467.88
2013-04-26,2477.728,2488.589,2439.8,2447.31
2013-05-02,2434.604,2453.75,2423.078,2449.64
2013-05-03,2457.541,2521.117,2457.541,2492.91
2013-05-06,2502.975,2533.852,2500.452,2525.98
2013-05-07,2519.366,2539.3,2507.758,2529.94
2013-05-08,2542.268,2562.009,2531.253,2542.8
2013-05-09,2542.37,2543.301,2507.788,2527.79
2013-05-10,2519.521,2546.979,2515.162,2540.84
2013-05-13,2542.414,2547.604,2516.73,2530.77
2013-05-14,2526.0,2526.147,2479.874,2493.34
2013-05-15,2493.973,2507.435,2491.932,2506.93
2013-05-16,2501.118,2553.059,2487.764,2552.71
2013-05-17,2550.454,2598.708,2547.778,2592.05
2013-05-20,2597.154,2627.619,2590.056,2609.61
2013-05-21,2607.39,2617.397,2594.246,2614.85
2013-05-22,2613.407,2630.064,2603.746,2618.03
2013-05-23,2604.931,2624.077,2579.348,2582.85
2013-05-24,2591.421,2608.352,2572.886,2597.23
2013-05-27,2593.525,2611.975,2589.742,2599.59
2013-05-28,2600.633,2644.36,2585.902,2644.36
2013-05-29,2648.926,2661.228,2640.88,2642.56
2013-05-30,2633.952,2647.44,2623.578,2634.32
2013-05-31,2638.714,2645.569,2604.75,2606.43
2013-06-03,2605.966,2625.933,2596.048,2602.62
2013-06-04,2600.503,2600.503,2556.06,2565.67
2013-06-05,2565.33,2570.028,2545.191,2560.54
2013-06-06,2552.812,2557.673,2525.301,2527.84
2013-06-07,2526.913,2538.891,2475.687,2484.16
2013-06-13,2448.72,2448.72,2375.207,2399.94
2013-06-14,2404.422,2420.355,2396.486,2416.77
2013-06-17,2422.763,2427.533,2394.386,2403.84
2013-06-18,2413.093,2424.207,2393.326,2418.75
2013-06-19,2408.285,2408.285,2366.351,2400.77
2013-06-20,2386.108,2386.108,2320.23,2321.47
2013-06-21,2283.147,2332.838,2269.561,2317.39
2013-06-24,2308.069,2308.069,2164.325,2171.21
2013-06-25,2146.052,2169.21,2023.17,2165.42
2013-06-26,2170.329,2181.024,2131.863,2168.3
2013-06-27,2172.853,2200.218,2153.18,2160.74
2013-06-28,2149.031,2227.462,2139.373,2200.64
2013-07-01,2187.095,2213.968,2166.356,2213.32
2013-07-02,2211.799,2226.109,2191.797,2221.98
2013-07-03,2211.046,2211.046,2169.139,2203.83
2013-07-04,2187.182,2245.909,2176.081,2221.98
2013-07-05,2227.351,2252.034,2225.048,2226.85
2013-07-08,2194.424,2205.215,2162.19,2163.62
2013-07-09,2160.7,2174.787,2149.788,2162.67
2013-07-10,2163.103,2224.14,2157.473,2224.07
2013-07-11,2232.159,2351.225,2232.159,2326.69
2013-07-12,2319.02,2331.983,2274.07,2275.37
2013-07-15,2289.765,2336.043,2274.676,2307.3
2013-07-16,2300.832,2317.85,2281.944,2317.85
2013-07-17,2311.447,2326.929,2281.613,2282.84
2013-07-18,2272.949,2282.437,2241.932,2245.33
2013-07-19,2248.135,2257.918,2188.754,2190.48
2013-07-22,2170.09,2203.059,2159.814,2202.19
2013-07-23,2211.582,2276.737,2206.751,2265.84
2013-07-24,2253.375,2265.577,2217.191,2249.15
2013-07-25,2255.22,2268.836,2227.85,2237.68
2013-07-26,2226.431,2238.422,2209.808,2224.01
2013-07-29,2205.083,2205.083,2169.017,2175.97
2013-07-30,2184.009,2221.591,2162.981,2189.39
2013-07-31,2211.749,2235.383,2187.209,2193.02
2013-08-01,2206.0,2245.556,2200.622,2245.36
2013-08-02,2263.492,2274.707,2244.249,2247.26
2013-08-05,2249.977,2278.33,2243.221,2278.33
2013-08-06,2270.671,2302.483,2256.714,2293.64
2013-08-07,2292.376,2313.876,2276.859,2280.62
2013-08-08,2277.251,2297.626,2267.071,2276.78
2013-08-09,2288.51,2301.59,2258.334,2286.01
2013-08-12,2296.216,2352.886,2293.172,2352.79
2013-08-13,2352.885,2360.829,2340.735,2359.07
2013-08-14,2362.619,2386.599,2340.833,2349.08
2013-08-15,2348.843,2362.093,2319.788,2321.58
2013-08-16,2314.257,2423.077,2295.019,2304.14
2013-08-19,2286.203,2340.194,2284.077,2331.43
2013-08-20,2325.867,2353.414,2303.671,2312.47
2013-08-21,2320.585,2321.643,2291.054,2308.59
2013-08-22,2302.666,2329.141,2297.014,2303.93
2013-08-23,2314.867,2321.038,2251.921,2286.93
2013-08-26,2294.763,2336.385,2288.5,2335.62
2013-08-27,2332.799,2345.104,2322.46,2340.88
2013-08-28,2326.1,2345.362,2307.047,2328.06
2013-08-29,2338.563,2342.319,2308.144,2318.31
2013-08-30,2315.913,2334.413,2303.609,2313.91
2013-09-02,2319.953,2329.863,2297.445,2320.34
2013-09-03,2326.229,2354.854,2321.302,2354.5
2013-09-04,2352.538,2360.664,2345.438,2350.7
2013-09-05,2350.932,2351.223,2336.759,2341.74
2013-09-06,2336.765,2361.176,2335.93,2357.78
2013-09-09,2374.261,2449.25,2372.687,2440.61
2013-09-10,2446.45,2475.191,2435.822,2474.89
2013-09-11,2483.792,2504.47,2471.625,2482.89
2013-09-12,2480.473,2527.388,2469.723,2507.46
2013-09-13,2502.538,2515.779,2481.452,2488.9
2013-09-16,2501.077,2503.694,2467.129,2478.39
2013-09-17,2480.808,2481.708,2426.46,2427.32
2013-09-18,2426.04,2439.626,2407.243,2432.51
2013-09-23,2441.518,2473.165,2439.995,2472.29
2013-09-24,2470.72,2470.751,2420.09,2443.89
2013-09-25,2440.835,2455.037,2423.276,2429.03
2013-09-26,2422.628,2422.628,2382.532,2384.44
2013-09-27,2382.217,2402.195,2379.855,2394.97
2013-09-30,2406.208,2415.078,2397.223,2409.04
2013-10-08,2406.414,2446.702,2392.571,2441.81
2013-10-09,2432.937,2453.743,2424.766,2453.58
2013-10-10,2455.643,2455.982,2422.02,2429.32
2013-10-11,2442.366,2471.167,2439.636,2468.51
2013-10-14,2472.265,2483.129,2462.549,2472.54
2013-10-15,2475.327,2479.137,2449.419,2467.52
2013-10-16,2459.076,2459.076,2409.717,2421.37
2013-10-17,2432.645,2440.919,2407.777,2413.33
2013-10-18,2415.114,2435.708,2410.595,2426.05
2013-10-21,2431.913,2472.783,2423.56,2471.32
2013-10-22,2470.254,2470.254,2439.858,2445.89
2013-10-23,2451.555,2474.371,2412.482,2418.49
2013-10-24,2412.234,2422.942,2395.473,2400.51
2013-10-25,2400.518,2413.333,2353.994,2368.56
2013-10-28,2372.567,2377.245,2351.858,2365.95
2013-10-29,2369.213,2408.613,2327.901,2372.05
2013-10-30,2371.852,2407.85,2365.505,2407.47
2013-10-31,2398.397,2398.397,2370.228,2373.72
2013-11-01,2373.962,2395.005,2365.146,2384.96
2013-11-04,2397.206,2404.892,2376.351,2380.45
2013-11-05,2366.885,2385.689,2343.802,2383.77
2013-11-06,2371.326,2383.542,2352.789,2353.57
2013-11-07,2351.869,2356.67,2328.251,2340.55
2013-11-08,2329.089,2342.677,2306.046,2307.95
2013-11-11,2305.941,2325.229,2295.004,2315.89
2013-11-12,2319.362,2342.529,2316.603,2340.0
2013-11-13,2325.364,2325.567,2287.551,2288.12
2013-11-14,2291.268,2305.695,2279.005,2304.5
2013-11-15,2306.545,2377.207,2306.545,2350.73
2013-11-18,2367.88,2429.563,2361.035,2428.9
2013-11-19,2427.925,2427.925,2405.073,2412.16
2013-11-20,2428.767,2435.427,2406.417,2424.85
2013-11-21,2412.452,2415.384,2382.879,2409.99
2013-11-22,2415.288,2418.997,2393.579,2397.96
2013-11-25,2385.785,2418.854,2380.69,2388.63
2013-11-26,2387.83,2399.026,2380.416,2387.42
2013-11-27,2386.361,2422.805,2383.779,2414.48
2013-11-28,2419.15,2460.556,2417.235,2439.53
2013-11-29,2442.672,2446.391,2432.383,2438.94
2013-12-02,2423.971,2464.865,2397.009,2418.79
2013-12-03,2410.689,2448.329,2406.659,2442.78
2013-12-04,2439.829,2486.645,2434.699,2475.14
2013-12-05,2476.456,2481.75,2460.579,2468.2
2013-12-06,2463.046,2470.816,2445.626,2452.29
2013-12-09,2460.026,2468.946,2445.938,2450.87
2013-12-10,2456.228,2466.658,2444.524,2453.32
2013-12-11,2440.5,2440.5,2400.739,2412.76
2013-12-12,2406.771,2423.314,2402.774,2410.02
2013-12-13,2388.66,2416.261,2386.247,2406.64
2013-12-16,2408.675,2412.731,2367.427,2367.92
2013-12-17,2369.259,2373.29,2351.187,2356.38
2013-12-18,2356.707,2368.587,2350.455,2357.23
2013-12-19,2366.205,2370.991,2331.194,2332.41
2013-12-20,2335.056,2338.879,2278.1,2278.14
2013-12-23,2283.798,2295.763,2259.573,2284.6
2013-12-24,2291.127,2312.834,2270.247,2288.25
2013-12-25,2291.748,2305.609,2281.6,2305.11
2013-12-26,2299.968,2301.489,2263.918,2265.33
2013-12-27,2268.537,2315.184,2264.388,2303.48
2013-12-30,2313.382,2316.623,2295.643,2299.46
2013-12-31,2289.014,2333.078,2287.121,2330.03
2014-01-02,2323.435,2325.993,2310.655,2321.98
2014-01-03,2311.969,2314.837,2280.888,2290.78
2014-01-06,2286.374,2286.374,2229.337,2238.64
2014-01-07,2222.305,2246.79,2218.646,2238.0
2014-01-08,2240.634,2262.583,2228.417,2241.91
2014-01-09,2236.966,2258.893,2220.801,2222.22
2014-01-10,2216.52,2224.493,2200.214,2204.85
2014-01-13,2206.997,2222.073,2183.598,2193.68
2014-01-14,2192.848,2214.128,2179.912,2212.85
2014-01-15,2210.023,2215.902,2193.801,2208.94
2014-01-16,2209.444,2227.258,2201.556,2211.84
2014-01-17,2203.823,2205.974,2175.878,2178.49
2014-01-20,2173.648,2182.46,2156.455,2165.99
2014-01-21,2168.42,2197.923,2168.42,2187.41
2014-01-22,2190.436,2244.137,2187.538,2243.8
2014-01-23,2242.246,2248.925,2228.058,2231.89
2014-01-24,2225.76,2257.357,2222.895,2245.68
2014-01-27,2233.016,2233.232,2211.8,2215.92
2014-01-28,2220.79,2233.262,2205.977,2219.86
2014-01-29,2225.71,2233.056,2219.927,2227.78
2014-01-30,2223.163,2223.163,2200.224,2202.45
2014-02-07,2187.34,2212.495,2177.114,2212.48
2014-02-10,2221.536,2270.19,2221.536,2267.53
2014-02-11,2267.733,2296.514,2262.597,2285.56
2014-02-12,2286.191,2294.321,2276.448,2291.25
2014-02-13,2288.447,2307.47,2278.257,2279.55
2014-02-14,2278.395,2295.847,2274.424,2295.57
2014-02-17,2308.794,2315.582,2293.555,2311.65
2014-02-18,2310.307,2310.307,2276.106,2282.44
2014-02-19,2280.931,2317.424,2274.156,2308.66
2014-02-20,2314.092,2331.702,2286.207,2287.44
2014-02-21,2284.026,2287.865,2250.648,2264.29
2014-02-24,2246.716,2246.716,2194.165,2214.51
2014-02-25,2216.516,2225.21,2150.096,2157.91
2014-02-26,2147.742,2164.703,2137.084,2163.41
2014-02-27,2170.812,2180.065,2150.137,2154.11
2014-02-28,2149.445,2180.473,2133.547,2178.97
2014-03-03,2173.907,2194.224,2167.91,2190.37
2014-03-04,2183.855,2188.598,2161.586,2184.27
2014-03-05,2187.356,2189.097,2159.599,2163.98
2014-03-06,2159.393,2181.423,2136.45,2173.63
2014-03-07,2170.045,2189.392,2161.438,2168.36
2014-03-10,2149.679,2149.679,2095.07,2097.79
2014-03-11,2092.607,2118.789,2088.728,2108.66
2014-03-12,2102.797,2130.582,2090.753,2114.13
2014-03-13,2119.544,2149.433,2115.983,2140.33
2014-03-14,2129.874,2140.388,2109.579,2122.84
2014-03-17,2132.795,2143.198,2118.955,2143.04
2014-03-18,2146.121,2152.459,2134.92,2138.13
2014-03-19,2131.283,2131.283,2101.285,2120.87
2014-03-20,2116.188,2134.795,2086.5,2086.97
2014-03-21,2079.873,2163.227,2077.761,2158.8
2014-03-24,2161.894,2186.727,2150.867,2176.55
2014-03-25,2170.78,2191.491,2164.669,2174.44
2014-03-26,2181.234,2186.081,2165.22,2171.05
2014-03-27,2168.347,2186.896,2146.919,2155.71
2014-03-28,2154.52,2172.673,2144.589,2151.97
2014-03-31,2156.049,2165.249,2134.417,2146.3
2014-04-01,2143.712,2170.09,2141.146,2163.11
2014-04-02,2166.07,2182.686,2164.011,2180.73
2014-04-03,2188.644,2196.14,2160.749,2165.01
2014-04-04,2157.98,2186.152,2155.275,2185.47
2014-04-08,2179.924,2243.974,2178.909,2237.32
2014-04-09,2239.791,2246.793,2228.994,2238.62
2014-04-10,2241.451,2290.741,2229.514,2273.76
2014-04-11,2269.569,2281.109,2261.137,2270.67
2014-04-14,2267.94,2275.827,2255.453,2268.61
2014-04-15,2261.408,2261.471,2225.682,2229.46
2014-04-16,2223.472,2245.319,2221.157,2232.53
2014-04-17,2238.776,2241.619,2221.951,2224.8
2014-04-18,2215.88,2228.771,2203.048,2224.48
2014-04-21,2209.944,2231.709,2186.757,2187.25
2014-04-22,2184.022,2196.854,2165.08,2196.8
2014-04-23,2191.233,2205.596,2187.39,2194.67
2014-04-24,2192.765,2209.45,2186.759,2190.47
2014-04-25,2195.819,2201.716,2167.644,2167.83
2014-04-28,2165.774,2171.386,2132.696,2134.97
2014-04-29,2134.413,2159.379,2131.783,2158.47
2014-04-30,2158.763,2164.176,2153.125,2158.66
2014-05-05,2152.59,2161.703,2131.232,2156.47
2014-05-06,2151.39,2173.62,2150.114,2157.33
2014-05-07,2151.476,2153.727,2136.994,2137.32
2014-05-08,2132.04,2168.21,2128.322,2135.5
2014-05-09,2138.839,2141.558,2120.594,2133.91
2014-05-12,2150.309,2184.328,2139.479,2180.05
2014-05-13,2180.057,2185.044,2167.765,2174.85
2014-05-14,2175.092,2184.219,2168.995,2172.37
2014-05-15,2169.274,2171.449,2142.334,2144.08
2014-05-16,2143.924,2150.498,2132.184,2145.95
2014-05-19,2139.359,2139.359,2105.71,2115.14
2014-05-20,2124.707,2131.566,2110.719,2115.77
2014-05-21,2106.767,2136.105,2096.519,2135.91
2014-05-22,2134.089,2160.911,2128.86,2130.87
2014-05-23,2130.771,2148.579,2128.659,2148.41
2014-05-26,2161.896,2165.425,2147.449,2155.98
2014-05-27,2154.395,2160.027,2145.752,2147.28
2014-05-28,2147.465,2171.17,2142.005,2169.35
2014-05-29,2171.256,2178.088,2154.921,2155.16
2014-05-30,2156.377,2166.903,2146.214,2156.46
2014-06-03,2157.642,2168.997,2149.293,2149.92
2014-06-04,2149.403,2149.448,2117.309,2128.27
2014-06-05,2126.605,2150.928,2123.522,2150.6
2014-06-06,2149.218,2149.787,2123.984,2134.72
2014-06-09,2128.224,2153.902,2126.664,2134.28
2014-06-10,2138.673,2161.528,2132.449,2161.27
2014-06-11,2156.155,2163.614,2152.084,2160.77
2014-06-12,2156.761,2160.988,2148.413,2153.41
2014-06-13,2150.985,2183.643,2150.567,2176.24
2014-06-16,2176.443,2196.348,2174.282,2191.86
2014-06-17,2185.677,2185.677,2168.441,2169.67
2014-06-18,2169.253,2172.55,2158.498,2160.24
2014-06-19,2161.429,2166.41,2119.501,2126.91
2014-06-20,2124.964,2137.035,2120.808,2136.73
2014-06-23,2137.926,2147.227,2132.454,2134.11
2014-06-24,2131.685,2145.212,2130.291,2144.82
2014-06-25,2141.725,2141.725,2126.034,2133.37
2014-06-26,2135.16,2151.118,2134.895,2149.08
2014-06-27,2146.376,2159.528,2138.929,2150.26
2014-06-30,2152.308,2168.223,2152.308,2165.12
2014-07-01,2169.2,2171.151,2157.134,2164.56
2014-07-02,2164.001,2171.513,2155.612,2170.87
2014-07-03,2169.001,2184.962,2164.841,2180.19
2014-07-04,2180.45,2183.803,2174.078,2178.7
2014-07-07,2178.547,2186.203,2171.084,2176.29
2014-07-08,2174.825,2180.775,2163.356,2180.47
2014-07-09,2178.135,2178.51,2148.26,2148.71
2014-07-10,2146.604,2151.777,2139.525,2142.85
2014-07-11,2136.318,2154.736,2134.796,2148.01
2014-07-14,2149.544,2171.904,2145.28,2171.76
2014-07-15,2170.093,2176.276,2165.21,2174.98
2014-07-16,2172.826,2183.25,2166.776,2170.87
2014-07-17,2166.833,2166.934,2147.086,2157.07
2014-07-18,2147.659,2176.321,2145.442,2164.14
2014-07-21,2164.228,2171.945,2158.96,2166.3
2014-07-22,2162.438,2197.594,2162.238,2192.7
2014-07-23,2191.391,2210.279,2190.552,2197.83
2014-07-24,2199.838,2239.82,2199.838,2237.02
2014-07-25,2243.063,2260.886,2239.062,2260.45
2014-07-28,2272.386,2331.475,2272.386,2323.9
2014-07-29,2326.039,2342.771,2316.218,2331.37
2014-07-30,2324.689,2339.037,2316.057,2322.01
2014-07-31,2321.966,2350.55,2316.584,2350.25
2014-08-01,2341.225,2371.498,2328.964,2329.4
2014-08-04,2336.63,2375.62,2332.138,2375.62
2014-08-05,2376.794,2380.771,2353.792,2369.35
2014-08-06,2358.205,2371.666,2334.333,2363.22
2014-08-07,2363.611,2369.207,2326.271,2327.46
2014-08-08,2329.18,2339.266,2319.284,2331.13
2014-08-11,2338.009,2367.005,2337.015,2365.35
2014-08-12,2361.168,2361.168,2344.714,2357.05
2014-08-13,2358.458,2370.512,2335.693,2358.9
2014-08-14,2357.203,2363.185,2334.085,2335.95
2014-08-15,2337.99,2366.907,2333.128,2360.64
2014-08-18,2366.27,2379.802,2361.195,2374.56
2014-08-19,2378.888,2379.476,2358.967,2374.77
2014-08-20,2371.649,2375.475,2360.837,2366.14
2014-08-21,2365.727,2367.456,2333.295,2354.24
2014-08-22,2352.312,2368.453,2350.982,2365.36
2014-08-25,2367.016,2367.603,2338.452,2342.86
2014-08-26,2339.598,2350.389,2317.182,2324.09
2014-08-27,2323.785,2336.732,2322.88,2327.59
2014-08-28,2328.061,2336.365,2309.641,2311.28
2014-08-29,2317.307,2338.777,2313.265,2338.29
2014-09-01,2340.928,2355.555,2338.533,2355.32
2014-09-02,2359.862,2387.655,2349.949,2386.46
2014-09-03,2389.696,2414.262,2389.681,2408.84
2014-09-04,2411.93,2427.293,2404.078,2426.22
2014-09-05,2433.175,2450.635,2427.988,2449.26
2014-09-09,2452.223,2454.889,2437.074,2445.22
2014-09-10,2435.59,2437.078,2422.643,2432.43
2014-09-11,2430.674,2461.469,2417.265,2423.45
2014-09-12,2418.754,2438.36,2412.624,2438.36
2014-09-15,2433.002,2439.255,2418.96,2437.19
2014-09-16,2440.344,2442.929,2386.985,2388.77
2014-09-17,2395.365,2405.375,2379.095,2401.33
2014-09-18,2396.375,2414.942,2389.618,2408.66
2014-09-19,2409.312,2430.148,2402.312,2425.21
2014-09-22,2419.326,2419.326,2374.108,2378.92
2014-09-23,2379.519,2402.48,2379.519,2399.46
2014-09-24,2391.415,2443.974,2387.066,2441.86
2014-09-25,2453.428,2462.673,2429.592,2436.97
2014-09-26,2430.807,2439.648,2420.498,2437.2
2014-09-29,2443.911,2453.666,2435.612,2447.8
2014-09-30,2452.168,2454.887,2444.206,2450.99
2014-10-08,2460.867,2478.38,2445.265,2478.38
2014-10-09,2480.202,2488.118,2461.117,2481.96
2014-10-10,2472.097,2482.137,2457.685,2466.79
2014-10-13,2457.416,2460.393,2430.55,2454.95
2014-10-14,2451.092,2467.902,2436.334,2446.56
2014-10-15,2444.534,2465.494,2431.184,2463.87
2014-10-16,2448.973,2480.305,2441.827,2444.4
2014-10-17,2443.22,2456.103,2410.399,2441.73
2014-10-20,2448.452,2456.62,2441.895,2454.71
2014-10-21,2453.405,2459.254,2432.551,2433.39
2014-10-22,2434.885,2447.466,2417.561,2418.64
2014-10-23,2415.444,2424.666,2392.536,2395.94
2014-10-24,2397.852,2404.997,2385.729,2390.71
2014-10-27,2377.54,2377.54,2361.678,2368.83
2014-10-28,2373.152,2416.763,2373.152,2416.65
2014-10-29,2423.809,2461.264,2415.699,2451.38
2014-10-30,2450.366,2474.381,2443.764,2468.93
2014-10-31,2473.496,2512.184,2466.499,2508.32
2014-11-03,2515.826,2524.174,2502.062,2512.55
2014-11-04,2511.034,2517.458,2498.603,2513.17
2014-11-05,2516.872,2519.401,2499.23,2503.45
2014-11-06,2505.17,2510.988,2482.986,2506.07
2014-11-07,2508.762,2541.546,2489.416,2502.15
2014-11-10,2529.83,2565.73,2514.71,2565.73
2014-11-11,2578.436,2602.371,2532.57,2558.61
2014-11-12,2545.405,2594.32,2539.603,2594.32
2014-11-13,2597.389,2607.519,2567.463,2579.75
2014-11-14,2569.208,2581.929,2557.663,2581.09
2014-11-17,2613.512,2614.085,2565.942,2567.1
2014-11-18,2565.277,2570.215,2534.931,2541.42
2014-11-19,2538.23,2550.497,2531.315,2537.22
2014-11-20,2528.781,2545.474,2522.837,2537.1
2014-11-21,2537.543,2585.367,2530.037,2583.46
2014-11-24,2614.162,2667.673,2602.946,2649.26
2014-11-25,2650.084,2686.062,2643.842,2685.56
2014-11-26,2695.265,2723.362,2690.312,2723.02
2014-11-27,2737.03,2754.49,2718.704,2754.49
2014-11-28,2753.926,2809.544,2740.375,2808.82
2014-12-01,2825.609,2855.33,2808.651,2819.81
2014-12-02,2807.338,2944.506,2804.293,2923.94
2014-12-03,2936.125,3028.226,2912.247,2967.55
2014-12-04,2975.402,3104.889,2968.875,3104.35
2014-12-05,3143.973,3195.803,3011.941,3124.89
2014-12-08,3108.271,3270.88,3075.699,3252.88
2014-12-09,3233.094,3387.824,3074.513,3106.91
2014-12-10,3120.216,3229.051,3058.195,3221.55
2014-12-11,3185.159,3254.422,3158.441,3183.01
2014-12-12,3182.926,3239.45,3167.931,3193.23
2014-12-15,3176.831,3226.223,3143.299,3217.23
2014-12-16,3221.356,3303.4,3207.686,3303.4
2014-12-17,3325.822,3368.196,3275.738,3360.6
2014-12-18,3359.093,3393.714,3322.232,3345.93
2014-12-19,3345.632,3397.186,3280.919,3383.17
2014-12-22,3396.25,3455.206,3357.66,3394.48
2014-12-23,3358.794,3431.775,3316.909,3324.92
2014-12-24,3332.151,3340.362,3188.5,3230.39
2014-12-25,3254.481,3335.78,3226.323,3335.42
2014-12-26,3343.641,3453.339,3335.013,3445.84
2014-12-29,3502.188,3524.285,3405.841,3455.46
2014-12-30,3450.81,3491.822,3422.17,3457.55
2014-12-31,3462.394,3542.345,3452.503,3533.71
2015-01-05,3566.088,3669.041,3551.509,3641.54
2015-01-06,3608.429,3683.227,3587.232,3641.06
2015-01-07,3620.924,3671.19,3601.698,3643.79
2015-01-08,3650.074,3659.946,3552.101,3559.26
2015-01-09,3547.571,3689.75,3536.392,3546.72
2015-01-12,3531.519,3560.531,3461.326,3513.58
2015-01-13,3506.451,3550.158,3494.768,3514.04
2015-01-14,3522.904,3547.239,3471.557,3502.42
2015-01-15,3501.718,3604.12,3482.269,3604.12
2015-01-16,3616.252,3662.162,3601.262,3635.15
2015-01-19,3414.018,3497.257,3330.986,3355.16
2015-01-20,3336.791,3419.202,3325.679,3396.22
2015-01-21,3420.496,3557.799,3409.435,3548.89
2015-01-22,3551.049,3576.753,3520.05,3567.61
2015-01-23,3582.086,3627.804,3548.624,3571.73
2015-01-26,3580.123,3611.622,3559.381,3607.99
2015-01-27,3614.037,3616.257,3510.016,3574.93
2015-01-28,3547.236,3583.309,3512.39,3525.32
2015-01-29,3474.917,3505.584,3453.903,3481.8
2015-01-30,3496.885,3514.217,3431.936,3434.39
2015-02-02,3360.193,3407.256,3347.085,3353.96
2015-02-03,3388.607,3441.714,3360.722,3437.45
2015-02-04,3446.146,3476.819,3399.567,3401.77
2015-02-05,3487.955,3487.955,3366.866,3366.95
2015-02-06,3352.33,3374.051,3285.935,3312.42
2015-02-09,3305.733,3376.525,3298.596,3345.92
2015-02-10,3345.074,3407.177,3339.545,3406.94
2015-02-11,3415.973,3445.651,3412.132,3434.12
2015-02-12,3435.357,3453.578,3405.623,3442.87
2015-02-13,3458.829,3509.507,3452.081,3469.83
2015-02-16,3473.286,3504.472,3466.604,3499.48
2015-02-17,3511.542,3536.818,3511.091,3522.32
2015-02-25,3529.551,3529.551,3463.956,3478.73
2015-02-26,3473.718,3569.335,3456.876,3566.3
2015-02-27,3565.23,3594.81,3560.452,3572.84
2015-03-02,3603.457,3608.696,3566.532,3601.27
2015-03-03,3579.315,3579.315,3504.201,3507.9
2015-03-04,3514.665,3540.91,3497.17,3530.82
2015-03-05,3513.245,3517.079,3467.672,3496.34
2015-03-06,3501.184,3516.243,3472.392,3478.52
2015-03-09,3449.696,3546.705,3417.486,3537.75
2015-03-10,3523.639,3551.204,3511.984,3520.61
2015-03-11,3524.572,3568.913,3512.215,3524.65
2015-03-12,3557.682,3603.337,3536.53,3592.84
2015-03-13,3604.674,3641.395,3594.745,3617.66
2015-03-16,3641.772,3705.738,3621.118,3705.67
2015-03-17,3733.959,3762.573,3716.807,3757.12
2015-03-18,3769.091,3846.06,3763.853,3846.06
2015-03-19,3851.25,3859.127,3809.707,3839.74
2015-03-20,3852.488,3916.859,3832.412,3892.57
2015-03-23,3923.082,3972.295,3922.209,3972.06
2015-03-24,3980.07,3989.862,3883.786,3973.05
2015-03-25,3961.576,3980.714,3913.986,3940.41
2015-03-26,3921.746,3991.998,3892.879,3950.0
2015-03-27,3957.545,3993.035,3932.873,3971.7
2015-03-30,3999.026,4101.653,3999.026,4088.18
2015-03-31,4138.881,4166.014,4037.767,4051.2
2015-04-01,4057.506,4139.504,4046.944,4123.9
2015-04-02,4149.95,4156.846,4068.653,4124.78
2015-04-03,4104.674,4170.56,4092.385,4170.54
2015-04-07,4213.89,4260.467,4197.015,4260.04
2015-04-08,4277.447,4304.776,4204.823,4295.8
2015-04-09,4316.96,4332.168,4212.613,4262.14
2015-04-10,4249.387,4351.691,4231.2,4344.42
2015-04-13,4394.044,4432.021,4361.586,4421.07
2015-04-14,4432.122,4474.349,4385.904,4438.18
2015-04-15,4439.311,4475.994,4379.606,4380.51
2015-04-16,4355.495,4513.769,4335.634,4513.55
2015-04-17,4578.683,4630.274,4553.908,4596.14
2015-04-20,4615.035,4671.169,4492.601,4521.92
2015-04-21,4520.457,4620.054,4504.554,4619.16
2015-04-22,4637.051,4740.929,4632.585,4739.81
2015-04-23,4764.479,4782.042,4693.965,4740.89
2015-04-24,4682.625,4730.429,4618.317,4702.64
2015-04-27,4753.869,4810.483,4735.308,4807.59
2015-04-28,4811.318,4839.077,4703.566,4741.86
2015-04-29,4722.907,4797.931,4695.797,4774.33
2015-04-30,4788.416,4818.729,4749.489,4749.89
2015-05-04,4757.636,4795.914,4699.397,4787.74
2015-05-05,4785.195,4785.195,4572.986,4596.84
2015-05-06,4626.234,4700.912,4511.764,4553.33
2015-05-07,4520.819,4546.339,4467.46,4470.09
2015-05-08,4515.55,4559.054,4445.588,4558.4
2015-05-11,4582.089,4690.952,4535.147,4690.53
2015-05-12,4692.121,4748.003,4660.015,4747.42
2015-05-13,4746.717,4758.006,4678.849,4718.44
2015-05-14,4717.957,4735.286,4670.17,4700.78
2015-05-15,4690.756,4690.756,4592.05,4617.47
2015-05-18,4582.059,4623.383,4565.061,4575.14
2015-05-19,4577.635,4740.003,4577.635,4731.22
2015-05-20,4751.573,4843.101,4745.211,4754.92
2015-05-21,4768.693,4841.619,4746.033,4840.98
2015-05-22,4895.929,4951.995,4870.603,4951.34
2015-05-25,4949.115,5099.844,4949.115,5099.5
2015-05-26,5140.8,5199.297,5063.148,5198.92
2015-05-27,5216.166,5226.84,5126.857,5181.43
2015-05-28,5174.104,5213.186,4831.332,4834.01
2015-05-29,4839.531,4924.304,4665.522,4840.83
2015-06-01,4862.757,5079.32,4835.775,5076.18
2015-06-02,5091.272,5162.556,5047.081,5161.87
2015-06-03,5176.597,5186.967,5059.495,5143.59
2015-06-04,5156.016,5194.237,4863.468,5181.42
2015-06-05,5254.903,5288.338,5104.176,5230.55
2015-06-08,5259.407,5370.608,5202.594,5353.75
2015-06-09,5379.469,5380.425,5251.207,5317.46
2015-06-10,5254.302,5374.828,5209.678,5309.11
2015-06-11,5305.14,5329.295,5248.162,5306.59
2015-06-12,5329.283,5351.653,5283.091,5335.12
2015-06-15,5354.017,5362.455,5207.312,5221.17
2015-06-16,5165.023,5204.302,5015.263,5064.82
2015-06-17,5072.306,5158.366,4949.293,5138.83
2015-06-18,5107.696,5121.219,4926.43,4930.55
2015-06-19,4847.054,4910.448,4634.689,4637.05
2015-06-23,4641.424,4786.954,4455.329,4786.09
2015-06-24,4811.599,4883.736,4744.309,4880.13
2015-06-25,4906.246,4919.268,4667.228,4706.52
2015-06-26,4573.867,4650.181,4278.67,4336.19
2015-06-29,4446.843,4451.167,4000.927,4191.55
2015-06-30,4161.069,4475.77,4016.015,4473.0
2015-07-01,4408.984,4526.126,4235.696,4253.02
2015-07-02,4287.738,4312.194,4000.065,4108.0
2015-07-03,4017.205,4164.632,3785.905,3885.92
2015-07-06,4218.269,4218.269,3832.47,3998.54
2015-07-07,3877.851,3960.634,3743.621,3928.0
2015-07-08,3651.063,3762.625,3612.256,3663.04
2015-07-09,3621.684,3930.268,3537.829,3897.63
2015-07-10,3916.275,4179.115,3887.555,4106.56
2015-07-13,4132.23,4278.16,4072.428,4211.81
2015-07-14,4178.631,4258.515,4062.502,4112.15
2015-07-15,4068.882,4114.244,3899.509,3966.76
2015-07-16,3949.643,4067.027,3856.326,3997.36
2015-07-17,4023.761,4190.19,4000.235,4151.5
2015-07-20,4157.058,4221.691,4106.387,4160.61
2015-07-21,4109.765,4201.487,4081.708,4166.01
2015-07-22,4148.56,4187.43,4094.711,4157.16
2015-07-23,4158.937,4262.067,4148.828,4250.81
2015-07-24,4255.199,4299.651,4154.618,4176.28
2015-07-27,4097.795,4156.311,3817.168,3818.73
2015-07-28,3690.972,3883.444,3627.419,3811.09
2015-07-29,3839.959,3934.004,3769.19,3930.38
2015-07-30,3915.778,3968.532,3802.88,3815.41
2015-07-31,3777.155,3863.624,3757.99,3816.7
2015-08-03,3766.076,3829.24,3742.582,3829.24
2015-08-04,3827.377,3948.453,3801.032,3948.16
2015-08-05,3937.623,3962.278,3858.66,3866.9
2015-08-06,3802.926,3888.691,3793.235,3831.85
2015-08-07,3866.425,3926.644,3857.903,3906.94
2015-08-10,3947.468,4101.727,3932.837,4084.36
2015-08-11,4083.589,4110.133,4042.004,4066.67
2015-08-12,4025.677,4078.034,4015.359,4016.13
2015-08-13,4010.01,4075.698,3967.818,4075.46
2015-08-14,4097.918,4113.159,4056.727,4073.54
2015-08-17,4058.111,4081.77,4009.988,4077.87
2015-08-18,4084.309,4103.051,3816.551,3825.41
2015-08-19,3748.27,3898.744,3668.196,3886.14
2015-08-20,3848.399,3880.82,3761.45,3761.45
2015-08-21,3714.293,3757.784,3578.179,3589.54
2015-08-24,3454.593,3468.145,3266.546,3275.53
2015-08-25,3070.01,3200.112,3019.559,3042.93
2015-08-26,3062.564,3192.929,2952.006,3025.69
2015-08-27,3092.814,3206.726,3028.4,3205.64
2015-08-28,3246.24,3353.247,3223.626,3342.29
2015-08-31,3307.4,3368.283,3205.541,3366.54
2015-09-01,3296.526,3370.501,3190.576,3362.08
2015-09-02,3220.849,3387.019,3213.635,3365.83
2015-09-07,3347.299,3422.23,3240.248,3250.49
2015-09-08,3221.786,3340.216,3170.804,3334.02
2015-09-09,3344.828,3426.656,3330.294,3399.31
2015-09-10,3349.28,3398.315,3337.31,3357.56
2015-09-11,3349.879,3383.136,3315.48,3347.19
2015-09-14,3367.64,3373.919,3187.564,3281.13
2015-09-15,3208.742,3240.077,3131.978,3152.23
2015-09-16,3149.159,3345.919,3131.372,3309.25
2015-09-17,3287.658,3354.907,3237.0,3237.0
2015-09-18,3254.44,3280.874,3227.831,3251.27
2015-09-21,3222.606,3312.553,3211.937,3308.25
2015-09-22,3312.366,3371.414,3303.184,3339.03
2015-09-23,3290.074,3315.938,3253.335,3263.03
2015-09-24,3278.897,3300.858,3255.903,3285.0
2015-09-25,3272.664,3290.857,3201.912,3231.95
2015-09-28,3226.605,3246.552,3186.504,3242.75
2015-09-29,3197.217,3208.412,3159.038,3178.85
2015-09-30,3195.904,3223.91,3186.77,3202.95
2015-10-08,3324.979,3337.329,3294.603,3296.48
2015-10-09,3302.364,3352.383,3293.969,3340.12
2015-10-12,3351.136,3486.627,3347.248,3447.69
2015-10-13,3422.474,3452.042,3413.964,3445.04
2015-10-14,3431.134,3458.7,3403.229,3406.11
2015-10-15,3403.394,3486.82,3402.321,3486.82
2015-10-16,3508.522,3537.544,3487.109,3534.07
2015-10-19,3548.95,3572.992,3502.502,3534.18
2015-10-20,3527.872,3577.796,3510.434,3577.7
2015-10-21,3580.833,3601.239,3417.408,3473.25
2015-10-22,3453.197,3530.762,3442.303,3524.53
2015-10-23,3536.841,3581.835,3515.82,3571.24
2015-10-26,3614.701,3620.755,3561.191,3589.26
2015-10-27,3569.449,3601.053,3486.102,3592.88
2015-10-28,3575.805,3598.172,3517.21,3524.92
2015-10-29,3539.981,3561.818,3507.969,3533.31
2015-10-30,3530.225,3574.475,3497.569,3534.08
2015-11-02,3489.223,3543.448,3474.709,3475.96
2015-11-03,3484.719,3501.701,3452.618,3465.49
2015-11-04,3477.162,3628.54,3477.162,3628.54
2015-11-05,3630.782,3781.409,3627.301,3705.97
2015-11-06,3698.338,3801.701,3694.653,3793.37
2015-11-09,3796.375,3891.769,3796.375,3840.35
2015-11-10,3806.67,3876.492,3798.824,3833.24
2015-11-11,3828.452,3843.116,3781.414,3833.65
2015-11-12,3841.733,3843.896,3771.27,3795.32
2015-11-13,3756.202,3793.711,3727.583,3746.24
2015-11-16,3682.739,3764.412,3680.077,3764.13
2015-11-17,3790.429,3852.778,3750.16,3758.39
2015-11-18,3760.456,3771.847,3706.311,3715.58
2015-11-19,3725.623,3775.233,3714.676,3774.97
2015-11-20,3778.881,3793.541,3757.023,3774.38
2015-11-23,3774.441,3802.856,3743.41,3753.34
2015-11-24,3745.762,3754.17,3702.738,3753.89
2015-11-25,3747.763,3781.86,3735.719,3781.61
2015-11-26,3795.247,3805.845,3756.825,3759.43
2015-11-27,3739.093,3742.739,3534.388,3556.99
2015-11-30,3554.888,3587.968,3455.066,3566.41
2015-12-01,3562.322,3617.309,3536.119,3591.7
2015-12-02,3587.753,3725.85,3573.398,3721.95
2015-12-03,3709.548,3758.447,3693.138,3749.3
2015-12-04,3719.732,3726.121,3667.289,3677.59
2015-12-07,3681.584,3699.34,3658.581,3687.61
2015-12-08,3668.838,3668.838,3619.445,3623.02
2015-12-09,3613.422,3655.16,3611.492,3635.94
2015-12-10,3634.362,3678.314,3615.987,3623.08
2015-12-11,3605.374,3630.745,3578.148,3608.06
2015-12-14,3573.882,3712.501,3570.996,3711.32
2015-12-15,3707.732,3717.359,3679.231,3694.39
2015-12-16,3703.95,3713.09,3677.45,3685.44
2015-12-17,3712.785,3768.845,3709.853,3755.89
2015-12-18,3754.957,3810.215,3750.922,3767.91
2015-12-21,3762.102,3877.825,3759.994,3865.97
2015-12-22,3872.095,3880.465,3841.59,3876.73
2015-12-23,3877.871,3926.684,3862.963,3866.38
2015-12-24,3858.132,3867.676,3787.081,3829.4
2015-12-25,3832.084,3848.024,3813.203,3838.2
2015-12-28,3847.531,3853.387,3727.63,3727.63
2015-12-29,3723.045,3762.047,3710.476,3761.87
2015-12-30,3762.919,3765.662,3726.283,3765.18
2015-12-31,3760.899,3772.612,3727.32,3731.0
2016-01-04,3725.86,3726.249,3468.952,3469.07
2016-01-05,3382.177,3518.217,3377.28,3478.78
2016-01-06,3482.408,3543.741,3468.469,3539.81
2016-01-07,3481.146,3481.146,3284.733,3294.38
2016-01-08,3371.868,3418.848,3237.928,3361.56
2016-01-11,3303.125,3342.481,3192.45,3192.45
2016-01-12,3214.823,3242.253,3174.55,3215.71
2016-01-13,3240.485,3257.297,3155.88,3155.88
2016-01-14,3076.643,3226.656,3072.037,3221.57
2016-01-15,3200.888,3216.798,3101.052,3118.73
2016-01-18,3068.236,3165.618,3066.728,3130.73
2016-01-19,3132.709,3227.913,3119.221,3223.13
2016-01-20,3204.22,3225.951,3154.428,3174.38
2016-01-21,3136.389,3202.543,3081.35,3081.35
2016-01-22,3114.892,3132.168,3053.956,3113.46
2016-01-25,3129.032,3149.336,3105.104,3128.89
2016-01-26,3099.598,3106.532,2934.649,2940.51
2016-01-27,2953.181,2963.542,2839.288,2930.35
2016-01-28,2909.338,2941.89,2841.848,2853.76
2016-01-29,2855.598,2965.309,2854.371,2946.09
2016-02-01,2939.042,2944.52,2869.564,2901.05
2016-02-02,2901.525,2972.422,2901.508,2961.33
2016-02-03,2931.29,2954.711,2909.9,2948.64
2016-02-04,2960.334,2999.206,2960.207,2984.76
2016-02-05,2982.057,2988.36,2962.848,2963.79
2016-02-15,2888.431,2961.496,2886.022,2946.71
2016-02-16,2962.192,3042.093,2962.192,3037.04
2016-02-17,3034.09,3065.785,3027.046,3063.32
2016-02-18,3079.529,3093.514,3049.842,3053.7
2016-02-19,3047.947,3065.973,3032.639,3051.59
2016-02-22,3083.935,3128.209,3071.332,3118.87
2016-02-23,3117.2,3119.218,3061.426,3089.36
2016-02-24,3077.611,3109.55,3055.256,3109.55
2016-02-25,3104.41,3104.436,2905.456,2918.75
2016-02-26,2942.095,2964.385,2902.948,2948.03
2016-02-29,2939.584,2939.878,2821.218,2877.47
2016-03-01,2881.332,2950.432,2863.319,2930.69
2016-03-02,2933.918,3054.721,2933.114,3051.33
2016-03-03,3050.387,3078.442,3040.244,3058.42
2016-03-04,3047.538,3101.656,3032.424,3093.89
2016-03-07,3109.0,3130.904,3083.585,3104.84
2016-03-08,3100.146,3109.247,3001.826,3107.67
2016-03-09,3045.927,3072.919,3020.136,3071.91
2016-03-10,3056.215,3074.164,3012.695,3013.15
2016-03-11,2990.209,3026.432,2982.168,3018.28
2016-03-14,3039.568,3106.8,3033.999,3065.69
2016-03-15,3061.343,3077.085,3028.578,3074.78
2016-03-16,3068.864,3100.349,3064.518,3090.03
2016-03-17,3096.804,3147.837,3077.568,3124.2
2016-03-18,3136.22,3197.665,3130.099,3171.96
2016-03-21,3203.296,3267.778,3198.364,3249.44
2016-03-22,3231.614,3249.677,3218.727,3225.79
2016-03-23,3217.726,3242.244,3202.974,3236.09
2016-03-24,3211.495,3221.905,3181.812,3181.85
2016-03-25,3176.813,3204.445,3174.321,3197.82
2016-03-28,3206.955,3229.625,3161.88,3169.73
2016-03-29,3171.314,3178.075,3122.761,3135.41
2016-03-30,3161.293,3216.68,3161.293,3216.28
2016-03-31,3229.202,3241.929,3208.667,3218.09
2016-04-01,3213.669,3222.607,3165.851,3221.89
2016-04-05,3211.309,3271.934,3205.211,3264.49
2016-04-06,3250.524,3267.642,3236.199,3257.53
2016-04-07,3266.288,3270.82,3208.644,3209.29
2016-04-08,3189.85,3197.778,3163.309,3185.73
2016-04-11,3213.511,3251.576,3213.511,3230.1
2016-04-12,3227.368,3232.264,3198.903,3218.45
2016-04-13,3237.854,3296.519,3237.854,3261.38
2016-04-14,3277.096,3286.07,3252.048,3275.83
2016-04-15,3279.861,3282.989,3261.734,3272.21
2016-04-18,3252.667,3252.667,3221.659,3228.45
2016-04-19,3243.968,3250.723,3221.575,3238.3
2016-04-20,3244.146,3248.425,3107.373,3181.03
2016-04-21,3160.793,3198.554,3150.936,3160.6
2016-04-22,3142.56,3175.379,3137.991,3174.9
2016-04-25,3164.735,3172.266,3137.11,3162.03
2016-04-26,3159.77,3181.095,3150.404,3179.16
2016-04-27,3181.935,3188.831,3162.696,3165.92
2016-04-28,3169.332,3174.765,3135.642,3160.58
2016-04-29,3153.542,3171.294,3149.402,3156.75
2016-05-03,3159.823,3218.485,3151.405,3213.54
2016-05-04,3203.464,3222.88,3198.291,3209.46
2016-05-05,3204.168,3217.282,3196.566,3213.92
2016-05-06,3213.131,3216.888,3130.142,3130.35
2016-05-09,3115.435,3115.435,3055.01,3065.62
2016-05-10,3055.21,3084.722,3055.181,3069.11
2016-05-11,3080.637,3102.878,3063.09,3082.81
2016-05-12,3059.386,3095.352,3035.025,3090.14
2016-05-13,3081.685,3103.1,3064.696,3074.94
2016-05-16,3064.528,3095.557,3053.664,3095.31
2016-05-17,3095.518,3105.196,3073.454,3086.02
2016-05-18,3071.533,3072.616,3039.466,3068.04
2016-05-19,3060.342,3086.977,3058.145,3062.5
2016-05-20,3047.779,3078.533,3041.518,3078.22
2016-05-23,3078.513,3098.476,3076.501,3087.22
2016-05-24,3083.249,3083.262,3052.595,3063.56
2016-05-25,3079.753,3089.106,3054.874,3059.23
2016-05-26,3056.599,3072.523,3027.443,3064.21
2016-05-27,3059.733,3073.757,3052.18,3062.5
2016-05-30,3056.314,3075.262,3037.665,3066.71
2016-05-31,3068.597,3170.926,3068.597,3169.56
2016-06-01,3172.965,3181.796,3159.82,3160.55
2016-06-02,3158.026,3168.824,3151.066,3167.1
2016-06-03,3172.95,3201.754,3162.092,3189.33
2016-06-06,3192.781,3197.222,3168.556,3178.79
2016-06-07,3182.434,3186.613,3168.176,3177.05
2016-06-08,3171.817,3174.975,3148.355,3163.99
2016-06-13,3134.044,3145.604,3065.766,3066.34
2016-06-14,3058.44,3078.746,3055.652,3075.98
2016-06-15,3043.96,3128.675,3042.235,3116.37
2016-06-16,3104.357,3112.471,3089.473,3094.67
2016-06-17,3096.093,3131.052,3096.093,3110.36
2016-06-20,3114.902,3118.721,3089.708,3112.67
2016-06-21,3124.901,3155.495,3097.943,3106.32
2016-06-22,3100.448,3134.06,3096.991,3133.96
2016-06-23,3129.724,3129.724,3102.484,3117.32
2016-06-24,3110.651,3130.544,3033.969,3077.16
2016-06-27,3065.124,3120.636,3064.962,3120.54
2016-06-28,3107.397,3139.429,3099.7,3136.4
2016-06-29,3142.484,3158.076,3139.133,3151.39
2016-06-30,3152.832,3163.719,3148.198,3153.92
2016-07-01,3156.932,3170.258,3148.295,3154.2
2016-07-04,3136.389,3210.605,3134.027,3204.7
2016-07-05,3199.154,3216.7,3197.993,3207.38
2016-07-06,3197.621,3217.512,3183.448,3216.8
2016-07-07,3206.546,3220.536,3190.119,3209.95
2016-07-08,3199.754,3204.928,3183.959,3192.28
2016-07-11,3199.039,3235.962,3197.626,3203.33
2016-07-12,3201.904,3273.471,3200.301,3273.18
2016-07-13,3274.022,3300.993,3271.777,3282.87
2016-07-14,3277.478,3281.947,3259.062,3276.76
2016-07-15,3278.838,3285.028,3265.293,3276.28
2016-07-18,3269.706,3281.635,3251.764,3262.02
2016-07-19,3260.431,3264.726,3226.195,3248.23
2016-07-20,3246.867,3254.512,3232.262,3237.61
2016-07-21,3238.334,3271.371,3238.301,3252.52
2016-07-22,3251.24,3253.767,3220.892,3225.16
2016-07-25,3220.171,3243.795,3218.147,3230.89
2016-07-26,3228.236,3269.748,3228.009,3269.59
2016-07-27,3270.081,3276.508,3157.406,3218.24
2016-07-28,3204.468,3235.785,3195.273,3221.14
2016-07-29,3217.192,3225.418,3198.683,3203.93
2016-08-01,3196.426,3199.976,3156.75,3176.81
2016-08-02,3173.755,3189.05,3165.539,3189.05
2016-08-03,3179.687,3197.16,3173.538,3193.51
2016-08-04,3190.547,3201.555,3170.42,3201.29
2016-08-05,3201.354,3224.873,3192.861,3205.11
2016-08-08,3199.569,3234.476,3187.249,3234.18
2016-08-09,3232.602,3257.332,3229.173,3256.98
2016-08-10,3255.181,3261.86,3242.75,3243.34
2016-08-11,3239.558,3274.026,3232.612,3233.36
2016-08-12,3231.803,3294.23,3231.133,3294.23
2016-08-15,3303.465,3417.911,3302.374,3393.42
2016-08-16,3403.389,3418.693,3372.026,3378.25
2016-08-17,3377.774,3394.391,3356.927,3373.05
2016-08-18,3369.952,3394.796,3349.693,3364.49
2016-08-19,3358.555,3374.045,3341.192,3365.02
2016-08-22,3364.676,3372.828,3335.465,3336.79
2016-08-23,3332.621,3359.648,3324.961,3341.83
2016-08-24,3341.927,3348.126,3323.722,3329.86
2016-08-25,3314.082,3315.079,3279.804,3308.97
2016-08-26,3312.499,3328.945,3301.736,3307.09
2016-08-29,3306.574,3315.078,3297.069,3307.78
2016-08-30,3310.322,3325.125,3304.599,3311.99
2016-08-31,3310.562,3333.969,3304.652,3327.79
2016-09-01,3326.742,3329.349,3301.216,3301.58
2016-09-02,3298.717,3320.421,3295.751,3314.11
2016-09-05,3321.005,3338.419,3314.629,3319.68
2016-09-06,3322.022,3347.955,3300.13,3342.63
2016-09-07,3344.069,3357.36,3337.754,3340.82
2016-09-08,3338.004,3343.391,3328.222,3339.56
2016-09-09,3339.369,3344.947,3318.04,3318.04
2016-09-12,3271.866,3276.712,3234.569,3262.6
2016-09-13,3265.334,3269.22,3246.383,3260.33
2016-09-14,3245.737,3254.995,3231.336,3238.73
2016-09-19,3242.739,3264.895,3242.739,3263.12
2016-09-20,3264.662,3265.032,3252.385,3257.4
2016-09-21,3257.713,3270.906,3254.325,3266.64
2016-09-22,3281.471,3303.198,3277.978,3291.12
2016-09-23,3292.282,3293.92,3275.028,3275.67
2016-09-26,3267.687,3267.687,3220.28,3220.28
2016-09-27,3214.866,3240.771,3214.437,3240.75
2016-09-28,3243.646,3243.646,3227.996,3230.89
2016-09-29,3234.86,3257.769,3234.806,3244.39
2016-09-30,3240.173,3260.936,3239.032,3253.28
2016-10-10,3265.366,3294.642,3258.96,3293.87
2016-10-11,3296.87,3308.007,3292.88,3306.56
2016-10-12,3299.139,3302.561,3289.753,3300.01
2016-10-13,3299.16,3307.414,3292.402,3302.65
2016-10-14,3298.736,3306.688,3285.731,3305.85
2016-10-17,3305.965,3309.011,3271.543,3277.88
2016-10-18,3272.679,3321.33,3272.679,3321.33
2016-10-19,3323.303,3332.519,3309.831,3316.24
2016-10-20,3317.175,3324.899,3312.17,3318.6
2016-10-21,3315.716,3341.56,3309.179,3327.74
2016-10-24,3332.515,3382.828,3330.97,3367.58
2016-10-25,3367.47,3373.909,3356.581,3367.45
2016-10-26,3365.197,3367.831,3349.574,3354.8
2016-10-27,3351.465,3352.359,3335.138,3345.7
2016-10-28,3347.147,3370.752,3337.292,3340.13
2016-10-31,3332.408,3340.472,3317.33,3336.28
2016-11-01,3338.709,3359.393,3334.455,3359.05
2016-11-02,3350.708,3356.395,3331.382,3333.35
2016-11-03,3326.909,3379.994,3324.843,3365.09
2016-11-04,3362.2,3377.634,3348.421,3354.17
2016-11-07,3353.443,3362.74,3342.311,3356.59
2016-11-08,3367.7,3383.92,3361.132,3371.12
2016-11-09,3370.595,3373.091,3322.075,3353.05
2016-11-10,3374.904,3403.014,3374.904,3390.61
2016-11-11,3387.947,3422.67,3382.891,3417.22
2016-11-14,3409.226,3452.618,3408.141,3430.25
2016-11-15,3428.867,3434.922,3415.995,3429.87
2016-11-16,3432.431,3435.634,3419.241,3429.59
2016-11-17,3423.471,3437.674,3412.882,3436.54
2016-11-18,3437.494,3443.123,3413.274,3417.46
2016-11-21,3412.652,3463.142,3412.08,3441.11
2016-11-22,3443.217,3469.215,3443.217,3468.36
2016-11-23,3473.896,3492.957,3465.765,3474.73
2016-11-24,3468.807,3508.165,3467.011,3488.74
2016-11-25,3490.042,3521.305,3463.949,3521.3
2016-11-28,3538.675,3553.36,3528.319,3535.08
2016-11-29,3525.901,3583.718,3521.378,3564.04
2016-11-30,3557.635,3567.068,3527.022,3538.0
2016-12-01,3543.959,3575.974,3543.249,3565.04
2016-12-02,3559.766,3562.545,3516.784,3528.95
2016-12-05,3473.69,3496.886,3457.346,3469.41
2016-12-06,3466.238,3477.587,3456.803,3459.15
2016-12-07,3458.371,3475.75,3445.759,3475.75
2016-12-08,3481.804,3484.338,3466.509,3470.14
2016-12-09,3464.873,3507.927,3461.761,3493.7
2016-12-12,3489.269,3495.803,3400.794,3409.18
2016-12-13,3394.212,3416.219,3370.6,3405.04
2016-12-14,3399.416,3412.284,3378.27,3378.95
2016-12-15,3363.856,3378.033,3327.139,3340.43
2016-12-16,3335.362,3356.291,3330.492,3346.03
2016-12-19,3342.342,3344.856,3324.996,3328.98
2016-12-20,3328.295,3329.098,3289.264,3309.06
2016-12-21,3313.749,3342.48,3313.749,3338.54
2016-12-22,3335.12,3340.361,3322.718,3335.67
2016-12-23,3333.402,3334.895,3300.885,3307.6
2016-12-26,3293.223,3322.421,3267.048,3322.4
2016-12-27,3319.211,3330.237,3315.836,3316.39
2016-12-28,3315.754,3320.548,3293.175,3301.89
2016-12-29,3297.031,3312.108,3288.091,3297.76
2016-12-30,3302.598,3313.549,3295.751,3310.08
2017-01-03,3313.956,3345.266,3313.956,3342.23
2017-01-04,3340.556,3369.564,3338.151,3368.31
2017-01-05,3368.341,3373.413,3361.463,3367.79
2017-01-06,3366.856,3368.874,3346.895,3347.67
2017-01-09,3345.747,3366.22,3344.346,3363.9
2017-01-10,3361.638,3370.503,3354.086,3358.27
2017-01-11,3355.805,3366.636,3334.302,3334.5
2017-01-12,3332.682,3343.124,3315.959,3317.62
2017-01-13,3317.96,3338.172,3309.372,3319.91
2017-01-16,3314.155,3322.786,3264.212,3319.45
2017-01-17,3305.604,3327.38,3292.208,3326.36
2017-01-18,3323.344,3350.967,3320.411,3339.37
2017-01-19,3330.953,3346.497,3324.685,3329.29
2017-01-20,3326.978,3358.413,3326.375,3354.89
2017-01-23,3359.054,3378.738,3355.847,3364.08
2017-01-24,3363.137,3371.319,3355.898,3364.45
2017-01-25,3361.652,3376.437,3357.214,3375.9
2017-01-26,3378.26,3395.884,3378.26,3387.96
2017-02-03,3390.929,3392.475,3362.563,3364.49
2017-02-06,3368.113,3381.34,3358.756,3373.21
2017-02-07,3371.764,3376.705,3354.62,3365.68
2017-02-08,3361.783,3383.688,3347.432,3383.29
2017-02-09,3381.897,3406.587,3379.785,3396.29
2017-02-10,3398.32,3422.329,3398.033,3413.49
2017-02-13,3416.922,3439.548,3416.88,3436.28
2017-02-14,3438.507,3440.671,3424.399,3435.8
2017-02-15,3435.385,3448.029,3417.078,3421.71
2017-02-16,3421.827,3440.93,3418.348,3440.93
2017-02-17,3443.615,3457.554,3419.613,3421.44
2017-02-20,3421.641,3472.601,3421.641,3471.39
2017-02-21,3475.056,3490.083,3472.014,3482.82
2017-02-22,3483.204,3489.949,3473.527,3489.76
2017-02-23,3487.571,3492.958,3460.115,3473.32
2017-02-24,3468.957,3473.85,3455.25,3473.85
2017-02-27,3471.129,3472.833,3441.391,3446.22
2017-02-28,3445.027,3460.909,3441.359,3452.81
2017-03-01,3452.208,3472.699,3449.111,3458.44
2017-03-02,3463.487,3468.475,3434.005,3435.1
2017-03-03,3424.66,3428.88,3412.829,3427.86
2017-03-06,3427.249,3449.03,3425.9,3446.48
2017-03-07,3446.166,3454.042,3440.061,3453.96
2017-03-08,3452.199,3457.034,3441.256,3448.73
2017-03-09,3442.891,3443.042,3414.674,3426.94
2017-03-10,3423.976,3436.237,3423.935,3427.89
2017-03-13,3425.674,3458.1,3412.69,3458.1
2017-03-14,3456.655,3465.388,3448.9,3456.69
2017-03-15,3452.21,3463.915,3445.264,3463.64
2017-03-16,3472.273,3492.13,3472.273,3481.51
2017-03-17,3485.316,3488.502,3441.473,3445.81
2017-03-20,3449.049,3454.06,3429.823,3449.61
2017-03-21,3449.773,3466.706,3445.645,3466.35
2017-03-22,3450.754,3464.333,3433.499,3450.05
2017-03-23,3452.407,3470.818,3435.693,3461.98
2017-03-24,3464.197,3499.318,3461.111,3489.6
2017-03-27,3488.766,3505.981,3474.522,3478.04
2017-03-28,3480.25,3482.293,3461.468,3469.81
2017-03-29,3472.963,3483.054,3455.55,3465.19
2017-03-30,3461.618,3467.307,3422.368,3436.76
2017-03-31,3434.827,3456.31,3430.824,3456.05
2017-04-05,3476.42,3504.534,3475.145,3503.89
2017-04-06,3507.991,3517.781,3495.728,3514.05
2017-04-07,3514.449,3526.811,3506.385,3517.46
2017-04-10,3519.461,3522.796,3502.083,3505.14
2017-04-11,3503.831,3520.134,3466.141,3517.33
2017-04-12,3514.574,3523.099,3498.0,3509.44
2017-04-13,3500.288,3518.442,3496.574,3514.57
2017-04-14,3516.806,3517.462,3476.943,3486.5
2017-04-17,3475.736,3480.568,3453.674,3479.94
2017-04-18,3474.886,3489.081,3462.627,3462.74
2017-04-19,3452.994,3459.356,3418.518,3445.88
2017-04-20,3444.524,3465.611,3440.717,3461.55
2017-04-21,3461.393,3475.566,3449.546,3466.79
2017-04-24,3458.229,3458.229,3403.981,3431.26
2017-04-25,3427.728,3449.667,3422.648,3440.97
2017-04-26,3440.249,3466.562,3439.147,3445.18
2017-04-27,3435.101,3449.272,3399.539,3446.72
2017-04-28,3439.571,3439.901,3417.234,3439.75
2017-05-02,3427.92,3436.31,3418.669,3426.58
2017-05-03,3421.76,3432.227,3403.08,3413.13
2017-05-04,3404.941,3421.399,3391.281,3404.39
2017-05-05,3393.483,3395.453,3366.557,3382.55
2017-05-08,3369.106,3374.155,3339.572,3358.81
2017-05-09,3342.596,3358.044,3327.588,3352.53
2017-05-10,3350.649,3369.434,3336.002,3337.7
2017-05-11,3322.949,3359.604,3312.896,3356.65
2017-05-12,3350.938,3387.269,3349.168,3385.38
2017-05-15,3391.584,3406.577,3391.584,3399.19
2017-05-16,3390.926,3428.854,3373.553,3428.65
2017-05-17,3423.194,3433.974,3408.158,3409.97
2017-05-18,3387.663,3409.929,3383.932,3398.11
2017-05-19,3395.233,3405.946,3392.378,3403.85
2017-05-22,3400.59,3424.179,3391.176,3411.24
2017-05-23,3405.021,3434.762,3401.53,3424.19
2017-05-24,3409.72,3424.17,3383.895,3424.17
2017-05-25,3414.401,3490.42,3413.226,3485.66
2017-05-26,3479.616,3498.31,3473.035,3480.43
2017-05-31,3495.068,3515.077,3474.917,3492.88
2017-06-01,3485.224,3499.816,3476.43,3497.74
2017-06-02,3491.592,3498.122,3470.204,3486.51
2017-06-05,3480.165,3484.121,3462.311,3468.75
2017-06-06,3464.375,3492.88,3460.452,3492.88
2017-06-07,3493.883,3537.093,3491.131,3533.87
2017-06-08,3531.243,3562.274,3528.18,3560.98
2017-06-09,3561.241,3590.887,3560.633,3576.17
2017-06-12,3570.22,3603.691,3565.902,3574.39
2017-06-13,3569.162,3584.412,3559.216,3582.27
2017-06-14,3571.25,3571.25,3530.275,3535.3
2017-06-15,3530.744,3542.277,3508.944,3528.79
2017-06-16,3522.973,3536.139,3514.388,3518.76
2017-06-19,3520.065,3554.915,3520.065,3553.67
2017-06-20,3560.783,3563.692,3539.511,3546.49
2017-06-21,3567.13,3587.991,3545.571,3587.96
2017-06-22,3583.556,3635.525,3581.335,3590.34
2017-06-23,3583.433,3623.232,3569.319,3622.88
2017-06-26,3627.019,3671.942,3627.019,3668.09
2017-06-27,3665.582,3676.538,3648.768,3674.72
2017-06-28,3664.166,3672.192,3644.03,3646.17
2017-06-29,3649.255,3669.137,3644.735,3668.83
2017-06-30,3654.737,3669.761,3646.229,3666.8
2017-07-03,3667.236,3667.6,3633.786,3650.85
2017-07-04,3646.824,3646.841,3611.687,3619.98
2017-07-05,3611.899,3660.729,3610.459,3659.68
2017-07-06,3654.561,3666.778,3629.563,3660.1
2017-07-07,3647.642,3657.114,3631.871,3655.93
2017-07-10,3647.941,3667.849,3641.531,3653.69
2017-07-11,3646.88,3701.21,3645.996,3670.81
2017-07-12,3672.629,3691.578,3640.586,3658.82
2017-07-13,3656.35,3690.483,3652.565,3686.92
2017-07-14,3682.611,3703.09,3672.739,3703.09
2017-07-17,3700.62,3716.472,3621.368,3663.56
2017-07-18,3648.493,3667.54,3622.041,3667.18
2017-07-19,3660.87,3731.05,3658.207,3729.75
2017-07-20,3725.139,3750.19,3723.065,3747.88
2017-07-21,3738.187,3751.697,3722.068,3728.6
2017-07-24,3724.379,3755.192,3719.85,3743.47
2017-07-25,3742.642,3752.157,3713.278,3719.56
2017-07-26,3722.878,3738.533,3684.183,3705.39
2017-07-27,3700.851,3716.684,3672.492,3712.19
2017-07-28,3703.488,3725.536,3696.776,3721.89
2017-07-31,3722.425,3746.518,3713.652,3737.87
2017-08-01,3738.733,3770.401,3737.093,3770.38
2017-08-02,3768.191,3784.349,3759.274,3760.85
2017-08-03,3755.112,3766.349,3718.439,3727.83
2017-08-04,3724.723,3738.732,3707.003,3707.58
2017-08-07,3701.211,3730.772,3689.95,3726.79
2017-08-08,3724.326,3737.331,3718.809,3732.21
2017-08-09,3728.028,3738.995,3713.563,3731.04
2017-08-10,3724.961,3746.861,3688.176,3715.92
2017-08-11,3687.931,3700.494,3645.094,3647.35
2017-08-14,3651.372,3698.363,3651.372,3694.68
2017-08-15,3695.783,3719.297,3692.284,3706.06
2017-08-16,3701.133,3707.143,3679.733,3701.42
2017-08-17,3707.07,3722.627,3704.416,3721.28
2017-08-18,3707.184,3733.487,3700.406,3724.67
2017-08-21,3731.836,3744.259,3728.612,3740.99
2017-08-22,3745.756,3758.295,3734.558,3752.3
2017-08-23,3747.612,3772.458,3741.722,3756.09
2017-08-24,3755.894,3765.712,3729.092,3734.65
2017-08-25,3736.287,3795.965,3736.287,3795.75
2017-08-28,3805.655,3866.94,3805.655,3842.71
2017-08-29,3839.18,3847.933,3825.762,3834.54
2017-08-30,3834.268,3854.706,3827.86,3834.3
2017-08-31,3835.837,3840.196,3800.883,3822.09
2017-09-01,3825.341,3843.619,3818.16,3830.54
2017-09-04,3828.549,3847.094,3813.558,3845.62
2017-09-05,3845.549,3865.297,3841.955,3857.05
2017-09-06,3846.747,3858.248,3831.384,3849.45
2017-09-07,3851.687,3858.161,3828.834,3829.87
2017-09-08,3830.071,3843.019,3813.984,3825.99
2017-09-11,3828.347,3850.746,3817.515,3825.65
2017-09-12,3832.238,3849.384,3822.0,3837.93
2017-09-13,3835.553,3847.788,3822.948,3842.61
2017-09-14,3843.577,3854.498,3820.092,3829.96
2017-09-15,3826.148,3843.301,3818.527,3831.3
2017-09-18,3832.96,3862.356,3832.96,3843.14
2017-09-19,3849.883,3857.307,3820.293,3832.12
2017-09-20,3830.159,3850.947,3827.89,3842.44
2017-09-21,3843.26,3860.8,3837.387,3837.82
2017-09-22,3826.458,3842.252,3816.822,3837.73
2017-09-25,3829.218,3835.388,3811.118,3817.79
2017-09-26,3810.332,3821.691,3808.381,3820.78
2017-09-27,3818.965,3832.566,3818.815,3821.2
2017-09-28,3821.592,3827.332,3813.755,3822.54
2017-09-29,3825.201,3852.222,3825.201,3836.5
2017-10-09,3910.117,3918.841,3876.034,3882.21
2017-10-10,3883.0,3900.738,3855.463,3889.86
2017-10-11,3886.822,3913.073,3885.5,3902.69
2017-10-12,3902.012,3917.44,3897.544,3912.95
2017-10-13,3912.973,3927.173,3908.887,3921.0
2017-10-16,3926.279,3947.428,3913.326,3913.45
2017-10-17,3910.791,3924.615,3900.477,3913.07
2017-10-18,3914.813,3944.408,3914.813,3944.16
2017-10-19,3940.584,3944.036,3923.646,3931.25
2017-10-20,3918.525,3928.959,3910.195,3926.85
2017-10-23,3930.893,3936.275,3920.658,3930.8
2017-10-24,3926.234,3959.5,3922.033,3959.4
2017-10-25,3958.168,3978.09,3954.002,3976.95
2017-10-26,3980.053,4013.603,3973.558,3993.58
2017-10-27,3992.556,4024.467,3991.357,4021.97
2017-10-30,4022.163,4033.338,3960.268,4009.72
2017-10-31,3995.396,4009.285,3983.258,4006.72
2017-11-01,4007.909,4032.456,3991.321,3996.62
2017-11-02,3994.09,3999.222,3971.372,3997.13
2017-11-03,3992.352,3999.339,3963.028,3992.7
2017-11-06,3989.182,4021.638,3975.407,4020.89
2017-11-07,4022.405,4064.221,4021.367,4054.25
2017-11-08,4051.498,4089.15,4040.582,4048.01
2017-11-09,4043.067,4076.61,4038.401,4075.9
2017-11-10,4070.275,4116.713,4067.656,4111.91
2017-11-13,4115.547,4137.642,4115.547,4128.07
2017-11-14,4129.273,4133.545,4086.889,4099.35
2017-11-15,4084.213,4102.807,4055.717,4073.67
2017-11-16,4063.492,4107.615,4062.271,4105.01
2017-11-17,4094.078,4122.375,4081.372,4120.85
2017-11-20,4093.731,4144.511,4060.961,4143.83
2017-11-21,4131.847,4220.262,4129.977,4217.7
2017-11-22,4228.375,4260.643,4191.148,4227.57
2017-11-23,4213.382,4214.193,4086.905,4102.4
2017-11-24,4089.469,4116.591,4057.486,4104.2
2017-11-27,4088.934,4088.934,4037.148,4049.95
2017-11-28,4034.202,4056.472,4010.292,4055.82
2017-11-29,4061.352,4069.239,4004.684,4053.75
2017-11-30,4034.01,4052.798,3988.003,4006.1
2017-12-01,4003.564,4027.11,3984.381,3998.14
2017-12-04,3989.05,4032.989,3982.321,4018.86
2017-12-05,4007.936,4045.933,4006.543,4040.17
2017-12-06,4027.122,4031.752,3964.808,4015.82
2017-12-07,4003.586,4017.949,3955.997,3971.06
2017-12-08,3962.829,4014.139,3955.44,4003.38
2017-12-11,4006.879,4069.5,4005.269,4069.5
2017-12-12,4068.509,4070.154,4015.458,4016.02
2017-12-13,4013.829,4052.685,4004.741,4050.09
2017-12-14,4050.901,4057.623,4013.853,4026.15
2017-12-15,4018.735,4020.271,3974.932,3980.86
2017-12-18,3983.295,4008.067,3967.933,3985.29
2017-12-19,3985.824,4035.63,3985.824,4035.33
2017-12-20,4036.019,4044.849,4015.629,4030.49
2017-12-21,4023.078,4080.782,4014.654,4067.85
2017-12-22,4064.915,4076.804,4048.493,4054.6
2017-12-25,4057.417,4086.934,4026.45,4041.54
2017-12-26,4040.615,4056.853,4015.297,4053.62
2017-12-27,4045.282,4047.739,3986.741,3991.21
2017-12-28,3993.0,4036.7,3980.238,4018.9
2017-12-29,4022.878,4043.135,4012.87,4030.85
2018-01-02,4045.207,4087.778,4045.207,4087.4
2018-01-03,4091.459,4140.052,4088.728,4111.39
2018-01-04,4114.119,4137.64,4105.884,4128.81
2018-01-05,4133.343,4151.282,4123.281,4138.75
2018-01-08,4140.855,4166.319,4127.309,4160.16
2018-01-09,4157.541,4191.286,4153.504,4189.3
2018-01-10,4187.201,4211.052,4175.132,4207.81
2018-01-11,4197.117,4211.802,4181.961,4205.59
2018-01-12,4205.144,4227.391,4199.024,4225.0
2018-01-15,4229.837,4262.933,4216.36,4225.24
2018-01-16,4215.622,4260.209,4213.125,4258.47
2018-01-17,4261.787,4283.349,4230.54,4248.12
2018-01-18,4259.378,4292.64,4246.687,4271.42
2018-01-19,4281.942,4316.577,4269.622,4285.4
2018-01-22,4276.484,4338.486,4275.9,4336.6
2018-01-23,4346.886,4383.569,4346.79,4382.61
2018-01-24,4389.459,4397.825,4349.091,4389.89
2018-01-25,4381.977,4392.197,4336.24,4365.08
2018-01-26,4352.221,4403.338,4351.487,4381.3
2018-01-29,4387.06,4395.907,4287.114,4302.02
2018-01-30,4286.681,4308.509,4251.568,4256.1
2018-01-31,4234.112,4287.859,4232.774,4275.9
2018-02-01,4276.345,4287.391,4214.293,4245.9
2018-02-02,4213.936,4271.762,4181.777,4271.23
2018-02-05,4204.462,4274.15,4200.144,4274.15
2018-02-06,4182.33,4211.528,4131.561,4148.89
2018-02-07,4205.739,4212.57,4048.425,4050.5
2018-02-08,4022.883,4071.668,3974.681,4012.05
2018-02-09,3896.166,3911.289,3759.144,3840.65
2018-02-12,3846.263,3907.838,3828.065,3890.1
2018-02-13,3925.593,3986.978,3925.593,3935.63
2018-02-14,3945.093,3971.403,3923.125,3966.96
2018-02-22,4020.97,4058.785,4009.917,4052.73
2018-02-23,4061.756,4085.202,4035.233,4071.09
2018-02-26,4093.4,4128.745,4048.984,4118.42
2018-02-27,4120.871,4120.871,4051.805,4058.98
2018-02-28,4016.789,4051.711,3991.705,4023.64
2018-03-01,3994.872,4061.036,3986.899,4049.09
2018-03-02,4014.95,4044.417,4006.942,4016.46
2018-03-05,4021.661,4042.838,3995.875,4018.1
2018-03-06,4034.981,4067.548,3998.927,4066.56
2018-03-07,4063.499,4089.692,4027.932,4036.65
2018-03-08,4038.953,4078.226,4029.714,4077.6
2018-03-09,4088.076,4110.679,4076.459,4108.87
2018-03-12,4130.712,4139.53,4112.769,4127.67
2018-03-13,4124.328,4130.279,4087.56,4091.25
2018-03-14,4076.058,4089.09,4066.485,4073.34
2018-03-15,4058.703,4098.986,4058.703,4096.16
2018-03-16,4096.883,4110.043,4055.82,4056.42
2018-03-19,4054.619,4074.52,4033.524,4074.25
2018-03-20,4045.739,4080.188,4040.304,4077.7
2018-03-21,4097.024,4110.116,4046.241,4061.05
2018-03-22,4062.068,4072.378,4003.722,4020.35
2018-03-23,3896.74,3928.516,3834.942,3904.94
2018-03-26,3862.692,3883.898,3829.913,3879.89
2018-03-27,3927.493,3936.779,3881.874,3913.27
2018-03-28,3865.05,3907.286,3835.887,3842.72
2018-03-29,3854.592,3913.958,3794.262,3894.05
2018-03-30,3893.749,3915.35,3879.215,3898.5
2018-04-02,3897.006,3937.019,3882.887,3886.92
2018-04-03,3850.155,3878.151,3839.934,3862.48
2018-04-04,3873.624,3898.61,3852.493,3854.86
2018-04-09,3851.955,3870.674,3827.414,3852.93
2018-04-10,3860.719,3927.422,3851.793,3927.17
2018-04-11,3934.166,3958.704,3924.957,3938.34
2018-04-12,3935.677,3937.788,3896.183,3898.64
2018-04-13,3920.733,3929.947,3866.182,3871.14
2018-04-16,3862.471,3869.153,3789.609,3808.86
2018-04-17,3812.873,3822.625,3745.443,3748.64
2018-04-18,3785.304,3789.657,3708.105,3766.28
2018-04-19,3774.781,3824.029,3767.794,3811.84
2018-04-20,3801.203,3815.44,3750.099,3760.85
2018-04-23,3754.694,3787.4,3735.189,3766.33
2018-04-24,3769.88,3854.431,3769.88,3843.49
2018-04-25,3824.591,3838.691,3817.031,3828.7
2018-04-26,3823.388,3828.709,3744.881,3755.49
2018-04-27,3771.04,3776.979,3714.648,3756.88
2018-05-02,3769.929,3787.306,3744.551,3763.65
2018-05-03,3756.166,3797.527,3732.372,3793.0
2018-05-04,3784.318,3801.526,3770.941,3774.6
2018-05-07,3782.543,3834.589,3776.032,3834.19
2018-05-08,3834.617,3892.076,3833.732,3878.68
2018-05-09,3876.134,3878.943,3855.744,3871.62
2018-05-10,3882.839,3894.494,3867.312,3893.06
2018-05-11,3902.15,3903.34,3871.954,3872.84
2018-05-14,3886.871,3919.297,3886.871,3909.29
2018-05-15,3920.142,3924.345,3892.922,3924.1
2018-05-16,3909.814,3923.339,3889.184,3892.84
2018-05-17,3895.489,3899.513,3858.852,3864.05
2018-05-18,3860.161,3903.06,3841.892,3903.06
2018-05-21,3925.537,3937.458,3913.602,3921.24
2018-05-22,3918.817,3918.817,3881.171,3906.21
2018-05-23,3898.266,3898.266,3854.58,3854.58
2018-05-24,3853.295,3859.106,3823.926,3827.22
2018-05-25,3823.747,3841.126,3804.137,3816.5
2018-05-28,3816.265,3846.553,3799.321,3833.26
2018-05-29,3824.192,3841.78,3800.676,3804.01
2018-05-30,3755.174,3767.885,3722.07,3723.37
2018-05-31,3749.299,3804.796,3742.533,3802.38
2018-06-01,3789.672,3802.538,3753.841,3770.59
2018-06-04,3785.189,3813.408,3776.62,3807.58
2018-06-05,3811.289,3845.568,3800.929,3845.32
2018-06-06,3839.682,3848.328,3830.895,3837.35
2018-06-07,3846.934,3859.845,3827.685,3831.01
2018-06-08,3819.452,3819.465,3759.276,3779.62
2018-06-11,3770.206,3792.546,3756.513,3779.98
2018-06-12,3783.182,3830.468,3765.261,3825.95
2018-06-13,3814.618,3817.454,3782.074,3788.34
2018-06-14,3774.644,3808.166,3759.253,3773.37
2018-06-15,3763.037,3780.333,3737.425,3753.43
2018-06-19,3702.672,3712.82,3583.024,3621.12
2018-06-20,3602.548,3649.332,3578.171,3635.44
2018-06-21,3633.561,3673.568,3589.495,3592.97
2018-06-22,3567.889,3609.07,3542.452,3608.9
2018-06-25,3625.801,3631.028,3559.037,3560.48
2018-06-26,3521.586,3541.781,3478.212,3531.11
2018-06-27,3525.13,3537.655,3441.783,3459.26
2018-06-28,3434.949,3477.061,3416.952,3423.53
2018-06-29,3431.958,3512.379,3425.211,3510.98
2018-07-02,3504.453,3506.896,3383.497,3407.96
2018-07-03,3410.476,3422.04,3319.289,3409.28
2018-07-04,3398.782,3418.334,3359.089,3363.75
2018-07-05,3365.557,3398.487,3330.713,3342.44
2018-07-06,3347.06,3396.243,3295.727,3365.12
2018-07-09,3378.902,3459.312,3378.902,3459.18
2018-07-10,3464.911,3474.144,3437.275,3467.52
2018-07-11,3398.927,3427.571,3375.144,3407.53
2018-07-12,3403.334,3499.101,3403.334,3481.06
2018-07-13,3488.497,3499.764,3474.912,3492.69
2018-07-16,3488.971,3506.24,3459.735,3472.09
2018-07-17,3466.426,3467.188,3420.974,3449.38
2018-07-18,3456.604,3479.261,3430.154,3431.32
2018-07-19,3444.8,3466.503,3417.96,3428.34
2018-07-20,3426.452,3505.924,3398.95,3492.89
2018-07-23,3471.855,3527.533,3464.647,3525.75
2018-07-24,3530.668,3596.517,3530.668,3581.71
2018-07-25,3589.503,3589.982,3566.312,3577.75
2018-07-26,3583.322,3593.927,3528.649,3536.25
2018-07-27,3533.775,3545.409,3512.707,3521.23
2018-07-30,3520.854,3550.903,3489.55,3515.08
2018-07-31,3510.477,3528.157,3493.158,3517.66
2018-08-01,3530.032,3543.608,3446.778,3447.39
2018-08-02,3434.354,3434.354,3322.098,3370.96
2018-08-03,3366.66,3381.338,3315.197,3315.28
2018-08-06,3312.812,3344.243,3257.683,3273.27
2018-08-07,3284.979,3368.962,3263.499,3368.87
2018-08-08,3362.151,3368.163,3311.772,3314.51
2018-08-09,3303.477,3408.391,3299.616,3397.53
2018-08-10,3398.415,3424.042,3380.574,3405.02
2018-08-13,3369.977,3396.184,3336.692,3390.34
2018-08-14,3386.48,3391.725,3356.61,3372.91
2018-08-15,3371.963,3372.141,3288.713,3291.98
2018-08-16,3251.858,3315.206,3231.558,3276.73
2018-08-17,3305.896,3311.573,3224.1,3229.62
2018-08-20,3238.215,3267.25,3209.012,3267.25
2018-08-21,3271.841,3331.709,3270.031,3326.65
2018-08-22,3328.965,3328.965,3299.389,3307.95
2018-08-23,3308.463,3336.116,3285.818,3320.03
2018-08-24,3308.473,3353.04,3291.861,3325.33
2018-08-27,3339.386,3406.57,3339.261,3406.57
2018-08-28,3408.15,3416.592,3388.814,3400.17
2018-08-29,3393.049,3398.71,3377.12,3386.57
2018-08-30,3385.801,3402.558,3349.465,3351.09
2018-08-31,3333.376,3356.572,3310.869,3334.5
2018-09-03,3320.685,3325.602,3291.779,3321.82
2018-09-04,3324.187,3370.965,3307.96,3363.9
2018-09-05,3349.697,3354.198,3298.14,3298.14
2018-09-06,3286.664,3311.496,3253.754,3262.88
2018-09-07,3273.887,3316.611,3253.721,3277.64
2018-09-10,3271.384,3277.886,3227.85,3230.07
2018-09-11,3229.703,3245.615,3209.11,3224.21
2018-09-12,3216.986,3225.597,3194.974,3202.02
2018-09-13,3239.689,3249.597,3191.401,3236.57
2018-09-14,3242.831,3254.104,3227.944,3242.09
2018-09-17,3224.924,3230.785,3200.507,3204.92
2018-09-18,3193.64,3270.105,3193.64,3269.43
2018-09-19,3261.995,3335.989,3258.307,3312.48
2018-09-20,3314.88,3332.313,3303.077,3310.13
2018-09-21,3320.7,3410.49,3307.771,3410.49
2018-09-25,3375.968,3394.373,3367.021,3379.8
2018-09-26,3388.556,3448.258,3383.234,3417.24
2018-09-27,3415.953,3423.71,3394.732,3403.59
2018-09-28,3409.955,3444.983,3404.692,3438.86
2018-10-08,3361.561,3364.465,3285.254,3290.9
2018-10-09,3290.17,3309.797,3276.132,3288.69
2018-10-10,3295.431,3315.733,3256.584,3281.6
2018-10-11,3179.537,3209.516,3099.036,3124.11
2018-10-12,3123.375,3184.126,3094.969,3170.73
2018-10-15,3173.845,3183.128,3120.229,3126.45
2018-10-16,3128.573,3166.088,3089.363,3100.97
2018-10-17,3140.688,3149.138,3062.558,3118.25
2018-10-18,3097.788,3097.788,3043.38,3044.39
2018-10-19,3017.753,3137.752,3009.503,3134.95
2018-10-22,3159.558,3297.377,3159.558,3270.27
2018-10-23,3273.131,3276.025,3163.575,3183.43
2018-10-24,3169.455,3245.395,3164.291,3188.2
2018-10-25,3107.842,3197.323,3099.89,3194.31
2018-10-26,3204.29,3218.107,3151.929,3173.64
2018-10-29,3157.489,3158.813,3062.581,3076.89
2018-10-30,3061.93,3146.627,3050.771,3110.26
2018-10-31,3116.655,3168.915,3106.025,3153.82
2018-11-01,3185.198,3217.8,3173.095,3177.03
2018-11-02,3258.614,3290.25,3222.44,3290.25
2018-11-05,3269.474,3279.883,3230.368,3262.84
2018-11-06,3254.977,3254.977,3213.894,3243.15
2018-11-07,3243.877,3270.5,3218.422,3221.91
2018-11-08,3251.724,3253.57,3207.705,3212.77
2018-11-09,3193.3,3193.3,3166.307,3167.44
2018-11-12,3160.246,3206.512,3152.439,3205.14
2018-11-13,3164.92,3254.766,3161.095,3237.38
2018-11-14,3233.638,3239.242,3200.226,3204.94
2018-11-15,3201.28,3242.382,3198.78,3242.37
2018-11-16,3242.875,3282.386,3223.718,3257.67
2018-11-19,3258.789,3294.6,3251.064,3294.6
2018-11-20,3268.079,3278.787,3213.686,3218.41
2018-11-21,3187.101,3230.256,3185.238,3226.49
2018-11-22,3232.976,3235.455,3199.701,3214.43
2018-11-23,3208.598,3212.2,3139.39,3143.48
2018-11-26,3148.669,3169.438,3131.633,3141.24
2018-11-27,3152.773,3162.011,3126.288,3137.24
2018-11-28,3137.745,3179.408,3126.615,3178.93
2018-11-29,3198.821,3204.852,3137.65,3137.65
2018-11-30,3136.196,3175.154,3132.423,3172.69
2018-12-03,3260.686,3273.64,3228.361,3260.95
2018-12-04,3256.229,3267.941,3243.695,3267.71
2018-12-05,3224.251,3266.9,3219.974,3252.0
2018-12-06,3218.11,3223.519,3179.892,3181.67
2018-12-07,3187.487,3193.815,3176.702,3181.56
2018-12-10,3153.52,3170.149,3134.381,3144.76
2018-12-11,3148.23,3161.96,3143.612,3159.82
2018-12-12,3181.567,3182.212,3160.279,3170.61
2018-12-13,3178.889,3234.079,3169.421,3219.69
2018-12-14,3207.347,3210.721,3165.91,3165.91
2018-12-17,3158.288,3167.516,3134.368,3161.2
2018-12-18,3139.953,3165.005,3114.472,3128.43
2018-12-19,3133.746,3137.014,3086.762,3091.13
2018-12-20,3083.547,3097.723,3044.296,3067.42
2018-12-21,3055.331,3057.406,3007.614,3029.4
2018-12-24,3015.499,3040.354,3007.331,3038.2
2018-12-25,3006.877,3030.14,2964.874,3017.28
2018-12-26,3012.866,3029.058,2996.48,3002.03
2018-12-27,3042.954,3047.239,2990.51,2990.51
2018-12-28,2994.791,3024.349,2984.814,3010.65
2019-01-02,3017.072,3018.781,2958.493,2969.54
2019-01-03,2963.017,3000.439,2953.253,2964.84
2019-01-04,2940.188,3036.811,2935.826,3035.87
2019-01-07,3055.151,3061.746,3035.909,3054.3
2019-01-08,3049.871,3055.506,3038.53,3047.7
2019-01-09,3065.235,3117.966,3062.852,3078.48
2019-01-10,3077.485,3092.545,3062.576,3072.69
2019-01-11,3082.263,3102.835,3071.028,3094.78
2019-01-14,3092.494,3097.402,3064.378,3067.78
2019-01-15,3071.518,3129.37,3064.67,3127.99
2019-01-16,3126.133,3135.01,3117.291,3128.65
2019-01-17,3132.632,3141.713,3110.064,3111.42
2019-01-18,3124.498,3171.682,3120.342,3168.17
2019-01-21,3170.881,3199.217,3170.881,3185.64
2019-01-22,3181.952,3181.952,3135.341,3143.32
2019-01-23,3136.093,3157.624,3131.864,3141.05
2019-01-24,3146.603,3165.628,3125.299,3158.78
2019-01-25,3165.182,3203.175,3164.409,3184.47
2019-01-28,3203.121,3228.87,3174.727,3183.78
2019-01-29,3177.261,3200.99,3148.235,3193.97
2019-01-30,3181.652,3202.893,3167.89,3168.48
2019-01-31,3182.696,3216.064,3178.007,3201.63
2019-02-01,3225.736,3247.498,3207.72,3247.4
2019-02-11,3239.805,3307.061,3239.805,3306.47
2019-02-12,3306.357,3335.365,3298.638,3330.34
2019-02-13,3337.782,3405.58,3329.146,3397.03
2019-02-14,3392.854,3415.399,3381.982,3402.14
2019-02-15,3391.237,3395.024,3335.866,3338.7
2019-02-18,3366.418,3445.74,3366.418,3445.74
2019-02-19,3454.724,3480.796,3419.075,3439.61
2019-02-20,3449.935,3463.776,3421.508,3451.93
2019-02-21,3450.145,3500.256,3431.635,3442.71
2019-02-22,3439.38,3520.12,3417.98,3520.12
2019-02-25,3575.85,3729.48,3574.685,3729.48
2019-02-26,3734.702,3762.109,3679.267,3684.69
2019-02-27,3682.81,3737.63,3638.331,3678.39
2019-02-28,3675.264,3695.464,3650.054,3669.37
2019-03-01,3699.211,3749.71,3668.761,3749.71
2019-03-04,3783.033,3886.576,3764.772,3794.1
2019-03-05,3785.373,3816.159,3770.783,3816.01
2019-03-06,3822.859,3855.155,3787.522,3848.09
2019-03-07,3841.146,3845.183,3778.801,3808.85
2019-03-08,3721.403,3774.544,3656.193,3657.58
2019-03-11,3663.973,3731.904,3650.808,3729.95
2019-03-12,3758.313,3804.718,3723.677,3755.35
2019-03-13,3758.709,3763.088,3708.81,3724.19
2019-03-14,3710.298,3747.823,3673.855,3698.49
2019-03-15,3713.941,3782.242,3713.941,3745.01
2019-03-18,3753.646,3851.75,3733.68,3851.75
2019-03-19,3856.586,3868.332,3815.216,3833.96
2019-03-20,3825.336,3855.147,3790.512,3835.44
2019-03-21,3840.277,3864.068,3823.465,3836.89
2019-03-22,3838.124,3845.58,3786.59,3833.8
2019-03-25,3776.448,3807.184,3741.611,3742.83
2019-03-26,3766.53,3770.844,3687.548,3700.44
2019-03-27,3724.408,3750.266,3703.453,3743.39
2019-03-28,3731.066,3755.721,3710.086,3728.4
2019-03-29,3739.773,3876.378,3739.773,3872.34
2019-04-01,3901.172,3982.911,3901.172,3973.93
2019-04-02,3986.349,3988.103,3956.511,3971.29
2019-04-03,3947.873,4026.5,3939.787,4022.16
2019-04-04,4039.741,4072.113,4021.705,4062.23
2019-04-08,4097.104,4122.605,4017.49,4057.23
2019-04-09,4063.814,4084.243,4038.283,4075.43
2019-04-10,4062.446,4115.381,4035.477,4085.85
2019-04-11,4083.464,4097.127,3990.241,3997.58
2019-04-12,3986.785,4006.937,3961.467,3988.62
2019-04-15,4056.487,4085.383,3974.222,3975.52
2019-04-16,3958.098,4085.79,3943.489,4085.79
2019-04-17,4080.718,4106.616,4057.503,4087.24
2019-04-18,4085.12,4094.058,4056.24,4072.08
2019-04-19,4076.297,4120.638,4046.206,4120.61
2019-04-22,4125.971,4126.09,4015.474,4025.61
2019-04-23,4021.632,4061.091,4005.288,4019.01
2019-04-24,4033.631,4044.339,3967.807,4030.09
2019-04-25,4013.607,4022.567,3938.329,3941.82
2019-04-26,3921.886,3943.828,3887.248,3889.27
2019-04-29,3896.579,3953.225,3875.448,3900.33
2019-04-30,3887.179,3923.107,3885.146,3913.21
2019-05-06,3775.08,3791.615,3647.144,3684.62
2019-05-07,3702.267,3738.178,3671.836,3720.67
2019-05-08,3648.551,3722.935,3642.501,3667.46
2019-05-09,3637.346,3656.896,3584.823,3599.7
2019-05-10,3643.055,3732.923,3589.289,3730.45
2019-05-13,3675.764,3702.906,3658.005,3668.73
2019-05-14,3630.438,3683.262,3630.438,3645.15
2019-05-15,3674.991,3741.038,3674.991,3727.09
2019-05-16,3720.035,3745.137,3707.9,3743.96
2019-05-17,3744.874,3745.355,3637.582,3648.76
2019-05-20,3635.733,3644.498,3583.83,3617.79
2019-05-21,3619.441,3690.092,3610.685,3666.78
2019-05-22,3663.154,3679.273,3634.748,3649.38
2019-05-23,3629.524,3631.47,3578.108,3583.96
2019-05-24,3584.897,3623.386,3580.781,3593.91
2019-05-27,3592.606,3648.03,3556.259,3637.2
2019-05-28,3633.018,3683.23,3627.787,3672.26
2019-05-29,3642.542,3693.228,3637.349,3663.91
2019-05-30,3648.846,3650.968,3612.622,3641.18
2019-05-31,3640.997,3668.18,3627.546,3629.79
2019-06-03,3640.61,3672.811,3613.125,3632.01
2019-06-04,3632.564,3636.131,3584.464,3598.47
2019-06-05,3627.8,3634.459,3593.957,3597.11
2019-06-06,3601.038,3601.038,3557.019,3564.68
2019-06-10,3578.005,3623.726,3568.275,3610.74
2019-06-11,3617.528,3723.146,3617.528,3719.28
2019-06-12,3706.868,3711.884,3683.944,3691.1
2019-06-13,3689.58,3697.588,3654.271,3685.39
2019-06-14,3690.476,3709.652,3650.91,3654.88
2019-06-17,3654.439,3683.77,3645.494,3654.82
2019-06-18,3661.131,3675.647,3638.782,3667.62
2019-06-19,3761.34,3771.349,3715.135,3715.94
2019-06-20,3718.943,3845.793,3717.187,3828.52
2019-06-21,3832.734,3856.087,3817.308,3833.94
2019-06-24,3836.309,3853.549,3819.773,3841.27
2019-06-25,3837.426,3838.058,3755.01,3801.31
2019-06-26,3779.512,3809.757,3771.716,3794.33
2019-06-27,3807.54,3854.083,3805.835,3834.82
2019-06-28,3832.063,3835.235,3803.057,3825.59
2019-07-01,3899.329,3936.666,3886.907,3935.81
2019-07-02,3931.049,3942.427,3918.939,3937.17
2019-07-03,3927.432,3927.432,3878.837,3893.53
2019-07-04,3895.196,3906.888,3854.691,3873.1
2019-07-05,3875.371,3900.307,3857.925,3893.2
2019-07-08,3875.755,3875.755,3775.026,3802.79
2019-07-09,3798.096,3811.1,3774.764,3793.13
2019-07-10,3807.951,3810.397,3774.232,3786.74
2019-07-11,3806.185,3830.738,3774.413,3785.22
2019-07-12,3783.072,3820.234,3774.521,3808.73
2019-07-15,3792.643,3844.87,3745.857,3824.19
2019-07-16,3819.243,3828.321,3799.862,3806.84
2019-07-17,3800.108,3820.273,3787.899,3804.64
2019-07-18,3793.187,3793.389,3767.994,3768.4
2019-07-19,3787.513,3828.156,3787.513,3807.96
2019-07-22,3813.499,3816.536,3765.44,3781.68
2019-07-23,3783.537,3792.961,3768.758,3789.91
2019-07-24,3803.584,3840.055,3803.571,3819.83
2019-07-25,3821.393,3851.07,3812.957,3851.07
2019-07-26,3835.229,3863.589,3832.524,3858.57
2019-07-29,3857.939,3862.746,3842.426,3854.27
2019-07-30,3861.572,3890.732,3861.572,3870.32
2019-07-31,3856.746,3856.746,3830.093,3835.36
2019-08-01,3819.325,3831.265,3791.547,3803.47
2019-08-02,3729.133,3754.535,3720.06,3747.44
2019-08-05,3724.411,3739.505,3675.69,3675.69
2019-08-06,3609.113,3649.896,3575.864,3636.33
2019-08-07,3654.631,3659.077,3621.43,3621.43
2019-08-08,3651.353,3675.457,3646.935,3669.29
2019-08-09,3686.75,3689.178,3628.117,3633.53
2019-08-12,3647.862,3699.1,3643.312,3699.1
2019-08-13,3675.585,3686.429,3658.011,3665.75
2019-08-14,3712.064,3717.556,3680.607,3682.4
2019-08-15,3618.009,3694.298,3612.11,3694.0
2019-08-16,3697.942,3738.098,3687.076,3710.54
2019-08-19,3736.03,3791.09,3720.685,3791.09
2019-08-20,3786.024,3799.895,3778.728,3787.73
2019-08-21,3778.311,3792.598,3775.449,3781.76
2019-08-22,3793.859,3797.333,3771.209,3793.51
2019-08-23,3796.878,3829.357,3788.031,3820.86
2019-08-26,3756.361,3778.866,3753.164,3765.91
2019-08-27,3791.463,3848.24,3790.877,3816.95
2019-08-28,3818.808,3822.584,3790.134,3802.58
2019-08-29,3805.497,3808.599,3774.4,3790.19
2019-08-30,3816.682,3828.973,3778.923,3799.59
2019-09-02,3803.689,3855.777,3799.817,3848.32
2019-09-03,3852.579,3856.681,3833.757,3853.61
2019-09-04,3848.647,3886.0,3846.42,3886.0
2019-09-05,3909.206,3970.001,3909.206,3925.32
2019-09-06,3946.688,3948.542,3922.338,3948.51
2019-09-09,3980.959,3985.24,3954.877,3972.95
2019-09-10,3976.875,3976.928,3938.749,3959.27
2019-09-11,3969.676,3971.224,3922.953,3930.1
2019-09-12,3944.692,3975.931,3933.437,3972.38
2019-09-16,3981.366,3982.208,3943.378,3957.72
2019-09-17,3947.157,3947.157,3879.484,3891.22
2019-09-18,3902.991,3923.142,3902.507,3910.08
2019-09-19,3923.961,3924.38,3897.064,3924.38
2019-09-20,3933.458,3942.223,3921.411,3935.65
2019-09-23,3925.184,3925.184,3868.212,3890.66
2019-09-24,3895.87,3927.016,3886.145,3901.08
2019-09-25,3887.551,3889.835,3867.224,3870.98
2019-09-26,3884.703,3890.746,3840.248,3841.14
2019-09-27,3843.455,3859.497,3832.243,3852.65
2019-09-30,3842.076,3857.234,3813.551,3814.53
2019-10-08,3818.59,3861.644,3818.59,3837.68
2019-10-09,3822.608,3845.341,3805.068,3843.24
2019-10-10,3838.487,3877.143,3829.433,3874.64
2019-10-11,3885.524,3922.374,3868.846,3911.73
2019-10-14,3944.858,3983.811,3934.731,3953.24
2019-10-15,3953.165,3953.165,3928.151,3936.25
2019-10-16,3939.28,3964.05,3919.021,3922.69
2019-10-17,3929.384,3935.811,3913.916,3925.22
2019-10-18,3935.422,3940.543,3864.967,3869.38
2019-10-21,3865.344,3884.745,3856.038,3880.84
2019-10-22,3896.314,3897.434,3870.548,3895.88
2019-10-23,3892.672,3901.42,3862.192,3871.08
2019-10-24,3877.926,3890.198,3852.585,3870.67
2019-10-25,3871.767,3899.72,3849.032,3896.79
2019-10-28,3904.988,3927.801,3897.823,3926.59
2019-10-29,3929.712,3932.378,3910.23,3910.23
2019-10-30,3904.722,3908.104,3883.451,3891.23
2019-10-31,3906.857,3907.149,3878.874,3886.75
2019-11-01,3883.811,3956.083,3876.419,3952.39
2019-11-04,3964.004,3985.356,3964.004,3978.12
2019-11-05,3982.113,4030.635,3970.864,4002.81
2019-11-06,4006.325,4007.499,3973.774,3984.88
2019-11-07,3984.548,4005.378,3975.543,3991.87
2019-11-08,4017.673,4022.035,3971.572,3973.01
2019-11-11,3948.62,3948.62,3897.552,3902.98
2019-11-12,3905.96,3914.883,3877.741,3903.69
2019-11-13,3905.282,3908.418,3882.43,3899.98
2019-11-14,3905.932,3916.949,3895.145,3905.86
2019-11-15,3908.49,3915.106,3877.09,3877.09
2019-11-18,3874.441,3913.104,3868.318,3907.93
2019-11-19,3904.1,3947.04,3902.378,3947.04
2019-11-20,3940.13,3943.223,3901.983,3907.86
2019-11-21,3894.541,3901.828,3875.97,3889.6
2019-11-22,3894.169,3918.833,3833.498,3849.99
2019-11-25,3850.97,3878.254,3839.424,3878.21
2019-11-26,3893.432,3899.106,3869.591,3891.65
2019-11-27,3883.431,3889.98,3862.703,3875.62
2019-11-28,3877.898,3887.687,3852.008,3862.3
2019-11-29,3857.188,3861.658,3804.829,3828.67
2019-12-02,3835.514,3854.752,3829.314,3836.06
2019-12-03,3829.215,3851.123,3811.631,3851.09
2019-12-04,3841.664,3852.993,3831.076,3849.82
2019-12-05,3863.605,3883.399,3859.819,3879.36
2019-12-06,3885.063,3902.39,3878.705,3902.39
2019-12-09,3909.533,3911.971,3885.254,3895.45
2019-12-10,3886.44,3900.954,3882.083,3900.38
2019-12-11,3907.16,3909.386,3890.342,3902.75
2019-12-12,3908.45,3908.45,3886.115,3891.02
2019-12-13,3928.003,3969.456,3925.275,3968.22
2019-12-16,3970.713,3987.59,3953.516,3987.55
2019-12-17,3987.743,4067.136,3984.52,4041.8
2019-12-18,4039.722,4057.638,4025.341,4032.78
2019-12-19,4034.616,4038.544,4014.895,4027.15
2019-12-20,4032.149,4046.724,4014.927,4017.25
2019-12-23,4014.697,4032.176,3964.383,3967.1
2019-12-24,3971.562,3994.511,3963.667,3992.96
2019-12-25,3988.661,4000.559,3976.359,3990.87
2019-12-26,3993.671,4025.99,3993.543,4025.99
2019-12-27,4029.248,4066.799,4019.725,4022.03
2019-12-30,4015.516,4083.687,4001.492,4081.63
2019-12-31,4077.75,4098.142,4069.006,4096.58
2020-01-02,4121.348,4172.655,4121.348,4152.24
2020-01-03,4161.213,4164.294,4131.859,4144.96
2020-01-06,4120.526,4170.643,4102.384,4129.3
2020-01-07,4137.404,4161.253,4135.1,4160.23
2020-01-08,4139.634,4149.815,4101.983,4112.32
2020-01-09,4145.535,4165.658,4143.592,4164.37
2020-01-10,4177.573,4180.972,4148.477,4163.18
2020-01-13,4166.928,4203.99,4148.603,4203.99
2020-01-14,4215.162,4223.512,4188.085,4189.89
2020-01-15,4186.876,4193.864,4150.876,4166.73
2020-01-16,4174.814,4175.29,4142.176,4149.04
2020-01-17,4162.191,4177.025,4141.642,4154.85
2020-01-20,4170.736,4185.963,4149.488,4185.83
2020-01-21,4165.022,4165.022,4113.327,4114.31
2020-01-22,4093.8,4141.176,4046.486,4131.93
2020-01-23,4093.322,4103.523,3972.392,4003.9
2020-02-03,3639.911,3732.16,3639.911,3688.36
2020-02-04,3652.006,3786.865,3652.006,3785.64
2020-02-05,3801.102,3866.013,3781.616,3828.53
2020-02-06,3841.759,3914.92,3806.965,3899.78
2020-02-07,3879.554,3899.884,3849.713,3899.87
2020-02-10,3872.378,3920.171,3861.011,3916.01
2020-02-11,3926.416,3970.518,3915.703,3952.46
2020-02-12,3945.663,3984.43,3940.664,3984.43
2020-02-13,3985.877,3999.551,3950.143,3959.92
2020-02-14,3954.23,4001.559,3954.019,3987.73
2020-02-17,3999.647,4077.442,3999.647,4077.42
2020-02-18,4069.831,4076.387,4027.785,4057.51
2020-02-19,4049.585,4085.17,4042.845,4051.31
2020-02-20,4062.9,4148.532,4055.814,4144.66
2020-02-21,4134.875,4184.438,4130.168,4149.49
2020-02-24,4131.837,4149.011,4097.177,4132.84
2020-02-25,4066.298,4126.703,4020.903,4123.85
2020-02-26,4070.104,4132.786,4061.129,4073.02
2020-02-27,4084.082,4110.532,4067.445,4084.88
2020-02-28,3988.729,4031.147,3928.068,3940.05
2020-03-02,3968.847,4092.543,3968.847,4069.67
2020-03-03,4125.134,4147.651,4067.908,4091.36
2020-03-04,4078.498,4115.259,4060.727,4115.05
2020-03-05,4150.215,4215.856,4127.044,4206.73
2020-03-06,4158.205,4181.313,4135.393,4138.51
2020-03-09,4063.073,4063.073,3995.128,3997.13
2020-03-10,3975.227,4093.0,3954.749,4082.73
2020-03-11,4090.936,4091.271,4028.398,4028.43
2020-03-12,3976.113,3987.433,3926.269,3950.91
2020-03-13,3771.011,3937.178,3765.145,3895.31
2020-03-16,3899.86,3899.86,3720.513,3727.84
2020-03-17,3739.781,3786.888,3618.305,3709.68
2020-03-18,3729.689,3775.854,3636.26,3636.26
2020-03-19,3623.787,3647.985,3503.184,3589.09
2020-03-20,3629.509,3663.948,3588.773,3653.22
2020-03-23,3542.688,3585.806,3523.792,3530.31
2020-03-24,3598.651,3627.755,3545.448,3625.11
2020-03-25,3711.477,3732.656,3685.996,3722.52
2020-03-26,3692.611,3736.257,3681.27,3698.05
2020-03-27,3746.391,3758.782,3709.921,3710.06
2020-03-30,3657.462,3690.638,3637.585,3674.11
2020-03-31,3708.145,3716.075,3676.207,3686.16
2020-04-01,3682.301,3731.784,3670.969,3675.08
2020-04-02,3656.322,3734.53,3652.316,3734.53
2020-04-03,3721.483,3738.834,3698.984,3713.22
2020-04-07,3779.906,3803.627,3772.204,3798.02
2020-04-08,3776.412,3792.998,3767.288,3780.34
2020-04-09,3798.487,3801.724,3785.311,3792.81
2020-04-10,3794.844,3824.746,3758.961,3769.18
2020-04-13,3751.713,3769.88,3740.197,3753.26
2020-04-14,3777.835,3825.761,3764.985,3825.7
2020-04-15,3820.848,3829.799,3793.438,3797.36
2020-04-16,3777.798,3807.356,3774.558,3802.38
2020-04-17,3831.926,3863.455,3821.423,3839.49
2020-04-20,3845.465,3853.803,3831.558,3853.46
2020-04-21,3838.234,3838.234,3779.999,3808.05
2020-04-22,3789.126,3839.38,3782.211,3839.38
2020-04-23,3851.911,3857.468,3826.554,3829.75
2020-04-24,3826.31,3827.21,3787.069,3796.97
2020-04-27,3808.018,3842.872,3793.767,3822.77
2020-04-28,3835.351,3859.679,3768.203,3849.15
2020-04-29,3837.511,3880.742,3833.714,3867.03
2020-04-30,3880.412,3921.703,3880.412,3912.58
2020-05-06,3867.255,3937.687,3865.984,3936.25
2020-05-07,3937.587,3941.479,3915.9,3924.89
2020-05-08,3942.996,3979.661,3935.979,3963.62
2020-05-11,3974.76,3998.097,3944.503,3960.18
2020-05-12,3961.345,3970.114,3930.213,3960.24
2020-05-13,3946.64,3972.523,3932.568,3968.25
2020-05-14,3952.201,3952.201,3924.047,3925.22
2020-05-15,3941.129,3945.2,3907.406,3912.82
2020-05-18,3914.658,3946.429,3898.402,3922.91
2020-05-19,3963.776,3966.852,3944.072,3956.25
2020-05-20,3955.712,3955.712,3923.919,3935.22
2020-05-21,3950.593,3951.738,3907.574,3913.79
2020-05-22,3907.572,3907.572,3818.145,3824.06
2020-05-25,3828.316,3835.629,3800.175,3829.32
2020-05-26,3850.001,3874.748,3844.478,3872.77
2020-05-27,3873.695,3873.695,3838.421,3845.61
2020-05-28,3848.487,3885.419,3818.429,3856.63
2020-05-29,3838.374,3872.3,3830.416,3867.02
2020-06-01,3901.726,3976.315,3901.726,3971.34
2020-06-02,3969.954,3991.779,3958.98,3983.57
2020-06-03,4001.173,4018.678,3982.932,3983.65
2020-06-04,3998.168,3999.81,3968.577,3982.19
2020-06-05,3988.223,4001.25,3967.925,4001.25
2020-06-08,4023.601,4050.216,4016.096,4021.95
2020-06-09,4027.562,4052.156,4016.339,4047.03
2020-06-10,4046.237,4046.237,4024.423,4039.71
2020-06-11,4031.735,4043.008,3979.748,3995.88
2020-06-12,3931.621,4011.057,3927.246,4003.08
2020-06-15,3982.969,4007.142,3954.99,3954.99
2020-06-16,3995.578,4014.57,3987.863,4014.57
2020-06-17,4018.605,4018.605,3992.13,4017.59
2020-06-18,4009.779,4047.553,4000.897,4044.38
2020-06-19,4047.049,4109.361,4043.493,4098.71
2020-06-22,4097.511,4126.946,4088.786,4102.05
2020-06-23,4098.033,4124.72,4080.749,4121.79
2020-06-24,4128.101,4144.679,4123.359,4138.99
2020-06-29,4127.939,4137.373,4092.539,4109.72
2020-06-30,4129.999,4174.42,4129.772,4163.96
2020-07-01,4172.639,4247.78,4163.492,4247.78
2020-07-02,4239.404,4340.099,4238.112,4335.84
2020-07-03,4353.198,4419.6,4348.458,4419.6
2020-07-06,4465.803,4678.107,4465.803,4670.09
2020-07-07,4739.614,4796.319,4688.061,4698.13
2020-07-08,4692.858,4803.36,4670.646,4774.0
2020-07-09,4770.076,4854.119,4757.293,4840.77
2020-07-10,4796.084,4821.371,4734.469,4753.13
2020-07-13,4742.372,4878.076,4741.873,4852.96
2020-07-14,4836.165,4860.44,4729.926,4806.69
2020-07-15,4821.517,4837.477,4723.362,4744.47
2020-07-16,4741.526,4772.56,4513.651,4516.25
2020-07-17,4524.771,4601.373,4485.821,4544.7
2020-07-20,4597.199,4681.938,4534.226,4680.3
2020-07-21,4697.5,4714.29,4661.441,4691.04
2020-07-22,4682.662,4790.454,4675.353,4714.45
2020-07-23,4668.744,4731.404,4607.663,4712.44
2020-07-24,4679.027,4691.697,4479.392,4505.59
2020-07-27,4535.005,4558.119,4482.441,4528.45
2020-07-28,4567.672,4590.252,4537.687,4568.26
2020-07-29,4559.165,4680.56,4548.855,4679.01
2020-07-30,4689.762,4704.63,4649.767,4656.15
2020-07-31,4652.186,4741.812,4621.967,4695.05
2020-08-03,4735.898,4771.369,4720.024,4771.31
2020-08-04,4778.484,4807.076,4747.772,4775.8
2020-08-05,4761.765,4786.704,4711.273,4777.11
2020-08-06,4779.234,4791.852,4691.153,4762.76
2020-08-07,4742.298,4749.026,4637.846,4707.93
2020-08-10,4681.756,4757.663,4646.289,4724.87
2020-08-11,4730.371,4791.53,4674.86,4681.78
2020-08-12,4668.886,4681.616,4566.269,4647.64
2020-08-13,4666.488,4671.766,4626.101,4635.71
2020-08-14,4627.611,4708.072,4617.633,4704.63
2020-08-17,4727.124,4838.09,4721.363,4815.23
2020-08-18,4816.573,4825.389,4788.833,4812.76
2020-08-19,4804.667,4809.052,4738.01,4740.68
2020-08-20,4708.121,4721.431,4662.799,4679.15
2020-08-21,4717.784,4739.481,4684.807,4718.84
2020-08-24,4746.404,4769.469,4716.606,4755.85
2020-08-25,4769.21,4802.412,4746.312,4761.95
2020-08-26,4761.718,4786.425,4689.881,4706.13
2020-08-27,4718.067,4731.94,4679.367,4731.35
2020-08-28,4727.296,4850.493,4719.357,4844.27
2020-08-31,4870.939,4901.217,4816.217,4816.22
2020-09-01,4803.39,4842.133,4791.781,4842.12
2020-09-02,4859.078,4863.554,4797.523,4843.89
2020-09-03,4841.507,4877.017,4800.063,4817.1
2020-09-04,4737.238,4778.204,4726.557,4770.22
2020-09-07,4759.523,4789.305,4655.562,4669.37
2020-09-08,4683.826,4707.897,4639.054,4694.39
2020-09-09,4634.248,4645.198,4558.031,4584.59
2020-09-10,4632.102,4647.753,4572.209,4581.98
2020-09-11,4572.254,4630.881,4563.103,4627.28
2020-09-14,4652.053,4666.985,4625.987,4651.05
2020-09-15,4649.444,4691.497,4630.535,4688.48
2020-09-16,4683.008,4690.683,4638.46,4657.36
2020-09-17,4642.05,4664.945,4601.635,4632.71
2020-09-18,4636.643,4737.805,4631.706,4737.09
2020-09-21,4750.75,4752.982,4688.722,4691.43
2020-09-22,4654.217,4706.209,4622.11,4635.76
2020-09-23,4639.662,4665.963,4623.556,4652.33
2020-09-24,4623.958,4631.952,4562.213,4563.07
2020-09-25,4582.48,4599.537,4554.718,4570.02
2020-09-28,4582.649,4613.634,4571.152,4581.91
2020-09-29,4608.293,4616.677,4586.354,4591.8
2020-09-30,4607.58,4634.728,4563.415,4587.4
2020-10-09,4663.609,4695.403,4655.084,4681.14
2020-10-12,4705.191,4823.269,4704.158,4823.16
2020-10-13,4812.898,4845.918,4795.372,4839.2
2020-10-14,4830.456,4830.456,4795.905,4807.1
2020-10-15,4810.786,4833.897,4796.269,4798.74
2020-10-16,4798.921,4825.556,4765.971,4791.68
2020-10-19,4823.497,4849.607,4747.338,4755.49
2020-10-20,4751.372,4793.47,4739.461,4793.47
2020-10-21,4801.633,4801.633,4758.857,4792.83
2020-10-22,4780.591,4791.803,4725.495,4777.98
2020-10-23,4775.468,4802.458,4717.1,4718.49
2020-10-26,4684.051,4713.399,4639.307,4691.24
2020-10-27,4680.138,4708.463,4671.854,4699.28
2020-10-28,4703.002,4753.311,4685.599,4737.27
2020-10-29,4683.607,4803.032,4679.253,4772.92
2020-10-30,4776.469,4778.505,4683.468,4695.33
2020-11-02,4702.744,4738.023,4695.442,4720.83
2020-11-03,4743.173,4793.396,4734.174,4777.56
2020-11-04,4781.452,4825.467,4770.562,4813.66
2020-11-05,4861.336,4885.11,4837.997,4885.11
2020-11-06,4897.632,4897.632,4845.432,4885.72
2020-11-09,4918.861,4997.802,4918.861,4981.35
2020-11-10,4995.417,4995.417,4928.936,4953.88
2020-11-11,4937.76,4957.587,4901.709,4904.9
2020-11-12,4916.771,4926.339,4891.507,4908.46
2020-11-13,4886.976,4886.976,4825.756,4856.85
2020-11-16,4880.956,4904.17,4848.622,4904.17
2020-11-17,4903.124,4909.294,4865.398,4894.79
2020-11-18,4889.674,4911.086,4870.715,4891.67
2020-11-19,4880.923,4939.792,4870.201,4927.99
2020-11-20,4928.224,4947.431,4922.591,4943.29
2020-11-23,4954.601,5029.654,4940.452,5005.03
2020-11-24,4997.053,5001.066,4960.986,4974.29
2020-11-25,4992.747,5004.773,4910.7,4910.7
2020-11-26,4908.319,4925.284,4867.814,4919.59
2020-11-27,4930.597,4980.77,4917.353,4980.77
2020-11-30,4994.105,5055.19,4960.25,4960.25
2020-12-01,4963.132,5072.551,4963.132,5067.1
2020-12-02,5072.971,5090.604,5043.305,5067.14
2020-12-03,5065.453,5072.304,5033.788,5057.06
2020-12-04,5049.527,5072.39,5017.854,5065.92
2020-12-07,5065.734,5067.875,5014.614,5022.24
2020-12-08,5029.107,5043.062,4998.923,5009.88
2020-12-09,5022.386,5033.643,4942.521,4942.7
2020-12-10,4931.288,4962.738,4919.765,4940.52
2020-12-11,4957.825,4957.825,4849.355,4889.63
2020-12-14,4903.631,4937.265,4887.664,4934.84
2020-12-15,4931.602,4954.189,4904.793,4945.1
2020-12-16,4957.3,4968.859,4938.196,4953.87
2020-12-17,4960.731,5021.619,4950.373,5017.48
2020-12-18,5014.323,5027.447,4979.007,4999.97
2020-12-21,4995.762,5048.508,4969.999,5046.84
2020-12-22,5034.98,5055.132,4960.943,4964.77
2020-12-23,4977.296,5028.448,4968.148,5007.12
2020-12-24,5006.01,5033.043,4979.241,5000.02
2020-12-25,4985.766,5042.094,4973.677,5042.01
2020-12-28,5042.939,5089.34,5037.854,5064.41
2020-12-29,5071.453,5077.42,5034.312,5042.94
2020-12-30,5037.984,5113.71,5036.628,5113.71
2020-12-31,5122.481,5215.619,5122.481,5211.29
2021-01-04,5212.934,5284.437,5190.939,5267.72
2021-01-05,5245.831,5368.5,5234.373,5368.5
2021-01-06,5386.517,5433.472,5341.433,5417.67
2021-01-07,5428.397,5513.66,5413.356,5513.66
2021-01-08,5526.287,5547.473,5442.694,5495.43
2021-01-11,5504.237,5555.694,5412.506,5441.16
2021-01-12,5419.497,5596.35,5417.625,5596.35
2021-01-13,5609.263,5644.719,5535.143,5577.97
2021-01-14,5556.217,5568.022,5458.686,5470.46
2021-01-15,5471.39,5500.634,5390.272,5458.08
2021-01-18,5438.162,5541.461,5410.775,5518.52
2021-01-19,5525.966,5532.476,5415.713,5437.52
2021-01-20,5439.907,5496.046,5426.532,5476.43
2021-01-21,5492.959,5593.107,5490.563,5564.97
2021-01-22,5562.383,5573.663,5513.881,5569.78
2021-01-25,5564.12,5655.476,5543.263,5625.92
2021-01-26,5600.905,5600.905,5505.999,5512.97
2021-01-27,5505.767,5534.989,5449.635,5528.0
2021-01-28,5450.367,5462.233,5360.374,5377.14
2021-01-29,5413.964,5430.197,5288.091,5351.96
2021-02-01,5356.855,5422.301,5342.048,5417.65
2021-02-02,5429.701,5503.213,5411.516,5501.09
2021-02-03,5499.295,5532.886,5473.123,5485.2
2021-02-04,5453.979,5510.056,5411.577,5473.95
2021-02-05,5494.697,5550.767,5477.648,5483.41
2021-02-08,5506.141,5576.489,5479.851,5564.56
2021-02-09,5584.165,5686.25,5555.054,5686.25
2021-02-10,5709.685,5823.423,5707.331,5807.72
2021-02-18,5922.07,5930.91,5747.661,5768.38
2021-02-19,5734.017,5787.885,5667.319,5778.84
2021-02-22,5785.507,5785.507,5597.33,5597.33
2021-02-23,5542.686,5644.757,5541.111,5579.67
2021-02-24,5591.481,5598.83,5379.73,5437.57
2021-02-25,5494.472,5527.631,5444.166,5469.56
2021-02-26,5343.903,5416.319,5318.857,5336.76
2021-03-01,5389.246,5421.551,5345.941,5418.78
2021-03-02,5453.284,5454.969,5305.054,5349.63
2021-03-03,5327.344,5452.394,5316.479,5452.21
2021-03-04,5388.483,5392.377,5254.782,5280.71
2021-03-05,5191.974,5307.824,5174.25,5262.8
2021-03-08,5299.786,5326.256,5079.794,5080.02
2021-03-09,5066.155,5094.311,4917.909,4971.0
2021-03-10,5047.057,5055.276,4981.614,5003.61
2021-03-11,5024.563,5138.419,5020.583,5128.22
2021-03-12,5153.675,5153.675,5086.824,5146.38
2021-03-15,5116.119,5120.872,4992.395,5035.54
2021-03-16,5054.407,5084.306,5009.949,5079.36
2021-03-17,5062.772,5123.547,5020.127,5100.86
2021-03-18,5114.589,5160.459,5111.131,5141.77
2021-03-19,5068.531,5089.917,4980.76,5007.09
2021-03-22,5008.393,5071.336,4996.539,5057.15
2021-03-23,5057.068,5064.025,4966.538,5009.25
2021-03-24,4985.406,5024.332,4919.898,4928.69
2021-03-25,4904.071,4950.764,4883.665,4926.35
2021-03-26,4953.946,5050.829,4953.946,5037.99
2021-03-29,5052.266,5086.657,5010.393,5046.88
2021-03-30,5043.096,5106.038,5032.796,5094.73
2021-03-31,5085.949,5085.949,5015.606,5048.36
2021-04-01,5059.939,5115.431,5056.875,5110.78
2021-04-02,5129.858,5169.834,5116.35,5161.56
2021-04-06,5178.638,5181.147,5125.328,5140.34
2021-04-07,5141.653,5141.653,5065.191,5103.74
2021-04-08,5078.264,5129.133,5062.074,5112.21
2021-04-09,5100.045,5100.045,5022.095,5035.34
2021-04-12,5026.983,5045.606,4933.017,4947.75
2021-04-13,4949.804,4994.537,4924.195,4939.64
2021-04-14,4945.687,4987.121,4940.27,4980.63
2021-04-15,4969.906,4969.906,4900.3,4948.97
2021-04-16,4966.899,4979.172,4917.959,4966.18
2021-04-19,4966.412,5088.214,4940.751,5087.02
2021-04-20,5065.781,5119.863,5058.93,5083.37
2021-04-21,5055.235,5110.558,5047.987,5098.74
2021-04-22,5114.277,5119.221,5067.135,5089.24
2021-04-23,5088.823,5149.979,5086.488,5135.45
2021-04-26,5156.597,5181.109,5072.961,5077.24
2021-04-27,5076.642,5095.985,5042.61,5090.52
2021-04-28,5073.971,5119.444,5059.261,5119.24
2021-04-29,5128.28,5170.586,5113.649,5164.17
2021-04-30,5156.357,5163.253,5094.93,5123.49
2021-05-06,5098.796,5132.894,5037.404,5061.12
2021-05-07,5073.453,5093.744,4996.034,4996.05
2021-05-10,5001.435,5019.391,4953.695,4992.42
2021-05-11,4956.08,5033.495,4925.916,5023.06
2021-05-12,5003.819,5051.17,4995.406,5044.55
2021-05-13,4992.348,5022.08,4975.442,4992.97
2021-05-14,5007.628,5112.984,4981.295,5110.59
2021-05-17,5115.311,5206.7,5115.311,5184.99
2021-05-18,5190.933,5201.671,5156.791,5187.6
2021-05-19,5173.165,5193.555,5151.637,5172.27
2021-05-20,5167.053,5201.591,5152.034,5186.41
2021-05-21,5199.13,5216.164,5123.119,5134.15
2021-05-24,5138.817,5155.59,5092.392,5155.59
2021-05-25,5165.038,5324.363,5161.526,5318.48
2021-05-26,5326.114,5344.281,5308.736,5320.59
2021-05-27,5311.369,5378.474,5286.047,5338.23
2021-05-28,5338.729,5360.279,5288.653,5321.09
2021-05-31,5318.083,5331.63,5281.685,5331.57
2021-06-01,5320.475,5343.753,5269.259,5341.68
2021-06-02,5348.341,5352.637,5266.782,5289.97
2021-06-03,5285.714,5314.374,5255.076,5255.29
2021-06-04,5228.279,5334.492,5221.231,5282.28
2021-06-07,5284.894,5286.845,5242.951,5277.63
2021-06-08,5276.975,5319.045,5201.144,5232.12
2021-06-09,5224.95,5253.357,5215.351,5236.45
2021-06-10,5236.473,5299.534,5229.523,5271.47
2021-06-11,5275.743,5276.101,5213.596,5224.7
2021-06-15,5218.565,5225.503,5137.409,5166.56
2021-06-16,5163.249,5164.519,5076.021,5080.49
2021-06-17,5074.382,5123.363,5073.819,5101.89
2021-06-18,5104.934,5128.035,5064.925,5102.47
2021-06-21,5088.094,5123.788,5058.575,5090.39
2021-06-22,5106.076,5125.821,5086.279,5122.16
2021-06-23,5127.187,5171.029,5109.753,5147.39
2021-06-24,5156.56,5160.431,5120.581,5155.97
2021-06-25,5159.803,5251.61,5157.478,5239.97
2021-06-28,5253.607,5260.637,5226.219,5251.76
2021-06-29,5248.52,5248.52,5182.673,5190.54
2021-06-30,5189.379,5231.425,5186.624,5224.04
2021-07-01,5241.2,5252.26,5190.872,5229.66
2021-07-02,5186.664,5186.664,5074.365,5081.12
2021-07-05,5073.777,5098.228,5048.002,5085.79
2021-07-06,5089.774,5092.202,5028.502,5083.1
2021-07-07,5052.421,5152.772,5045.406,5140.49
2021-07-08,5149.313,5151.22,5078.933,5088.26
2021-07-09,5063.152,5081.413,5006.416,5069.44
2021-07-12,5108.379,5159.413,5070.32,5132.71
2021-07-13,5128.615,5154.052,5114.944,5142.1
2021-07-14,5130.747,5130.747,5075.12,5083.08
2021-07-15,5073.261,5153.803,5067.674,5151.46
2021-07-16,5140.902,5140.902,5090.63,5094.77
2021-07-19,5083.723,5120.819,5047.619,5113.49
2021-07-20,5080.212,5113.999,5067.858,5108.99
2021-07-21,5122.782,5160.542,5122.302,5144.04
2021-07-22,5150.384,5171.208,5137.878,5151.75
2021-07-23,5145.432,5145.432,5079.999,5089.23
2021-07-26,5067.308,5067.308,4859.604,4925.3
2021-07-27,4924.279,4940.857,4749.03,4751.31
2021-07-28,4714.292,4785.654,4663.898,4760.48
2021-07-29,4845.756,4857.966,4800.008,4850.27
2021-07-30,4825.701,4825.701,4761.038,4811.17
2021-08-02,4794.824,4938.82,4761.464,4933.74
2021-08-03,4909.234,4957.031,4890.851,4934.46
2021-08-04,4927.738,4979.293,4919.659,4978.85
2021-08-05,4946.166,4997.139,4921.938,4948.67
2021-08-06,4943.038,4944.344,4891.792,4921.56
2021-08-09,4890.255,5002.892,4884.036,4985.56
2021-08-10,4977.818,5043.762,4941.241,5043.15
2021-08-11,5037.081,5059.788,5009.977,5015.34
2021-08-12,4998.073,5016.262,4962.984,4973.35
2021-08-13,4958.755,4993.74,4921.278,4945.98
2021-08-16,4935.925,4973.378,4931.371,4941.07
2021-08-17,4935.001,4967.561,4823.389,4837.4
2021-08-18,4838.473,4909.543,4818.903,4894.24
2021-08-19,4886.565,4893.468,4839.569,4862.14
2021-08-20,4817.496,4835.155,4720.828,4769.27
2021-08-23,4777.736,4843.821,4764.011,4835.88
2021-08-24,4844.592,4906.204,4842.747,4888.39
2021-08-25,4890.524,4899.768,4865.767,4898.16
2021-08-26,4892.205,4892.205,4798.696,4801.61
2021-08-27,4794.971,4863.466,4793.587,4827.04
2021-08-30,4847.035,4849.16,4787.2,4813.27
2021-08-31,4803.085,4821.757,4740.752,4805.61
2021-09-01,4804.688,4906.404,4763.301,4869.46
2021-09-02,4865.821,4892.704,4845.623,4869.41
2021-09-03,4875.063,4886.545,4828.697,4843.06
2021-09-06,4841.066,4944.454,4837.79,4933.73
2021-09-07,4932.977,5005.961,4915.613,4992.83
2021-09-08,4986.793,5013.974,4955.885,4972.13
2021-09-09,4952.489,4970.143,4929.947,4970.01
2021-09-10,4967.974,5042.798,4962.369,5013.52
2021-09-13,5006.775,5029.724,4964.96,4991.66
2021-09-14,4989.833,5000.976,4907.314,4917.16
2021-09-15,4903.848,4903.848,4843.117,4867.32
2021-09-16,4866.796,4879.533,4806.146,4807.7
2021-09-17,4797.113,4857.958,4786.087,4855.94
2021-09-22,4770.735,4830.852,4765.233,4821.77
2021-09-23,4848.227,4877.34,4837.562,4853.2
2021-09-24,4845.641,4897.062,4838.538,4849.43
2021-09-27,4870.849,4922.563,4852.2,4877.37
2021-09-28,4869.086,4901.313,4846.633,4883.83
2021-09-29,4846.023,4868.07,4799.879,4833.93
2021-09-30,4843.95,4876.07,4843.95,4866.38
2021-10-08,4915.729,4937.091,4891.624,4929.94
2021-10-11,4941.29,4983.728,4930.712,4936.19
2021-10-12,4920.663,4925.491,4840.773,4883.84
2021-10-13,4880.145,4953.376,4869.832,4940.11
2021-10-14,4934.255,4953.921,4903.247,4913.61
2021-10-15,4896.56,4939.817,4881.015,4932.11
2021-10-18,4922.518,4922.518,4844.943,4874.78
2021-10-19,4869.388,4928.14,4868.808,4922.72
2021-10-20,4926.768,4944.017,4898.361,4910.18
2021-10-21,4914.742,4946.181,4893.857,4928.02
2021-10-22,4934.874,4989.892,4934.874,4959.73
2021-10-25,4940.893,4981.647,4930.109,4979.52
2021-10-26,4983.24,5002.576,4953.481,4963.1
2021-10-27,4949.223,4949.223,4884.938,4898.16
2021-10-28,4882.588,4898.659,4846.28,4864.14
2021-10-29,4861.266,4908.77,4855.759,4908.77
2021-11-01,4878.133,4908.211,4858.253,4890.69
2021-11-02,4886.189,4911.231,4797.903,4839.85
2021-11-03,4835.807,4858.711,4804.364,4821.11
2021-11-04,4841.09,4873.938,4834.742,4868.74
2021-11-05,4858.904,4889.688,4841.749,4842.35
2021-11-08,4841.154,4866.083,4827.69,4848.18
2021-11-09,4858.248,4870.787,4818.535,4846.74
2021-11-10,4832.798,4832.798,4753.993,4821.19
2021-11-11,4814.762,4898.65,4809.108,4898.65
2021-11-12,4902.924,4909.079,4875.345,4888.37
2021-11-15,4894.414,4906.332,4863.398,4882.38
2021-11-16,4880.896,4915.371,4876.5,4883.32
2021-11-17,4883.244,4891.519,4864.515,4885.75
2021-11-18,4871.423,4871.423,4830.414,4837.62
2021-11-19,4832.062,4892.812,4829.569,4890.06
2021-11-22,4895.389,4918.997,4893.274,4912.4
2021-11-23,4905.763,4927.525,4896.882,4913.35
2021-11-24,4914.029,4935.491,4899.613,4916.66
2021-11-25,4917.604,4921.332,4891.726,4896.44
2021-11-26,4886.955,4886.955,4850.815,4860.13
2021-11-29,4820.002,4858.529,4818.702,4851.42
2021-11-30,4857.187,4871.257,4810.223,4832.03
2021-12-01,4831.888,4844.524,4823.925,4843.85
2021-12-02,4839.911,4866.848,4830.32,4856.16
2021-12-03,4856.983,4901.02,4853.353,4901.02
2021-12-06,4909.428,4943.902,4888.692,4892.62
2021-12-07,4930.825,4934.096,4895.217,4922.1
2021-12-08,4934.406,4995.93,4915.79,4995.93
2021-12-09,5000.687,5114.501,4999.409,5078.69
2021-12-10,5046.271,5060.059,5035.812,5055.12
2021-12-13,5090.02,5143.84,5079.726,5083.8
2021-12-14,5066.354,5075.219,5038.863,5049.7
2021-12-15,5036.285,5060.369,5003.778,5005.9
2021-12-16,5006.608,5034.73,4987.223,5034.73
2021-12-17,5021.339,5022.107,4954.759,4954.76
2021-12-20,4934.969,4971.675,4872.687,4880.42
2021-12-21,4876.519,4917.804,4872.954,4913.49
2021-12-22,4924.573,4936.669,4903.161,4914.45
2021-12-23,4924.292,4948.74,4906.749,4948.74
2021-12-24,4953.057,4964.901,4905.973,4921.34
2021-12-27,4918.142,4939.685,4894.156,4919.32
2021-12-28,4923.687,4959.141,4913.594,4955.96
2021-12-29,4958.645,4958.645,4883.48,4883.48
2021-12-30,4882.155,4940.177,4878.647,4921.51
2021-12-31,4937.46,4950.361,4923.136,4940.37
2022-01-04,4957.988,4961.458,4874.538,4917.77
2022-01-05,4907.935,4916.282,4851.984,4868.12
2022-01-06,4842.155,4857.558,4786.432,4818.23
2022-01-07,4824.319,4856.653,4818.194,4822.37
2022-01-10,4812.235,4844.398,4780.824,4844.05
2022-01-11,4840.005,4850.876,4791.882,4797.77
2022-01-12,4818.892,4852.733,4810.92,4845.58
2022-01-13,4853.032,4853.064,4765.243,4765.92
2022-01-14,4743.91,4764.05,4723.941,4726.73
2022-01-17,4728.763,4775.242,4726.712,4767.28
2022-01-18,4766.784,4826.303,4747.923,4813.35
2022-01-19,4815.812,4828.754,4755.932,4780.38
2022-01-20,4778.263,4845.005,4777.569,4823.51
2022-01-21,4808.769,4818.301,4762.56,4779.31
2022-01-24,4753.944,4801.1,4746.45,4786.74
2022-01-25,4761.949,4781.39,4678.246,4678.45
2022-01-26,4697.098,4718.994,4648.128,4712.31
2022-01-27,4708.102,4708.44,4616.031,4619.88
2022-01-28,4641.812,4660.517,4559.831,4563.77
2022-02-07,4638.576,4672.653,4615.005,4634.09
2022-02-08,4626.434,4626.434,4522.468,4608.77
2022-02-09,4608.148,4659.46,4595.282,4652.06
2022-02-10,4657.208,4657.208,4608.088,4639.86
2022-02-11,4617.879,4662.601,4595.88,4601.4
2022-02-14,4579.423,4593.635,4530.059,4551.69
2022-02-15,4553.809,4601.451,4550.541,4600.1
2022-02-16,4619.847,4643.101,4607.219,4617.99
2022-02-17,4616.891,4650.154,4606.948,4629.16
2022-02-18,4604.572,4651.346,4598.105,4651.24
2022-02-21,4646.048,4646.668,4613.293,4634.31
2022-02-22,4601.915,4602.063,4550.801,4574.15
2022-02-23,4582.01,4625.302,4579.298,4623.05
2022-02-24,4592.07,4610.88,4488.477,4529.32
2022-02-25,4564.627,4611.856,4561.892,4573.42
2022-02-28,4563.747,4581.65,4530.68,4581.65
2022-03-01,4597.859,4623.435,4583.921,4619.69
2022-03-02,4594.016,4594.016,4558.441,4578.6
2022-03-03,4595.026,4599.399,4544.433,4551.63
2022-03-04,4513.364,4539.393,4481.493,4496.43
2022-03-07,4462.52,4462.52,4338.307,4352.78
2022-03-08,4361.642,4383.646,4252.538,4265.39
2022-03-09,4280.983,4304.486,4068.197,4226.35
2022-03-10,4326.206,4335.676,4288.51,4292.84
2022-03-11,4231.194,4316.042,4176.451,4306.52
2022-03-14,4248.155,4280.363,4174.76,4174.76
2022-03-15,4125.484,4163.415,3983.81,3983.81
2022-03-16,4053.098,4168.585,3942.86,4156.08
2022-03-17,4237.677,4302.748,4217.809,4237.7
2022-03-18,4218.472,4283.366,4194.938,4265.9
2022-03-21,4280.144,4287.821,4223.028,4258.75
2022-03-22,4252.57,4283.339,4236.693,4255.3
2022-03-23,4269.611,4287.58,4241.96,4276.52
2022-03-24,4249.537,4273.961,4216.855,4251.31
2022-03-25,4249.069,4254.84,4173.925,4174.57
2022-03-28,4128.842,4174.124,4091.301,4148.47
2022-03-29,4155.414,4177.21,4124.714,4134.14
2022-03-30,4162.168,4254.1,4160.736,4254.1
2022-03-31,4234.719,4247.363,4214.538,4222.6
2022-04-01,4198.822,4290.673,4190.086,4276.16
2022-04-06,4258.831,4277.522,4236.727,4263.84
2022-04-07,4240.024,4278.113,4205.744,4209.1
2022-04-08,4213.214,4237.815,4175.532,4230.77
2022-04-11,4203.79,4203.79,4089.093,4100.07
2022-04-12,4102.969,4179.97,4075.794,4179.97
2022-04-13,4154.415,4194.04,4139.74,4139.74
2022-04-14,4172.646,4217.062,4155.552,4191.57
2022-04-15,4162.375,4211.32,4152.977,4188.75
2022-04-18,4152.926,4171.738,4119.99,4166.38
2022-04-19,4161.931,4186.937,4115.417,4134.9
2022-04-20,4130.544,4136.167,4060.505,4070.79
2022-04-21,4048.734,4086.439,3978.367,3995.83
2022-04-22,3967.202,4037.084,3953.722,4013.25
2022-04-25,3933.443,3958.207,3814.91,3814.91
2022-04-26,3822.489,3871.85,3773.899,3784.12
2022-04-27,3758.087,3895.735,3757.09,3895.54
2022-04-28,3883.422,3943.438,3873.581,3921.11
2022-04-29,3939.623,4017.427,3898.569,4016.24
2022-05-05,3995.353,4039.699,3988.931,4010.21
2022-05-06,3928.86,3947.243,3902.056,3908.82
2022-05-09,3883.955,3914.115,3854.939,3877.44
2022-05-10,3820.63,3932.684,3808.571,3919.87
2022-05-11,3917.929,4033.3,3916.522,3976.42
2022-05-12,3949.949,3985.927,3935.589,3958.74
2022-05-13,3983.82,4003.854,3957.139,3988.6
2022-05-16,4014.998,4018.03,3947.748,3956.54
2022-05-17,3961.757,4005.89,3955.098,4005.89
2022-05-18,4015.016,4017.344,3964.753,3991.91
2022-05-19,3938.298,3999.6,3933.747,3999.6
2022-05-20,4020.817,4077.602,4020.817,4077.6
2022-05-23,4080.967,4080.967,4029.082,4053.98
2022-05-24,4052.863,4055.779,3959.15,3959.15
2022-05-25,3959.769,3983.625,3946.81,3983.18
2022-05-26,3987.677,4015.742,3938.235,3993.04
2022-05-27,4022.711,4051.144,3983.385,4001.3
2022-05-30,4020.861,4040.821,4003.379,4029.02
2022-05-31,4031.764,4096.2,4020.38,4091.52
2022-06-01,4086.62,4094.904,4058.85,4083.18
2022-06-02,4064.002,4091.154,4057.915,4089.57
2022-06-06,4090.533,4166.62,4063.911,4166.09
2022-06-07,4165.691,4198.088,4155.17,4179.13
2022-06-08,4187.146,4224.808,4158.031,4219.81
2022-06-09,4211.717,4227.444,4160.877,4175.67
2022-06-10,4145.647,4241.351,4140.217,4238.99
2022-06-13,4194.455,4218.23,4156.712,4189.35
2022-06-14,4143.222,4224.084,4102.928,4222.31
2022-06-15,4228.295,4348.425,4228.295,4278.22
2022-06-16,4282.082,4302.92,4241.074,4250.06
2022-06-17,4219.23,4318.761,4218.677,4309.04
2022-06-20,4322.829,4368.353,4297.888,4330.43
2022-06-21,4327.92,4357.344,4287.145,4325.57
2022-06-22,4331.899,4333.18,4269.243,4270.62
2022-06-23,4277.958,4343.88,4260.902,4343.88
2022-06-24,4354.551,4400.683,4346.12,4394.77
2022-06-27,4414.328,4472.691,4414.328,4444.26
2022-06-28,4442.584,4497.898,4407.355,4490.52
2022-06-29,4472.738,4503.134,4413.999,4421.36
2022-06-30,4418.064,4514.996,4418.064,4485.01
2022-07-01,4489.522,4500.987,4449.294,4466.72
2022-07-04,4447.215,4496.033,4427.822,4496.03
2022-07-05,4505.459,4530.326,4439.453,4489.54
2022-07-06,4475.482,4484.362,4393.417,4423.97
2022-07-07,4425.278,4457.34,4391.19,4443.47
2022-07-08,4468.062,4479.493,4426.885,4428.78
2022-07-11,4406.151,4406.151,4330.585,4354.62
2022-07-12,4352.647,4370.343,4296.623,4313.62
2022-07-13,4313.357,4341.464,4284.94,4321.46
2022-07-14,4308.819,4352.094,4292.756,4322.07
2022-07-15,4299.474,4344.86,4248.53,4248.53
2022-07-18,4262.158,4300.782,4217.511,4292.59
2022-07-19,4288.444,4288.444,4238.824,4269.34
2022-07-20,4291.278,4303.364,4269.969,4283.8
2022-07-21,4270.365,4283.149,4236.052,4236.06
2022-07-22,4251.783,4275.466,4207.31,4238.23
2022-07-25,4233.924,4234.841,4201.915,4212.64
2022-07-26,4220.095,4259.99,4214.539,4245.98
2022-07-27,4236.159,4242.1,4217.286,4225.04
2022-07-28,4242.271,4267.915,4223.025,4225.67
2022-07-29,4226.423,4243.513,4160.872,4170.1
2022-08-01,4160.649,4196.576,4129.455,4188.68
2022-08-02,4144.373,4144.373,4071.427,4107.02
2022-08-03,4114.83,4150.985,4058.184,4066.98
2022-08-04,4089.445,4108.162,4064.663,4101.54
2022-08-05,4109.628,4159.484,4097.861,4156.91
2022-08-08,4142.106,4155.725,4135.076,4148.07
2022-08-09,4143.665,4161.808,4131.424,4156.29
2022-08-10,4149.21,4160.79,4092.548,4109.74
2022-08-11,4130.738,4193.809,4116.053,4193.54
2022-08-12,4185.419,4202.465,4175.048,4191.15
2022-08-15,4180.001,4219.919,4174.301,4185.68
2022-08-16,4190.529,4208.803,4170.522,4177.84
2022-08-17,4182.568,4222.788,4155.175,4216.96
2022-08-18,4205.786,4211.915,4173.542,4180.1
2022-08-19,4174.542,4185.654,4151.07,4151.07
2022-08-22,4135.166,4183.653,4134.204,4181.4
2022-08-23,4175.529,4187.385,4147.411,4161.08
2022-08-24,4168.577,4174.157,4079.094,4082.42
2022-08-25,4093.296,4119.62,4058.746,4116.24
2022-08-26,4127.819,4139.793,4102.686,4107.55
2022-08-29,4063.882,4092.947,4059.596,4089.52
2022-08-30,4088.523,4093.132,4048.521,4075.79
2022-08-31,4057.144,4112.848,4046.622,4078.84
2022-09-01,4066.187,4090.886,4041.128,4043.74
2022-09-02,4054.839,4056.178,4004.908,4023.61
2022-09-05,4010.409,4017.002,3982.743,4015.43
2022-09-06,4024.472,4054.004,4009.583,4052.28
2022-09-07,4032.72,4067.54,4028.371,4054.98
2022-09-08,4059.165,4067.754,4036.019,4037.68
2022-09-09,4050.588,4099.011,4042.252,4093.79
2022-09-13,4112.008,4128.107,4097.136,4111.11
2022-09-14,4058.045,4089.06,4047.92,4065.36
2022-09-15,4078.651,4088.809,3998.858,4027.12
2022-09-16,4013.581,4019.408,3932.68,3932.68
2022-09-19,3928.424,3953.649,3910.311,3928.0
2022-09-20,3945.651,3957.558,3921.692,3932.84
2022-09-21,3921.313,3924.387,3884.222,3903.73
2022-09-22,3875.173,3900.269,3860.227,3869.34
2022-09-23,3865.104,3888.395,3829.69,3856.02
2022-09-26,3829.598,3893.321,3827.952,3836.68
2022-09-27,3844.074,3893.033,3827.931,3892.3
2022-09-28,3879.44,3879.44,3828.055,3828.71
2022-09-29,3864.313,3873.179,3808.646,3827.14
2022-09-30,3833.355,3848.606,3801.284,3804.89
2022-10-10,3806.563,3807.461,3715.718,3720.94
2022-10-11,3732.022,3739.812,3706.066,3727.69
2022-10-12,3722.87,3784.31,3661.529,3784.31
2022-10-13,3756.415,3783.593,3749.636,3752.67
2022-10-14,3783.316,3863.227,3780.842,3842.47
2022-10-17,3822.241,3849.619,3809.118,3846.41
2022-10-18,3865.829,3870.219,3831.175,3838.27
2022-10-19,3827.462,3840.483,3776.53,3776.53
2022-10-20,3746.582,3804.25,3726.795,3754.93
2022-10-21,3753.887,3768.687,3724.687,3742.89
2022-10-24,3727.912,3762.155,3619.984,3633.37
2022-10-25,3621.931,3670.728,3594.697,3627.45
2022-10-26,3633.308,3700.877,3633.308,3656.9
2022-10-27,3667.66,3685.079,3631.059,3631.14
2022-10-28,3605.16,3618.865,3533.5,3541.33
2022-10-31,3504.504,3553.384,3495.948,3508.7
2022-11-01,3519.814,3634.17,3517.618,3634.17
2022-11-02,3620.374,3703.47,3610.808,3677.81
2022-11-03,3645.064,3670.161,3628.502,3647.9
2022-11-04,3646.766,3782.878,3646.766,3767.17
2022-11-07,3754.526,3792.797,3746.375,3775.3
2022-11-08,3773.666,3779.12,3723.346,3749.33
2022-11-09,3750.782,3760.406,3711.268,3714.27
2022-11-10,3685.829,3701.532,3665.06,3685.69
2022-11-11,3787.758,3828.902,3747.091,3788.44
2022-11-14,3818.148,3848.415,3781.781,3794.02
2022-11-15,3788.924,3871.64,3775.496,3865.97
2022-11-16,3860.811,3877.678,3829.313,3834.39
2022-11-17,3821.267,3821.738,3776.57,3818.66
2022-11-18,3823.822,3840.303,3801.57,3801.57
2022-11-21,3769.63,3769.876,3733.998,3769.13
2022-11-22,3766.079,3809.855,3751.042,3769.57
2022-11-23,3760.217,3791.18,3753.215,3773.53
2022-11-24,3791.542,3804.901,3751.384,3756.81
2022-11-25,3751.286,3790.57,3743.417,3775.78
2022-11-28,3701.9,3736.079,3672.128,3733.24
2022-11-29,3766.568,3854.772,3766.568,3848.42
2022-11-30,3836.563,3867.663,3833.831,3853.04
2022-12-01,3921.297,3944.566,3893.873,3894.77
2022-12-02,3886.405,3898.117,3865.886,3870.95
2022-12-05,3907.641,3947.48,3900.678,3946.88
2022-12-06,3929.008,3988.903,3922.999,3968.2
2022-12-07,3956.671,3999.586,3944.182,3958.44
2022-12-08,3953.199,3971.493,3941.297,3959.18
2022-12-09,3961.988,4003.314,3944.436,3998.24
2022-12-12,3976.169,3983.429,3950.317,3953.44
2022-12-13,3953.547,3964.394,3939.978,3945.68
2022-12-14,3952.793,3972.742,3935.771,3954.89
2022-12-15,3954.673,3963.501,3926.501,3951.99
2022-12-16,3931.235,3960.473,3929.49,3954.23
2022-12-19,3952.77,3966.567,3878.436,3893.22
2022-12-20,3881.228,3881.276,3811.478,3829.02
2022-12-21,3839.003,3853.729,3821.405,3830.54
2022-12-22,3859.206,3882.128,3821.344,3836.03
2022-12-23,3811.618,3848.345,3805.95,3828.22
2022-12-26,3830.57,3856.808,3827.52,3843.49
2022-12-27,3860.901,3891.846,3856.576,3887.85
2022-12-28,3874.909,3884.716,3854.936,3871.26
2022-12-29,3854.236,3868.293,3838.48,3856.7
2022-12-30,3873.932,3887.549,3868.753,3871.63
2023-01-03,3864.836,3893.991,3831.246,3887.9
2023-01-04,3886.253,3905.905,3873.657,3892.95
2023-01-05,3913.494,3974.877,3912.262,3968.58
2023-01-06,3969.55,4000.415,3966.471,3980.89
2023-01-09,3998.528,4023.091,3990.708,4013.12
2023-01-10,4014.709,4030.453,4002.226,4017.47
2023-01-11,4019.883,4043.398,4008.014,4010.03
2023-01-12,4021.756,4030.289,4003.509,4017.87
2023-01-13,4032.293,4074.38,4027.889,4074.38
2023-01-16,4077.875,4177.099,4076.635,4137.96
2023-01-17,4138.842,4148.582,4118.155,4137.24
2023-01-18,4140.098,4151.454,4125.765,4130.31
2023-01-19,4125.579,4156.01,4105.982,4156.01
2023-01-20,4166.847,4189.834,4161.672,4181.53
2023-01-30,4267.63,4268.157,4197.865,4201.35
2023-01-31,4200.583,4212.737,4153.05,4156.86
2023-02-01,4170.129,4195.93,4137.763,4195.93
2023-02-02,4207.413,4207.413,4170.557,4181.15
2023-02-03,4162.024,4162.024,4103.163,4141.63
2023-02-06,4103.833,4105.947,4065.224,4086.88
2023-02-07,4098.308,4107.34,4077.959,4094.23
2023-02-08,4099.856,4111.473,4072.646,4076.14
2023-02-09,4067.567,4130.86,4064.752,4130.86
2023-02-10,4124.099,4125.29,4092.348,4106.31
2023-02-13,4098.875,4146.446,4092.269,4143.57
2023-02-14,4151.247,4152.049,4125.258,4145.29
2023-02-15,4146.855,4153.717,4115.968,4123.69
2023-02-16,4125.411,4167.903,4068.862,4093.49
2023-02-17,4086.227,4104.643,4032.932,4034.51
2023-02-20,4039.963,4134.863,4035.477,4133.49
2023-02-21,4130.06,4151.796,4116.268,4144.35
2023-02-22,4118.966,4134.875,4101.859,4106.95
2023-02-23,4106.218,4132.393,4088.211,4103.65
2023-02-24,4100.994,4102.614,4048.242,4061.05
2023-02-27,4040.453,4067.025,4034.519,4043.84
2023-02-28,4058.131,4074.265,4026.449,4069.46
2023-03-01,4068.732,4135.48,4061.215,4126.94
2023-03-02,4119.994,4137.255,4113.829,4117.74
2023-03-03,4126.017,4135.21,4100.381,4130.55
2023-03-06,4131.152,4132.836,4088.448,4109.01
2023-03-07,4103.64,4124.959,4046.566,4048.85
2023-03-08,4030.741,4037.289,4011.525,4034.11
2023-03-09,4035.843,4043.849,4000.89,4019.85
2023-03-10,3991.801,4004.366,3966.433,3967.14
2023-03-13,3962.646,4008.69,3962.646,4008.69
2023-03-14,3999.885,4001.946,3946.945,3984.7
2023-03-15,4011.842,4018.748,3986.9,3986.9
2023-03-16,3958.196,3981.32,3936.475,3939.15
2023-03-17,3971.159,4004.216,3945.251,3958.82
2023-03-20,3962.666,3979.552,3935.019,3939.08
2023-03-21,3948.159,3982.707,3948.159,3982.38
2023-03-22,3993.782,4016.447,3986.707,3999.44
2023-03-23,3985.993,4039.09,3983.999,4039.09
2023-03-24,4035.161,4037.846,4017.007,4027.05
2023-03-27,4023.306,4023.306,3987.032,4012.48
2023-03-28,4015.693,4023.779,3994.595,3999.51
2023-03-29,4013.588,4017.753,3992.662,4006.14
2023-03-30,4009.562,4040.507,3983.9,4038.53
2023-03-31,4045.458,4063.572,4039.963,4050.93
2023-04-03,4059.625,4094.94,4059.063,4090.57
2023-04-04,4089.298,4103.163,4080.073,4103.11
2023-04-06,4084.132,4098.833,4078.405,4096.64
2023-04-07,4096.901,4131.313,4092.185,4123.28
2023-04-10,4132.008,4132.293,4099.05,4104.81
2023-04-11,4108.508,4116.126,4083.497,4100.15
2023-04-12,4102.399,4108.248,4090.281,4097.29
2023-04-13,4081.388,4088.882,4059.575,4068.98
2023-04-14,4078.971,4098.216,4075.206,4092.0
2023-04-17,4090.069,4149.38,4089.506,4149.38
2023-04-18,4139.306,4169.666,4138.46,4162.03
2023-04-19,4159.395,4159.395,4118.627,4124.56
2023-04-20,4122.947,4125.824,4094.003,4113.02
2023-04-21,4114.267,4114.267,4031.915,4032.57
2023-04-24,4031.3,4033.633,3967.904,3982.64
2023-04-25,3985.11,3991.691,3925.44,3962.67
2023-04-26,3950.253,3975.654,3934.66,3959.23
2023-04-27,3948.032,3999.131,3942.817,3988.42
2023-04-28,3993.26,4030.451,3993.26,4029.09
2023-05-04,4013.474,4035.786,4001.129,4030.25
2023-05-05,4031.097,4047.604,3998.394,4016.88
2023-05-08,4028.103,4070.77,4018.958,4062.66
2023-05-09,4065.444,4092.855,4026.393,4027.88
2023-05-10,4017.936,4019.059,3984.629,3996.87
2023-05-11,4005.778,4018.054,3988.477,3990.66
2023-05-12,3987.767,3999.381,3937.525,3937.76
2023-05-15,3938.833,3998.89,3923.034,3998.89
2023-05-16,4002.528,4005.019,3966.997,3978.21
2023-05-17,3971.707,3982.609,3945.718,3960.17
2023-05-18,3965.516,3982.718,3939.553,3956.07
2023-05-19,3946.221,3967.281,3928.316,3944.54
2023-05-22,3941.004,3985.406,3935.804,3969.33
2023-05-23,3968.236,3971.941,3913.19,3913.19
2023-05-24,3903.778,3903.778,3859.09,3859.09
2023-05-25,3851.406,3861.382,3817.837,3850.5
2023-05-26,3848.416,3859.628,3815.569,3850.95
2023-05-29,3862.082,3866.722,3819.181,3833.94
2023-05-30,3827.789,3844.002,3789.271,3837.75
2023-05-31,3827.16,3827.16,3781.4,3798.54
2023-06-01,3788.592,3832.207,3786.737,3806.87
2023-06-02,3821.616,3865.281,3821.616,3861.83
2023-06-05,3860.556,3860.556,3832.459,3844.25
2023-06-06,3840.456,3867.842,3802.842,3808.16
2023-06-07,3815.481,3823.111,3780.101,3789.34
2023-06-08,3791.086,3834.392,3777.778,3820.19
2023-06-09,3822.406,3836.7,3811.216,3836.7
2023-06-12,3827.323,3859.713,3813.855,3844.43
2023-06-13,3838.131,3867.306,3833.462,3864.91
2023-06-14,3872.711,3891.661,3862.056,3864.02
2023-06-15,3871.775,3925.5,3871.775,3925.5
2023-06-16,3932.211,3968.012,3928.541,3963.35
2023-06-19,3957.035,3957.035,3922.476,3930.91
2023-06-20,3926.096,3937.497,3918.475,3924.24
2023-06-21,3909.102,3920.125,3864.03,3864.03
2023-06-26,3833.447,3841.29,3801.057,3809.7
2023-06-27,3811.684,3851.892,3806.321,3845.43
2023-06-28,3836.61,3846.853,3808.162,3840.8
2023-06-29,3836.727,3840.71,3817.373,3821.84
2023-06-30,3816.333,3860.029,3813.55,3842.45
2023-07-03,3853.29,3897.325,3853.29,3892.88
2023-07-04,3888.03,3899.972,3878.394,3899.01
2023-07-05,3895.199,3899.523,3864.135,3868.81
2023-07-06,3857.026,3876.885,3836.453,3842.75
2023-07-07,3831.597,3844.845,3819.078,3825.7
2023-07-10,3841.562,3865.46,3831.923,3844.33
2023-07-11,3853.799,3870.659,3844.528,3869.49
2023-07-12,3864.604,3874.043,3838.566,3843.44
2023-07-13,3855.659,3901.099,3855.659,3898.42
2023-07-14,3904.601,3908.484,3893.783,3899.1
2023-07-17,3881.617,3881.617,3852.258,3867.17
2023-07-18,3871.045,3871.045,3844.514,3854.94
2023-07-19,3848.486,3860.013,3830.411,3850.87
2023-07-20,3857.768,3875.619,3818.709,3823.69
2023-07-21,3816.983,3849.511,3808.803,3821.91
2023-07-24,3803.348,3828.784,3798.804,3805.22
2023-07-25,3866.649,3915.82,3866.649,3915.12
2023-07-26,3908.171,3912.981,3893.396,3907.01
2023-07-27,3914.234,3935.362,3894.697,3902.35
2023-07-28,3889.795,4000.921,3886.556,3992.74
2023-07-31,4018.889,4064.362,4002.078,4014.63
2023-08-01,4009.182,4031.7,3983.026,3998.0
2023-08-02,3985.7,4008.339,3958.518,3969.9
2023-08-03,3962.126,4004.995,3962.126,4004.98
2023-08-04,4033.725,4058.244,4011.621,4020.58
2023-08-07,4002.965,4002.965,3977.014,3990.15
2023-08-08,3980.04,4002.288,3963.461,3979.73
2023-08-09,3967.362,3982.114,3961.849,3967.57
2023-08-10,3962.86,3976.467,3945.39,3975.72
2023-08-11,3977.979,3977.979,3884.25,3884.25
2023-08-14,3840.891,3859.475,3814.075,3855.91
2023-08-15,3858.371,3865.288,3811.688,3846.54
2023-08-16,3830.824,3852.416,3817.629,3818.33
2023-08-17,3801.196,3836.15,3782.496,3831.1
2023-08-18,3832.452,3844.191,3784.0,3784.0
2023-08-21,3773.23,3782.116,3729.56,3729.56
2023-08-22,3748.07,3770.058,3704.681,3758.23
2023-08-23,3751.769,3756.162,3695.027,3696.63
2023-08-24,3711.541,3748.857,3701.572,3723.43
2023-08-25,3703.512,3734.217,3695.842,3709.15
2023-08-28,3911.549,3911.549,3740.529,3752.62
2023-08-29,3743.057,3810.38,3742.079,3790.11
2023-08-30,3803.119,3813.704,3780.241,3788.51
2023-08-31,3786.928,3793.999,3762.007,3765.27
2023-09-01,3778.912,3808.529,3778.912,3791.49
2023-09-04,3812.986,3854.259,3804.587,3848.95
2023-09-05,3839.581,3839.581,3814.337,3820.32
2023-09-06,3808.102,3817.526,3790.897,3812.03
2023-09-07,3802.222,3802.222,3756.848,3758.47
2023-09-08,3747.648,3753.26,3724.984,3739.99
2023-09-11,3740.588,3788.325,3734.726,3767.54
2023-09-12,3764.329,3775.088,3755.412,3760.6
2023-09-13,3759.608,3768.815,3719.11,3736.65
2023-09-14,3736.938,3748.82,3717.313,3733.51
2023-09-15,3740.789,3749.028,3699.384,3708.78
2023-09-18,3698.933,3737.529,3691.11,3727.71
2023-09-19,3723.422,3724.07,3702.691,3720.5
2023-09-20,3715.958,3718.521,3705.128,3705.69
2023-09-21,3698.308,3708.451,3672.44,3672.44
2023-09-22,3672.637,3740.415,3664.763,3738.93
2023-09-25,3738.059,3738.059,3711.201,3714.6
2023-09-26,3711.708,3723.845,3692.614,3692.89
2023-09-27,3694.966,3731.146,3694.399,3700.5
2023-09-28,3711.215,3716.06,3685.303,3689.52
2023-10-09,3678.932,3694.174,3641.999,3684.73
2023-10-10,3696.258,3701.26,3655.593,3657.13
2023-10-11,3674.753,3689.536,3658.357,3667.55
2023-10-12,3697.931,3711.496,3682.839,3702.38
2023-10-13,3677.958,3678.191,3652.309,3663.41
2023-10-16,3664.042,3664.042,3615.772,3626.6
2023-10-17,3635.298,3645.563,3619.126,3639.4
2023-10-18,3631.07,3632.061,3608.98,3610.58
2023-10-19,3588.511,3588.511,3532.301,3533.54
2023-10-20,3518.348,3535.663,3501.726,3510.59
2023-10-23,3500.195,3505.343,3450.642,3474.24
2023-10-24,3481.764,3495.004,3453.101,3487.13
2023-10-25,3524.299,3531.834,3500.918,3504.46
2023-10-26,3484.776,3515.567,3478.045,3514.14
2023-10-27,3501.176,3576.591,3494.553,3562.39
2023-10-30,3554.104,3592.717,3554.022,3583.77
2023-10-31,3581.68,3581.68,3554.587,3572.51
2023-11-01,3605.761,3606.416,3564.645,3571.03
2023-11-02,3580.068,3597.171,3553.741,3554.19
2023-11-03,3558.534,3596.105,3558.534,3584.14
2023-11-06,3608.32,3635.791,3600.632,3632.61
2023-11-07,3623.786,3628.462,3606.298,3619.76
2023-11-08,3610.641,3627.046,3591.823,3611.07
2023-11-09,3603.112,3624.418,3601.378,3612.83
2023-11-10,3596.07,3599.453,3576.102,3586.49
2023-11-13,3593.907,3599.386,3562.764,3579.41
2023-11-14,3581.105,3600.15,3568.884,3582.06
2023-11-15,3616.881,3620.606,3596.92,3607.25
2023-11-16,3600.977,3605.286,3572.359,3572.36
2023-11-17,3561.313,3573.684,3547.03,3568.07
2023-11-20,3569.728,3586.97,3545.101,3576.32
2023-11-21,3587.88,3615.06,3575.685,3581.07
2023-11-22,3569.442,3574.382,3544.42,3544.42
2023-11-23,3541.441,3562.067,3529.939,3561.52
2023-11-24,3560.648,3560.648,3533.997,3538.01
2023-11-27,3534.442,3534.442,3492.86,3511.94
2023-11-28,3510.652,3521.043,3501.106,3518.52
2023-11-29,3518.886,3519.201,3482.247,3488.31
2023-11-30,3485.514,3505.124,3481.449,3496.2
2023-12-01,3494.222,3494.222,3452.171,3482.88
2023-12-04,3481.047,3488.135,3459.613,3460.14
2023-12-05,3450.093,3450.093,3393.817,3394.26
2023-12-06,3387.882,3420.279,3382.948,3399.6
2023-12-07,3394.304,3404.405,3369.765,3391.28
2023-12-08,3391.857,3409.383,3383.446,3399.46
2023-12-11,3378.047,3426.606,3346.885,3419.45
2023-12-12,3409.994,3427.543,3406.098,3426.8
2023-12-13,3418.646,3418.646,3369.61,3369.61
2023-12-14,3387.381,3399.135,3350.761,3351.96
2023-12-15,3365.937,3388.503,3339.517,3341.55
2023-12-18,3329.195,3352.35,3314.914,3329.37
2023-12-19,3325.658,3345.778,3313.186,3334.04
2023-12-20,3334.33,3338.541,3297.363,3297.5
2023-12-21,3285.605,3339.356,3283.989,3330.87
2023-12-22,3329.469,3359.062,3315.9,3337.23
2023-12-25,3330.333,3348.881,3330.333,3347.45
2023-12-26,3345.395,3345.417,3315.937,3324.79
2023-12-27,3326.93,3341.269,3309.676,3336.36
2023-12-28,3335.557,3423.402,3331.208,3414.54
2023-12-29,3411.109,3432.541,3409.58,3431.11
2024-01-02,3426.266,3426.266,3386.35,3386.35
2024-01-03,3379.753,3392.853,3362.665,3378.3
2024-01-04,3375.019,3375.019,3323.863,3347.05
2024-01-05,3341.305,3372.543,3313.553,3329.11
2024-01-08,3322.609,3333.52,3283.346,3286.06
2024-01-09,3286.709,3304.601,3273.844,3292.5
2024-01-10,3281.67,3312.917,3268.248,3277.13
2024-01-11,3275.307,3311.112,3266.789,3295.67
2024-01-12,3284.361,3310.474,3279.702,3284.17
2024-01-15,3270.103,3306.922,3261.269,3280.92
2024-01-16,3272.575,3300.88,3260.44,3300.88
2024-01-17,3291.137,3291.137,3229.08,3229.08
2024-01-18,3214.286,3279.255,3171.634,3274.73
2024-01-19,3261.243,3286.945,3251.817,3269.78
2024-01-22,3262.467,3281.419,3193.176,3218.9
2024-01-23,3208.429,3249.527,3188.123,3231.93
2024-01-24,3245.96,3281.49,3190.468,3277.11
2024-01-25,3274.34,3344.244,3269.795,3342.92
2024-01-26,3326.645,3351.968,3315.125,3333.82
2024-01-29,3335.393,3351.371,3303.96,3303.96
2024-01-30,3283.899,3300.205,3244.973,3245.04
2024-01-31,3231.541,3252.146,3201.925,3215.35
2024-02-01,3202.255,3251.757,3191.896,3217.71
2024-02-02,3219.876,3235.41,3108.354,3179.63
2024-02-05,3164.248,3233.847,3111.516,3200.42
2024-02-06,3185.248,3314.51,3182.819,3311.69
2024-02-07,3314.03,3343.63,3289.67,3343.63
2024-02-08,3351.405,3367.21,3336.978,3364.93
2024-02-19,3393.194,3403.81,3364.144,3403.81
2024-02-20,3395.188,3415.89,3380.099,3410.85
2024-02-21,3390.361,3500.132,3383.69,3456.87
2024-02-22,3450.347,3486.678,3448.409,3486.67
2024-02-23,3491.335,3507.558,3472.966,3489.74
2024-02-26,3485.544,3492.608,3445.391,3453.36
2024-02-27,3440.054,3494.79,3437.445,3494.79
2024-02-28,3499.826,3521.658,3450.26,3450.26
2024-02-29,3437.896,3516.08,3437.896,3516.08
2024-03-01,3515.055,3544.356,3503.455,3537.8
2024-03-04,3538.368,3548.692,3519.761,3540.87
2024-03-05,3524.96,3570.689,3519.077,3565.51
2024-03-06,3556.534,3577.39,3545.103,3551.05
2024-03-07,3548.101,3569.919,3522.897,3529.72
2024-03-08,3529.551,3548.505,3511.577,3544.91
2024-03-11,3545.939,3589.26,3542.275,3589.26
2024-03-12,3592.579,3605.694,3574.208,3597.49
2024-03-13,3594.42,3594.42,3563.368,3572.36
2024-03-14,3571.785,3597.457,3545.609,3562.22
2024-03-15,3554.904,3572.806,3533.677,3569.99
2024-03-18,3577.058,3604.054,3573.406,3603.53
2024-03-19,3593.339,3610.738,3577.187,3577.63
2024-03-20,3568.712,3589.542,3568.43,3585.38
2024-03-21,3593.07,3601.114,3575.033,3581.09
2024-03-22,3571.271,3575.715,3522.838,3545.0
2024-03-25,3536.71,3564.957,3525.76,3525.76
2024-03-26,3526.685,3547.649,3518.605,3543.75
2024-03-27,3538.728,3542.966,3502.79,3502.79
2024-03-28,3498.477,3551.209,3489.381,3520.96
2024-03-29,3516.879,3538.234,3516.879,3537.48
2024-04-01,3551.585,3600.922,3551.585,3595.65
2024-04-02,3593.225,3596.194,3568.758,3580.68
2024-04-03,3578.68,3582.429,3558.871,3567.8
2024-04-08,3553.558,3567.822,3535.771,3536.41
2024-04-09,3533.388,3543.717,3518.863,3533.49
2024-04-10,3528.969,3531.231,3490.054,3504.71
2024-04-11,3485.025,3520.585,3484.921,3504.24
2024-04-12,3505.751,3516.7,3470.062,3475.84
2024-04-15,3473.509,3552.417,3473.509,3549.08
2024-04-16,3533.359,3545.499,3503.611,3511.11
2024-04-17,3509.129,3565.936,3498.029,3565.4
2024-04-18,3550.555,3602.788,3547.598,3569.8
2024-04-19,3550.607,3560.947,3529.322,3541.66
2024-04-22,3536.18,3558.159,3528.014,3530.9
2024-04-23,3525.663,3533.753,3499.979,3506.22
2024-04-24,3514.009,3524.535,3495.648,3521.62
2024-04-25,3510.638,3543.969,3505.198,3530.28
2024-04-26,3531.966,3588.402,3531.966,3584.27
2024-04-29,3584.54,3645.821,3578.757,3623.91
2024-04-30,3619.254,3630.705,3604.39,3604.39
2024-05-06,3654.052,3668.26,3645.741,3657.88
2024-05-07,3657.003,3665.687,3648.378,3659.01
2024-05-08,3650.745,3650.932,3628.695,3630.22
2024-05-09,3630.413,3669.758,3630.413,3664.56
2024-05-10,3669.09,3674.612,3641.767,3666.28
2024-05-13,3646.348,3673.62,3634.604,3664.69
2024-05-14,3668.23,3675.781,3646.714,3657.05
2024-05-15,3651.058,3656.532,3624.006,3626.06
2024-05-16,3636.601,3657.484,3626.335,3640.36
2024-05-17,3638.562,3677.97,3627.447,3677.97
2024-05-20,3682.059,3703.026,3677.44,3690.96
2024-05-21,3682.286,3684.61,3665.151,3676.16
2024-05-22,3675.646,3691.879,3667.087,3684.45
2024-05-23,3672.838,3674.364,3633.503,3641.79
2024-05-24,3630.831,3650.878,3599.672,3601.48
2024-05-27,3606.647,3638.153,3603.715,3635.71
2024-05-28,3633.251,3638.968,3605.919,3609.17
2024-05-29,3609.068,3633.195,3602.818,3613.52
2024-05-30,3607.05,3624.033,3586.752,3594.31
2024-05-31,3599.815,3614.639,3579.92,3579.92
2024-06-03,3577.381,3600.606,3567.873,3588.75
2024-06-04,3583.809,3622.5,3580.276,3615.67
2024-06-05,3610.357,3623.32,3594.102,3594.79
2024-06-06,3602.16,3625.015,3584.176,3592.25
2024-06-07,3594.629,3603.066,3552.081,3574.11
2024-06-11,3555.821,3565.314,3525.897,3542.88
2024-06-12,3539.092,3551.168,3531.563,3544.12
2024-06-13,3548.216,3551.077,3520.18,3526.13
2024-06-14,3514.797,3547.144,3503.52,3541.53
2024-06-17,3521.438,3540.794,3520.739,3536.2
2024-06-18,3533.487,3551.708,3532.784,3545.59
2024-06-19,3543.361,3543.361,3524.846,3528.75
2024-06-20,3525.167,3533.985,3500.129,3503.28
2024-06-21,3496.343,3505.513,3473.829,3495.62
2024-06-24,3473.639,3505.775,3471.216,3476.81
2024-06-25,3475.162,3483.217,3440.644,3457.9
2024-06-26,3451.534,3487.391,3442.293,3480.26
2024-06-27,3467.291,3471.145,3452.58,3454.12
2024-06-28,3443.677,3484.681,3443.677,3461.66
2024-07-01,3458.261,3479.952,3443.806,3478.18
2024-07-02,3472.457,3488.323,3464.528,3471.79
2024-07-03,3471.551,3478.7,3454.99,3463.41
2024-07-04,3468.293,3483.307,3444.925,3445.81
2024-07-05,3443.358,3451.038,3399.669,3431.06
2024-07-08,3420.803,3428.042,3395.912,3401.76
2024-07-09,3396.803,3448.927,3384.808,3439.81
2024-07-10,3425.886,3447.509,3423.652,3428.97
2024-07-11,3451.045,3473.985,3438.119,3468.17
2024-07-12,3459.955,3479.094,3457.362,3472.4
2024-07-15,3462.614,3481.465,3460.795,3476.25
2024-07-16,3466.849,3500.292,3464.363,3498.28
2024-07-17,3494.205,3514.472,3486.219,3501.58
2024-07-18,3483.297,3522.798,3475.723,3520.93
2024-07-19,3500.81,3545.343,3493.078,3539.02
2024-07-22,3538.396,3540.182,3494.009,3514.92
2024-07-23,3509.791,3509.791,3439.88,3439.88
2024-07-24,3432.35,3451.423,3408.417,3418.17
2024-07-25,3404.61,3415.854,3383.798,3399.27
2024-07-26,3403.705,3420.817,3388.657,3409.29
2024-07-29,3404.364,3408.5,3388.843,3390.74
2024-07-30,3380.687,3380.687,3352.802,3369.38
2024-07-31,3364.023,3445.0,3364.023,3442.08
2024-08-01,3443.143,3448.34,3419.191,3419.27
2024-08-02,3393.915,3419.1,3380.963,3384.39
2024-08-05,3362.111,3409.031,3343.32,3343.32
2024-08-06,3367.353,3376.797,3318.626,3342.98
2024-08-07,3338.592,3362.385,3329.967,3341.49
2024-08-08,3332.431,3364.788,3320.846,3342.94
2024-08-09,3358.13,3366.671,3331.63,3331.63
2024-08-12,3327.552,3338.073,3319.886,3325.86
2024-08-13,3328.013,3335.013,3310.191,3334.39
2024-08-14,3332.788,3332.788,3309.101,3309.24
2024-08-15,3301.442,3356.761,3297.968,3341.95
2024-08-16,3342.031,3356.903,3335.62,3345.63
2024-08-19,3344.264,3375.965,3343.714,3356.97
2024-08-20,3361.636,3362.33,3321.636,3332.7
2024-08-21,3322.918,3339.448,3307.996,3321.64
2024-08-22,3322.876,3327.7,3305.25,3313.14
2024-08-23,3305.93,3336.241,3305.64,3327.19
2024-08-26,3330.715,3336.524,3311.567,3324.22
2024-08-27,3315.682,3320.563,3299.56,3305.33
2024-08-28,3298.913,3305.354,3274.593,3286.5
2024-08-29,3273.54,3290.784,3269.528,3277.68
2024-08-30,3273.751,3351.623,3273.647,3321.43
2024-09-02,3307.542,3307.762,3264.756,3265.01
2024-09-03,3261.743,3281.595,3261.19,3273.43
2024-09-04,3253.893,3272.981,3249.976,3252.16
2024-09-05,3252.962,3266.884,3247.175,3257.76
2024-09-06,3261.159,3274.819,3231.073,3231.35
2024-09-09,3214.798,3222.926,3180.926,3192.95
2024-09-10,3193.46,3205.102,3171.798,3195.76
2024-09-11,3187.051,3197.336,3174.034,3186.13
2024-09-12,3189.422,3201.55,3171.873,3172.47
2024-09-13,3174.037,3188.917,3159.25,3159.25
2024-09-18,3158.818,3179.901,3145.791,3171.01
2024-09-19,3178.4,3213.842,3149.797,3196.04
2024-09-20,3192.432,3207.988,3173.224,3201.05
2024-09-23,3200.864,3230.157,3198.021,3212.76
2024-09-24,3244.648,3351.969,3222.489,3351.91
2024-09-25,3403.699,3465.485,3393.435,3401.53
2024-09-26,3399.318,3545.325,3391.677,3545.32
2024-09-27,3617.915,3708.49,3596.578,3703.68
2024-09-30,3846.647,4038.692,3796.5,4017.85
2024-10-08,4450.371,4450.371,4094.355,4256.1
2024-10-09,4168.84,4197.596,3942.508,3955.98
2024-10-10,3979.614,4098.499,3912.773,3997.79
2024-10-11,3969.76,3978.242,3847.126,3887.17
2024-10-14,3915.217,3979.541,3868.777,3961.34
2024-10-15,3942.529,3967.866,3855.99,3855.99
2024-10-16,3806.138,3877.749,3805.088,3831.59
2024-10-17,3853.839,3882.071,3787.748,3788.22
2024-10-18,3780.311,3998.21,3765.158,3925.23
2024-10-21,3946.904,3979.266,3896.167,3935.2
2024-10-22,3923.749,3965.913,3917.526,3957.78
2024-10-23,3955.32,4012.181,3939.1,3973.21
2024-10-24,3950.896,3957.98,3914.085,3928.83
2024-10-25,3931.319,3992.891,3921.938,3956.42
2024-10-28,3953.109,3964.16,3917.207,3964.16
2024-10-29,3970.009,3991.31,3921.58,3924.65
2024-10-30,3904.161,3926.059,3864.306,3889.45
2024-10-31,3888.423,3923.9,3859.108,3891.04
2024-11-01,3882.457,3933.22,3879.959,3890.02
2024-11-04,3897.712,3944.76,3891.209,3944.76
2024-11-05,3937.621,4046.695,3925.411,4044.57
2024-11-06,4051.286,4091.7,4002.499,4024.28
2024-11-07,3987.271,4146.156,3984.67,4145.7
2024-11-08,4192.082,4200.911,4094.166,4104.05
2024-11-11,4066.933,4132.51,4048.038,4131.13
2024-11-12,4133.35,4181.706,4060.791,4085.74
2024-11-13,4059.59,4121.073,4059.59,4110.89
2024-11-14,4101.224,4118.17,4034.945,4039.62
2024-11-15,4025.647,4049.07,3968.83,3968.83
2024-11-18,3982.103,4034.059,3931.187,3950.38
2024-11-19,3954.603,3979.149,3896.748,3976.89
2024-11-20,3966.121,4001.082,3958.335,3985.77
2024-11-21,3979.457,3999.571,3966.068,3989.3
2024-11-22,3984.245,3990.266,3865.7,3865.7
2024-11-25,3875.612,3889.706,3812.317,3848.09
2024-11-26,3836.254,3875.224,3833.279,3840.18
2024-11-27,3829.34,3907.159,3817.908,3907.04
2024-11-28,3904.252,3908.391,3866.013,3872.55
2024-11-29,3869.887,3962.697,3869.887,3916.58
2024-12-02,3909.701,3955.123,3902.168,3947.63
2024-12-03,3946.702,3963.946,3922.841,3951.89
2024-12-04,3948.133,3957.368,3917.75,3930.56
2024-12-05,3916.566,3936.338,3910.085,3921.59
2024-12-06,3923.895,3995.116,3923.895,3973.14
2024-12-09,3970.662,3995.511,3948.42,3966.57
2024-12-10,4094.053,4098.383,3988.971,3995.64
2024-12-11,3988.017,4005.324,3977.351,3988.83
2024-12-12,3987.148,4031.74,3981.344,4028.5
2024-12-13,4000.985,4000.985,3931.738,3933.18
2024-12-16,3930.779,3938.758,3901.645,3911.84
2024-12-17,3908.123,3955.942,3908.123,3922.03
2024-12-18,3934.543,3956.144,3933.97,3941.89
2024-12-19,3911.887,3954.346,3899.745,3945.46
2024-12-20,3937.468,3958.629,3923.252,3927.74
2024-12-23,3928.147,3965.848,3928.147,3933.57
2024-12-24,3934.944,3985.86,3934.735,3983.69
2024-12-25,3987.957,4007.763,3969.478,3985.63
2024-12-26,3981.732,3991.533,3965.546,3987.48
2024-12-27,3987.018,4007.131,3970.936,3981.03
2024-12-30,3976.695,4005.773,3976.695,3999.05
2024-12-31,3995.869,4004.345,3934.91,3934.91
2025-01-02,3931.82,3934.208,3796.343,3820.4
2025-01-03,3825.238,3835.93,3767.66,3775.16
2025-01-06,3775.991,3788.849,3743.073,3768.97
2025-01-07,3760.87,3797.607,3749.063,3796.11
2025-01-08,3781.266,3810.74,3731.193,3789.22
2025-01-09,3780.737,3795.263,3768.684,3779.88
2025-01-10,3778.892,3786.806,3732.48,3732.48
2025-01-13,3704.441,3737.882,3704.104,3722.51
2025-01-14,3728.557,3826.64,3718.877,3820.54
2025-01-15,3810.039,3816.832,3790.169,3796.03
2025-01-16,3812.19,3842.943,3776.282,3800.38
2025-01-17,3788.37,3831.638,3780.211,3812.34
2025-01-20,3835.308,3858.671,3821.985,3829.68
2025-01-21,3850.352,3850.906,3817.117,3832.61
2025-01-22,3823.948,3823.948,3783.147,3797.02
2025-01-23,3829.042,3864.255,3801.849,3803.74
2025-01-24,3793.846,3847.597,3793.48,3832.86
2025-01-27,3836.958,3851.997,3817.08,3817.08
2025-02-05,3844.695,3844.695,3785.157,3795.08
2025-02-06,3789.607,3843.493,3788.318,3842.83
2025-02-07,3844.055,3919.347,3833.866,3892.7
2025-02-10,3898.1,3906.366,3878.83,3901.06
2025-02-11,3905.164,3905.164,3872.913,3883.14
2025-02-12,3875.958,3920.721,3867.352,3919.86
2025-02-13,3913.904,3939.198,3904.985,3905.14
2025-02-14,3900.829,3942.037,3900.829,3939.01
2025-02-17,3954.416,3955.898,3921.703,3947.4
2025-02-18,3942.573,3965.42,3901.865,3912.78
2025-02-19,3906.22,3943.674,3904.145,3940.16
2025-02-20,3934.654,3940.682,3916.181,3928.9
2025-02-21,3938.048,3981.044,3927.783,3978.44
2025-02-24,3972.486,3995.949,3949.234,3969.72
2025-02-25,3933.635,3955.433,3915.652,3925.65
2025-02-26,3931.841,3960.328,3925.365,3959.94
2025-02-27,3961.068,3973.937,3933.465,3968.12
2025-02-28,3950.188,3972.482,3886.401,3890.05
2025-03-03,3899.692,3930.001,3872.583,3888.47
2025-03-04,3865.993,3890.423,3855.725,3885.22
2025-03-05,3887.799,3906.421,3877.018,3902.57
2025-03-06,3923.386,3964.497,3917.086,3956.24
2025-03-07,3944.91,3967.07,3935.042,3944.01
2025-03-10,3945.578,3949.143,3905.125,3928.8
2025-03-11,3890.435,3941.42,3889.434,3941.42
2025-03-12,3946.861,3953.611,3921.472,3927.23
2025-03-13,3925.745,3939.286,3897.377,3911.58
2025-03-14,3919.619,4014.162,3919.619,4006.56
2025-03-17,4020.643,4021.731,3992.259,3996.79
2025-03-18,4011.776,4016.87,3995.957,4007.72
2025-03-19,4004.827,4025.301,3989.514,4010.17
2025-03-20,4011.057,4012.039,3969.924,3974.99
2025-03-21,3966.519,3983.152,3904.772,3914.7
2025-03-24,3916.115,3938.184,3907.201,3934.85
2025-03-25,3937.902,3946.362,3921.533,3932.3
2025-03-26,3930.211,3942.029,3916.864,3919.36
2025-03-27,3911.382,3952.984,3903.65,3932.41
2025-03-28,3930.78,3934.237,3907.388,3915.17
2025-03-31,3905.986,3928.453,3872.407,3887.31
2025-04-01,3892.775,3905.258,3882.4,3887.68
2025-04-02,3884.422,3900.499,3877.164,3884.39
2025-04-03,3843.414,3883.699,3843.414,3861.5
2025-04-07,3675.201,3707.776,3514.116,3589.44
2025-04-08,3597.987,3650.76,3583.876,3650.76
2025-04-09,3606.1,3686.79,3587.333,3686.79
2025-04-10,3749.131,3756.144,3708.824,3735.12
2025-04-11,3730.318,3762.369,3708.465,3750.52
2025-04-14,3772.038,3776.632,3754.031,3759.14
2025-04-15,3756.474,3764.481,3737.845,3761.23
2025-04-16,3757.875,3775.166,3721.602,3772.82
2025-04-17,3755.084,3779.123,3749.502,3772.22
2025-04-18,3760.039,3782.041,3754.404,3772.52
2025-04-21,3768.141,3790.178,3763.138,3784.88
2025-04-22,3780.11,3799.227,3778.077,3783.95
2025-04-23,3803.427,3807.951,3780.516,3786.88
2025-04-24,3787.462,3807.263,3775.21,3784.36
2025-04-25,3792.08,3801.573,3780.774,3786.99
2025-04-28,3786.388,3792.01,3772.804,3781.62
2025-04-29,3776.006,3785.319,3768.034,3775.08
2025-04-30,3775.83,3787.563,3768.757,3770.57
2025-05-06,3794.373,3809.092,3782.775,3808.54
2025-05-07,3861.58,3863.68,3814.99,3831.63
2025-05-08,3820.551,3867.335,3816.268,3852.9
2025-05-09,3848.622,3853.666,3836.538,3846.16
2025-05-12,3866.531,3890.735,3859.035,3890.61
2025-05-13,3915.594,3915.594,3890.687,3896.26
2025-05-14,3894.838,3960.522,3890.65,3943.21
2025-05-15,3934.028,3936.466,3904.907,3907.2
2025-05-16,3898.671,3903.857,3874.866,3889.09
2025-05-19,3882.572,3885.593,3866.574,3877.15
2025-05-20,3883.102,3911.473,3881.743,3898.17
2025-05-21,3899.436,3928.633,3899.436,3916.38
2025-05-22,3912.606,3923.024,3903.095,3913.87
2025-05-23,3910.37,3931.547,3882.27,3882.27
2025-05-26,3875.793,3884.541,3849.042,3860.11
2025-05-27,3857.63,3865.432,3834.849,3839.4
2025-05-28,3843.078,3849.739,3833.962,3836.24
2025-05-29,3838.009,3869.791,3831.458,3858.7
2025-05-30,3850.491,3858.611,3829.252,3840.23
2025-06-03,3833.456,3863.293,3832.718,3852.01
2025-06-04,3855.485,3875.854,3855.485,3868.74
2025-06-05,3872.642,3883.139,3861.277,3877.56
2025-06-06,3878.099,3889.452,3869.383,3873.98
2025-06-09,3877.802,3894.656,3871.996,3885.25
2025-06-10,3887.556,3897.462,3850.471,3865.47
2025-06-11,3870.677,3911.615,3870.677,3894.63
2025-06-12,3885.52,3900.042,3870.385,3892.2
2025-06-13,3881.49,3889.158,3853.816,3864.18
2025-06-16,3853.624,3876.175,3853.624,3873.8
2025-06-17,3875.178,3880.417,3860.41,3870.38
2025-06-18,3871.649,3881.345,3854.657,3874.97
2025-06-19,3870.048,3872.941,3834.95,3843.09
2025-06-20,3839.779,3856.475,3839.779,3846.64
2025-06-23,3831.169,3867.588,3827.081,3857.9
2025-06-24,3862.384,3914.154,3862.384,3904.03
2025-06-25,3907.072,3963.041,3902.181,3960.07
2025-06-26,3953.161,3964.483,3945.259,3946.02
2025-06-27,3949.79,3969.265,3918.206,3921.76
2025-06-30,3920.316,3940.362,3911.605,3936.08
2025-07-01,3935.906,3946.243,3924.72,3942.76
2025-07-02,3943.318,3952.133,3929.691,3943.68
2025-07-03,3949.403,3971.619,3945.14,3968.07
2025-07-04,3967.46,4013.844,3958.373,3982.2
2025-07-07,3977.284,3979.743,3956.562,3965.17
2025-07-08,3965.423,4002.266,3965.423,3998.45
2025-07-09,3997.503,4016.743,3987.426,3991.4
2025-07-10,3993.415,4032.979,3992.52,4010.02
2025-07-11,4011.468,4065.945,4010.108,4014.81
2025-07-14,4021.216,4034.922,4017.67,4017.67
2025-07-15,4023.985,4042.653,3994.258,4019.06
2025-07-16,4019.39,4027.855,3993.919,4007.2
2025-07-17,4005.066,4034.593,4005.066,4034.49
2025-07-18,4039.873,4064.639,4039.32,4058.55
2025-07-21,4069.771,4086.12,4063.446,4085.61
2025-07-22,4087.337,4119.204,4068.34,4118.96
2025-07-23,4129.149,4155.68,4113.91,4119.77
2025-07-24,4116.834,4152.43,4111.888,4149.04
2025-07-25,4145.316,4150.496,4117.797,4127.16
2025-07-28,4128.195,4146.116,4112.963,4135.82
2025-07-29,4132.679,4153.326,4117.572,4152.02
2025-07-30,4148.943,4185.209,4127.433,4151.24
2025-07-31,4141.56,4141.823,4063.665,4075.59
2025-08-01,4069.927,4085.356,4040.463,4054.93
2025-08-04,4037.936,4070.7,4037.936,4070.7
2025-08-05,4080.388,4106.297,4075.584,4103.45
2025-08-06,4100.433,4116.713,4098.359,4113.49
2025-08-07,4120.286,4129.742,4094.825,4114.67
2025-08-08,4109.277,4122.214,4097.419,4104.97
2025-08-11,4110.293,4134.245,4103.604,4122.51
2025-08-12,4123.581,4153.3,4121.229,4143.83
2025-08-13,4150.506,4186.75,4147.202,4176.58
2025-08-14,4179.962,4220.308,4165.935,4173.31
2025-08-15,4162.417,4214.726,4157.492,4202.35
2025-08-18,4218.245,4272.958,4203.417,4239.41
2025-08-19,4241.761,4264.226,4215.203,4223.37
2025-08-20,4208.405,4272.15,4190.56,4271.4
2025-08-21,4284.37,4308.446,4273.651,4288.07
2025-08-22,4287.365,4378.39,4287.365,4378.0
2025-08-25,4416.291,4472.651,4404.775,4469.22
2025-08-26,4453.352,4476.802,4435.527,4452.59
2025-08-27,4458.843,4494.916,4386.13,4386.13
2025-08-28,4378.033,4464.8,4364.169,4463.78
2025-08-29,4455.804,4516.84,4452.364,4496.76
2025-09-01,4516.878,4528.133,4487.529,4523.71
2025-09-02,4521.98,4548.891,4454.414,4490.45
2025-09-03,4501.34,4510.731,4427.518,4459.83
2025-09-04,4461.252,4465.498,4327.508,4365.21
2025-09-05,4365.603,4466.555,4350.292,4460.32
2025-09-08,4467.166,4482.76,4438.067,4467.57
2025-09-09,4448.74,4472.094,4412.693,4436.26
2025-09-10,4438.295,4466.627,4414.589,4445.36
2025-09-11,4438.835,4548.03,4427.92,4548.03
2025-09-12,4544.593,4564.669,4517.792,4522.0
2025-09-15,4534.891,4566.91,4522.5,4533.06
2025-09-16,4539.925,4552.422,4494.79,4523.34
2025-09-17,4517.283,4556.027,4503.793,4551.02
2025-09-18,4546.033,4573.834,4454.989,4498.11
2025-09-19,4499.091,4533.092,4491.844,4501.92
2025-09-22,4512.027,4523.871,4487.132,4522.61
2025-09-23,4536.759,4560.733,4459.73,4519.78
2025-09-24,4495.265,4567.494,4494.113,4566.07
2025-09-25,4563.985,4613.952,4558.845,4593.49
2025-09-26,4576.915,4597.848,4550.05,4550.05
2025-09-29,4555.031,4647.566,4541.422,4620.05
2025-09-30,4629.895,4647.5,4616.221,4640.69
2025-10-09,4662.111,4726.343,4651.988,4709.48
2025-10-10,4679.494,4692.581,4600.96,4616.83
2025-10-13,4490.868,4601.808,4490.868,4593.98
2025-10-14,4634.05,4641.445,4520.922,4539.06
2025-10-15,4544.245,4608.826,4526.836,4606.29
2025-10-16,4588.919,4645.094,4586.278,4618.42
2025-10-17,4610.692,4618.558,4509.324,4514.23
2025-10-20,4558.242,4570.438,4520.502,4538.22
2025-10-21,4556.121,4615.462,4547.927,4607.87
2025-10-22,4576.028,4603.488,4567.236,4592.57
2025-10-23,4578.697,4611.336,4541.69,4606.34
2025-10-24,4622.784,4660.68,4622.784,4660.68
2025-10-27,4699.383,4720.43,4687.689,4716.02
2025-10-28,4697.725,4734.319,4679.226,4691.97
2025-10-29,4701.038,4747.84,4697.27,4747.84
2025-10-30,4735.98,4761.833,4706.451,4709.91
2025-10-31,4702.497,4706.142,4640.67,4640.67
2025-11-03,4636.729,4653.4,4595.731,4653.4
2025-11-04,4649.35,4665.324,4595.067,4618.7
2025-11-05,4562.114,4642.613,4558.768,4627.26
2025-11-06,4642.008,4698.09,4642.008,4693.4
2025-11-07,4673.757,4701.37,4666.036,4678.79
2025-11-10,4688.123,4695.178,4654.209,4695.05
2025-11-11,4706.342,4707.132,4648.494,4652.17
2025-11-12,4643.561,4669.609,4620.992,4645.91
2025-11-13,4643.782,4703.486,4643.782,4702.07
2025-11-14,4663.318,4684.258,4628.024,4628.14
2025-11-17,4616.803,4624.895,4580.258,4598.05
2025-11-18,4584.787,4606.614,4552.801,4568.19
2025-11-19,4568.034,4607.861,4568.034,4588.29
2025-11-20,4619.542,4620.655,4560.183,4564.95
2025-11-21,4513.388,4527.046,4453.184,4453.61
2025-11-24,4473.159,4478.81,4421.814,4448.05
2025-11-25,4475.831,4510.768,4467.348,4490.4
2025-11-26,4490.207,4538.14,4485.703,4517.63
2025-11-27,4520.011,4559.215,4509.861,4515.4
2025-11-28,4511.496,4531.72,4492.424,4526.66
2025-12-01,4539.192,4576.97,4531.296,4576.49
2025-12-02,4571.905,4575.49,4539.426,4554.33
2025-12-03,4554.591,4569.822,4523.503,4531.05
2025-12-04,4533.604,4557.426,4514.191,4546.57
2025-12-05,4547.909,4593.831,4535.023,4584.54
2025-12-08,4593.135,4640.621,4592.737,4621.75
2025-12-09,4611.376,4628.702,4584.251,4598.22
2025-12-10,4586.257,4598.539,4549.083,4591.83
2025-12-11,4597.185,4610.274,4547.133,4552.18
2025-12-12,4558.738,4583.676,4530.784,4580.95
2025-12-15,4550.003,4595.047,4548.438,4552.06
2025-12-16,4542.418,4553.076,4484.266,4497.55
2025-12-17,4499.778,4594.66,4498.935,4579.88
2025-12-18,4553.977,4571.966,4544.139,4552.79
2025-12-19,4561.375,4591.095,4546.849,4568.18
2025-12-22,4587.665,4615.869,4587.665,4611.62
2025-12-23,4616.022,4644.53,4607.795,4620.73
2025-12-24,4623.685,4639.43,4602.146,4634.06
2025-12-25,4629.324,4651.158,4621.925,4642.54
2025-12-26,4639.789,4676.131,4635.105,4657.24
2025-12-29,4658.263,4672.033,4629.055,4639.37
2025-12-30,4617.314,4664.328,4616.63,4651.28
2025-12-31,4656.48,4667.047,4622.099,4629.94
2026-01-05,4661.62,4721.642,4661.62,4717.75
2026-01-06,4719.205,4790.69,4718.006,4790.69
2026-01-07,4796.937,4802.607,4751.075,4776.67
2026-01-08,4761.006,4765.482,4717.005,4737.65
2026-01-09,4725.955,4771.425,4719.132,4758.92
2026-01-12,4769.654,4795.937,4737.575,4789.92
2026-01-13,4798.046,4836.952,4745.512,4761.03
2026-01-14,4767.695,4818.1,4720.245,4741.93
2026-01-15,4721.798,4769.549,4720.938,4751.43
2026-01-16,4778.428,4792.548,4715.362,4731.87
2026-01-19,4720.199,4761.636,4715.091,4734.46
2026-01-20,4736.911,4748.231,4684.97,4718.88
2026-01-21,4714.555,4758.28,4714.237,4723.07
2026-01-22,4741.756,4757.765,4700.449,4723.71
2026-01-23,4729.588,4734.798,4684.62,4702.5
2026-01-26,4715.371,4754.174,4693.154,4706.96
2026-01-27,4705.173,4736.984,4675.639,4705.69
2026-01-28,4725.6,4739.625,4697.905,4717.99
2026-01-29,4733.088,4770.96,4696.054,4753.87
2026-01-30,4723.081,4738.871,4645.47,4706.34
2026-02-02,4674.276,4716.607,4601.76,4605.98
2026-02-03,4648.36,4662.129,4578.211,4660.11
2026-02-04,4647.964,4701.474,4641.839,4698.68
2026-02-05,4664.749,4687.023,4639.431,4670.42
2026-02-06,4622.978,4678.266,4606.642,4643.6
2026-02-09,4693.676,4719.968,4679.908,4719.06
2026-02-10,4718.26,4732.092,4713.873,4724.3
2026-02-11,4715.671,4723.706,4703.689,4713.82
2026-02-12,4720.01,4726.044,4707.738,4719.58
2026-02-13,4693.415,4703.638,4658.408,4660.41
2026-02-24,4727.292,4727.369,4698.345,4707.54
2026-02-25,4713.58,4766.563,4713.348,4735.89
2026-02-26,4741.386,4742.144,4706.691,4726.87
2026-02-27,4698.303,4721.017,4692.894,4710.65
2026-03-02,4681.015,4735.407,4667.276,4728.67
2026-03-03,4737.32,4744.603,4651.409,4655.9
2026-03-04,4609.188,4639.416,4575.821,4602.62
2026-03-05,4651.939,4671.525,4630.3,4647.69
2026-03-06,4621.495,4671.714,4612.795,4660.44
2026-03-09,4600.259,4625.986,4548.974,4615.46
2026-03-10,4648.789,4677.6,4648.789,4674.76
2026-03-11,4681.036,4711.871,4674.713,4704.5
2026-03-12,4700.72,4704.379,4654.314,4687.56
2026-03-13,4669.062,4707.419,4659.498,4669.14
2026-03-16,4669.225,4673.694,4621.813,4671.56
2026-03-17,4685.57,4720.861,4637.369,4637.44
2026-03-18,4648.749,4662.291,4604.514,4658.33
2026-03-19,4611.439,4634.546,4570.391,4583.25
2026-03-20,4602.823,4628.714,4563.071,4567.02
2026-03-23,4499.104,4514.721,4397.569,4418.0
2026-03-24,4458.905,4474.823,4394.292,4474.72
2026-03-25,4506.63,4542.186,4502.031,4537.47
2026-03-26,4525.324,4541.046,4468.952,4477.53
2026-03-27,4431.503,4519.89,4431.42,4502.57
2026-03-30,4461.737,4496.411,4447.138,4491.95
2026-03-31,4491.921,4523.175,4450.05,4450.05
2026-04-01,4517.275,4532.112,4492.058,4526.07
2026-04-02,4514.438,4519.689,4459.605,4478.91
2026-04-03,4492.847,4494.459,4437.596,4440.79
2026-04-07,4445.866,4458.93,4420.698,4440.62
2026-04-08,4517.344,4595.56,4513.775,4595.56
2026-04-09,4562.666,4579.194,4552.421,4566.22
2026-04-10,4594.951,4655.103,4590.114,4636.57
2026-04-13,4615.128,4653.394,4615.128,4646.15
2026-04-14,4676.119,4701.28,4654.848,4701.28
2026-04-15,4726.641,4731.276,4672.559,4685.25
2026-04-16,4694.433,4739.223,4689.416,4736.61
2026-04-17,4728.994,4738.322,4714.465,4728.67
2026-04-20,4727.164,4763.041,4720.683,4757.44
2026-04-21,4750.518,4776.829,4722.01,4768.0
2026-04-22,4751.282,4801.45,4750.353,4799.63
2026-04-23,4816.03,4823.473,4759.863,4786.33
2026-04-24,4771.736,4786.446,4735.608,4769.37
2026-04-27,4776.338,4795.171,4762.647,4770.95
2026-04-28,4757.078,4778.191,4743.437,4758.21
2026-04-29,4737.579,4813.614,4737.117,4810.35
2026-04-30,4820.975,4829.275,4797.548,4807.31
2026-05-06,4857.651,4892.792,4834.278,4877.09
2026-05-07,4895.8,4901.858,4866.875,4900.51
2026-05-08,4871.116,4887.211,4849.985,4871.91
2026-05-11,4902.281,4960.4,4889.569,4951.84
2026-05-12,4965.021,4971.306,4926.793,4948.05
2026-05-13,4919.423,5001.118,4919.423,4998.34
2026-05-14,5027.644,5030.522,4913.607,4914.6
2026-05-15,4911.619,4935.614,4832.687,4859.59
2026-05-18,4836.325,4868.597,4806.142,4833.52
2026-05-19,4818.702,4854.521,4773.531,4852.88
2026-05-20,4829.613,4866.212,4825.643,4850.7
2026-05-21,4886.242,4937.935,4780.713,4783.1
2026-05-22,4818.848,4851.353,4785.353,4845.1
2026-05-25,4873.199,4922.44,4857.137,4921.6
2026-05-26,4900.116,4952.742,4892.684,4947.85
2026-05-27,4940.944,4974.209,4891.341,4908.17
2026-05-28,4889.262,4922.326,4843.223,4914.21
2026-05-29,4937.511,4954.069,4878.786,4892.12
2026-06-01,4897.901,4918.798,4836.69,4844.26
2026-06-02,4860.613,4930.278,4831.998,4914.56
2026-06-03,4921.346,4991.853,4904.898,4938.81
2026-06-04,4897.321,4938.786,4889.751,4904.75
2026-06-05,4886.965,4924.344,4798.91,4816.92
2026-06-08,4703.777,4779.867,4677.572,4713.64
2026-06-09,4743.45,4802.504,4715.39,4801.81
2026-06-10,4753.112,4786.513,4718.992,4748.59
2026-06-11,4730.07,4766.171,4685.499,4722.41
2026-06-12,4784.638,4809.86,4757.556,4777.32
2026-06-15,4829.286,4892.547,4803.181,4891.71
2026-06-16,4894.876,4908.28,4866.059,4884.23
2026-06-17,4859.705,4933.933,4859.705,4931.39
2026-06-18,4916.046,4976.892,4916.046,4941.6
2026-06-22,4949.348,5061.513,4928.46,5059.66
2026-06-23,5048.03,5064.27,4892.098,4919.39
2026-06-24,4900.384,4953.232,4892.268,4943.02
2026-06-25,4950.971,5031.996,4944.872,5020.1
2026-06-26,4981.825,4981.983,4845.192,4868.22
2026-06-29,4866.042,4928.598,4827.148,4926.92
2026-06-30,4914.491,4987.557,4914.491,4979.43
2026-07-01,4972.695,5017.378,4925.634,4958.98
2026-07-02,4865.175,4896.997,4800.488,4812.3
2026-07-03,4809.495,4890.961,4809.495,4842.17
2026-07-06,4868.544,4878.325,4789.797,4842.0
2026-07-07,4813.868,4839.507,4756.722,4792.26
2026-07-08,4804.48,4830.043,4751.401,4755.53
2026-07-09,4774.4,4882.845,4734.864,4876.31
2026-07-10,4887.539,4906.493,4780.75,4780.79
2026-07-13,4745.435,4775.232,4670.246,4695.38
2026-07-14,4691.12,4796.5,4649.043,4796.5
2026-07-15,4797.94,4826.861,4772.039,4786.78
2026-07-16,4711.528,4771.053,4673.346,4698.43
2026-07-17,4661.627,4663.536,4492.09,4529.1
2026-07-20,4575.67,4628.797,4521.18,4598.32
2026-07-21,4630.854,4739.234,4566.282,4739.23
2026-07-22,4710.656,4772.078,4692.829,4717.24
2026-07-23,4735.169,4737.507,4698.87,4728.0
2026-07-24,4685.406,4704.083,4642.937,4649.19
2026-07-27,4656.03,4702.528,4615.534,4702.43
2026-07-28,4623.795,4646.484,4552.225,4569.52
2026-07-29,4582.092,4626.703,4516.314,4600.26
2026-07-30,4566.047,4596.206,4478.209,4549.72
2026-07-31,4623.857,4635.592,4588.2,4588.2
2026-08-03,4561.819,4572.59,4529.188,4543.18
2026-08-04,4566.942,4613.693,4555.246,4600.93
2026-08-05,4550.183,4679.853,4550.183,4658.15
2026-08-06,4621.803,4675.646,4611.065,4651.31
2026-08-07,4656.101,4706.732,4649.58,4694.44
2026-08-10,4698.811,4714.46,4659.465,4702.02
2026-08-11,4689.45,4715.883,4660.475,4663.79
2026-08-12,4660.469,4700.438,4657.696,4690.92
2026-08-13,4716.974,4727.233,4661.881,4663.95
2026-08-14,4672.974,4676.711,4637.127,4665.88
2026-08-17,4672.277,4742.406,4662.717,4741.1
2026-08-18,4734.07,4744.002,4687.522,4725.81
2026-08-19,4660.06,4674.38,4568.071,4588.7
2026-08-20,4613.297,4631.126,4569.228,4592.75
2026-08-21,4585.44,4629.004,4579.265,4618.9
2026-08-24,4620.952,4621.392,4527.49,4563.13
2026-08-25,4542.241,4573.375,4523.02,4552.03
2026-08-26,4549.429,4612.034,4542.839,4590.79
2026-08-27,4594.482,4631.352,4584.996,4630.28
2026-08-28,4615.843,4643.339,4608.466,4609.18
2026-08-31,4561.99,4625.09,4557.349,4625.09
2026-09-01,4618.734,4640.082,4604.77,4611.44
2026-09-02,4581.518,4583.275,4534.393,4547.96
2026-09-03,4570.913,4585.989,4536.926,4552.58
2026-09-04,4575.316,4602.196,4530.762,4548.05
2026-09-07,4567.89,4580.698,4545.406,4575.02
2026-09-08,4575.994,4587.729,4546.308,4558.74
2026-09-09,4578.513,4581.905,4548.364,4572.6
2026-09-10,4550.187,4569.833,4533.659,4548.39
2026-09-11,4514.3,4520.174,4461.574,4510.16
2026-09-14,4474.945,4504.487,4473.273,4480.08
2026-09-15,4473.805,4496.956,4444.628,4450.04
2026-09-16,4449.885,4483.358,4417.599,4480.27
2026-09-17,4463.625,4495.839,4453.923,4460.16
2026-09-18,4492.321,4523.089,4480.584,4507.39
2026-09-21,4524.347,4540.558,4512.154,4539.57
2026-09-22,4569.876,4583.385,4537.039,4544.59
2026-09-23,4547.612,4547.694,4513.451,4517.28
2026-09-24,4499.853,4500.198,4439.14,4439.14
2026-09-28,4423.82,4423.82,4323.574,4340.76
2026-09-29,4335.81,4359.303,4324.531,4345.21
2026-09-30,4356.8,4368.618,4341.883,4357.62
2026-10-08,4354.933,4383.571,4289.798,4310.28
