起点,指标,规格,夏普,最大回撤,夏普差,基准夏普,基准MDD,MDD改善
2015-01-05,ERP,单窗3年,0.3717767577450823,-0.2657840491696509,0.08635235039088657,0.2854244073541957,-0.4605885528983096,0.19480450372865865
2015-01-05,ERP,扩展窗口,0.5109821949152272,-0.21438715797804087,0.2255577875610315,0.2854244073541957,-0.4605885528983096,0.2462013949202687
2015-01-05,PE,单窗3年,0.28265527365752263,-0.2333390681444475,-0.0027691336966730873,0.2854244073541957,-0.4605885528983096,0.22724948475386209
2015-01-05,PE,扩展窗口,0.4375510774522403,-0.1604398800387784,0.1521266700980446,0.2854244073541957,-0.4605885528983096,0.3001486728595312
2015-01-05,PB,单窗3年,0.5502898776100986,-0.24314689461211025,0.2648654702559029,0.2854244073541957,-0.4605885528983096,0.21744165828619932
2015-01-05,PB,扩展窗口,0.6070004619839532,-0.2362926921157924,0.32157605462975747,0.2854244073541957,-0.4605885528983096,0.22429586078251718
2015-01-05,DY,单窗3年,0.4173085498047849,-0.24137596104249492,0.13188414245058916,0.2854244073541957,-0.4605885528983096,0.21921259185581465
2015-01-05,DY,扩展窗口,0.42370366200674286,-0.2246725160276798,0.13827925465254715,0.2854244073541957,-0.4605885528983096,0.23591603687062979
2015-01-05,综合,单窗3年,0.39764072125745153,-0.2359906368559952,0.11221631390325582,0.2854244073541957,-0.4605885528983096,0.22459791604231438
2015-01-05,综合,扩展窗口,0.5267723819067968,-0.2082062758280211,0.24134797455260104,0.2854244073541957,-0.4605885528983096,0.2523822770702885
2015-04-01,ERP,单窗3年,0.37554536486032064,-0.2657840491696509,0.13760077870517926,0.23794458615514139,-0.46058855289830913,0.1948045037286582
2015-04-01,ERP,扩展窗口,0.5161645544269488,-0.21438715797804087,0.2782199682718074,0.23794458615514139,-0.46058855289830913,0.24620139492026827
2015-04-01,PE,单窗3年,0.2855197799039734,-0.2333390681444475,0.04757519374883204,0.23794458615514139,-0.46058855289830913,0.22724948475386164
2015-04-01,PE,扩展窗口,0.4419874096911455,-0.1604398800387784,0.20404282353600414,0.23794458615514139,-0.46058855289830913,0.30014867285953073
2015-04-01,PB,单窗3年,0.555871867170244,-0.24314689461211025,0.3179272810151026,0.23794458615514139,-0.46058855289830913,0.21744165828619888
2015-04-01,PB,扩展窗口,0.6131593970858371,-0.2362926921157924,0.37521481093069575,0.23794458615514139,-0.46058855289830913,0.22429586078251673
2015-04-01,DY,单窗3年,0.4215393368262063,-0.24137596104249492,0.18359475067106493,0.23794458615514139,-0.46058855289830913,0.2192125918558142
2015-04-01,DY,扩展窗口,0.42799938101612256,-0.2246725160276798,0.19005479486098117,0.23794458615514139,-0.46058855289830913,0.23591603687062934
2015-04-01,综合,单窗3年,0.4016718403102233,-0.2359906368559952,0.1637272541550819,0.23794458615514139,-0.46058855289830913,0.22459791604231394
2015-04-01,综合,扩展窗口,0.5321152507645728,-0.2082062758280211,0.2941706646094314,0.23794458615514139,-0.46058855289830913,0.25238227707028804
2015-07-01,ERP,单窗3年,0.37977757304157156,-0.2657840491696509,0.15413627993155754,0.22564129311001402,-0.41561007195195143,0.1498260227823005
2015-07-01,ERP,扩展窗口,0.5219845261079681,-0.21438715797804087,0.29634323299795406,0.22564129311001402,-0.41561007195195143,0.20122291397391057
2015-07-01,PE,单窗3年,0.28873664261730314,-0.2333390681444475,0.06309534950728912,0.22564129311001402,-0.41561007195195143,0.18227100380750394
2015-07-01,PE,扩展窗口,0.44696951989721345,-0.1604398800387784,0.22132822678719943,0.22564129311001402,-0.41561007195195143,0.25517019191317303
2015-07-01,PB,单窗3年,0.5621406725858776,-0.24314689461211025,0.3364993794758636,0.22564129311001402,-0.41561007195195143,0.17246317733984118
2015-07-01,PB,扩展窗口,0.6200761972685901,-0.2362926921157924,0.39443490415857607,0.22564129311001402,-0.41561007195195143,0.17931737983615903
2015-07-01,DY,单窗3年,0.42629060364418214,-0.24137596104249492,0.20064931053416812,0.22564129311001402,-0.41561007195195143,0.1742341109094565
2015-07-01,DY,扩展窗口,0.43282357137214544,-0.2246725160276798,0.20718227826213143,0.22564129311001402,-0.41561007195195143,0.19093755592427164
2015-07-01,综合,单窗3年,0.4061988658552659,-0.2359906368559952,0.18055757274525186,0.22564129311001402,-0.41561007195195143,0.17961943509595624
2015-07-01,综合,扩展窗口,0.5381154932957554,-0.2082062758280211,0.31247420018574135,0.22564129311001402,-0.41561007195195143,0.20740379612393034
2015-10-08,ERP,单窗3年,0.3676509318792354,-0.26578404916965015,0.017752009513287925,0.3498989223659475,-0.41561007195195177,0.14982602278230162
2015-10-08,ERP,扩展窗口,0.5005632961128577,-0.21438715797803998,0.15066437374691016,0.3498989223659475,-0.41561007195195177,0.2012229139739118
2015-10-08,PE,单窗3年,0.2811157507414994,-0.23333906814444827,-0.06878317162444808,0.3498989223659475,-0.41561007195195177,0.1822710038075035
2015-10-08,PE,扩展窗口,0.4264816561838047,-0.16043988003878018,0.07658273381785718,0.3498989223659475,-0.41561007195195177,0.2551701919131716
2015-10-08,PB,单窗3年,0.5377848953316879,-0.24314689461211025,0.18788597296574044,0.3498989223659475,-0.41561007195195177,0.1724631773398415
2015-10-08,PB,扩展窗口,0.5938158644308488,-0.23629269211579296,0.24391694206490128,0.3498989223659475,-0.41561007195195177,0.1793173798361588
2015-10-08,DY,单窗3年,0.41010985485545404,-0.24137596104249592,0.06021093248950654,0.3498989223659475,-0.41561007195195177,0.17423411090945584
2015-10-08,DY,扩展窗口,0.41031983413400364,-0.22467251602768035,0.06042091176805614,0.3498989223659475,-0.41561007195195177,0.19093755592427142
2015-10-08,综合,单窗3年,0.3965511399438374,-0.2359906368559942,0.0466522175778899,0.3498989223659475,-0.41561007195195177,0.17961943509595757
2015-10-08,综合,扩展窗口,0.5075919386700621,-0.20820627582802143,0.15769301630411464,0.3498989223659475,-0.41561007195195177,0.20740379612393034
2016-01-04,ERP,B_均值,0.38206702306206924,-0.2687365473096459,0.0492263053740401,0.33284071768802914,-0.41561007195195365,0.14687352464230774
2016-01-04,ERP,B_中位数,0.40975911809165805,-0.25945872712448637,0.0769184004036289,0.33284071768802914,-0.41561007195195365,0.1561513448274673
2016-01-04,ERP,单窗3年,0.3656053278106252,-0.26578404916965037,0.03276461012259607,0.33284071768802914,-0.41561007195195365,0.14982602278230328
2016-01-04,ERP,扩展窗口,0.5007496912258105,-0.21438715797804087,0.16790897353778134,0.33284071768802914,-0.41561007195195365,0.2012229139739128
2016-01-04,PE,B_均值,0.3220176318728454,-0.22394508141207026,-0.010823085815183764,0.33284071768802914,-0.41561007195195365,0.1916649905398834
2016-01-04,PE,B_中位数,0.35367262959321055,-0.21300646266719847,0.02083191190518141,0.33284071768802914,-0.41561007195195365,0.20260360928475518
2016-01-04,PE,单窗3年,0.2808728930269975,-0.2333390681444516,-0.051967824661031614,0.33284071768802914,-0.41561007195195365,0.18227100380750205
2016-01-04,PE,扩展窗口,0.43143666451368023,-0.16043988003878018,0.09859594682565109,0.33284071768802914,-0.41561007195195365,0.25517019191317347
2016-01-04,PB,B_均值,0.5017210783823359,-0.24275044540467605,0.16888036069430679,0.33284071768802914,-0.41561007195195365,0.1728596265472776
2016-01-04,PB,B_中位数,0.5180863299311713,-0.2370407757505537,0.18524561224314218,0.33284071768802914,-0.41561007195195365,0.17856929620139994
2016-01-04,PB,单窗3年,0.5288286037775098,-0.24314689461211103,0.1959878860894807,0.33284071768802914,-0.41561007195195365,0.17246317733984262
2016-01-04,PB,扩展窗口,0.5659102253896915,-0.23629269211579296,0.23306950770166235,0.33284071768802914,-0.41561007195195365,0.1793173798361607
2016-01-04,DY,B_均值,0.4118305688430826,-0.24177786042304028,0.07898985115505347,0.33284071768802914,-0.41561007195195365,0.17383221152891337
2016-01-04,DY,B_中位数,0.4036662285444022,-0.23909079368263675,0.07082551085637306,0.33284071768802914,-0.41561007195195365,0.1765192782693169
2016-01-04,DY,单窗3年,0.41401963141649883,-0.24137596104249615,0.08117891372846969,0.33284071768802914,-0.41561007195195365,0.1742341109094575
2016-01-04,DY,扩展窗口,0.39631303595869904,-0.22467251602767868,0.0634723182706699,0.33284071768802914,-0.41561007195195365,0.19093755592427497
2016-01-04,综合,B_均值,0.41200740224735,-0.23851980472336676,0.07916668455932085,0.33284071768802914,-0.41561007195195365,0.1770902672285869
2016-01-04,综合,B_中位数,0.4317412566758977,-0.23557520191289616,0.09890053898786855,0.33284071768802914,-0.41561007195195365,0.1800348700390575
2016-01-04,综合,单窗3年,0.39243868398837123,-0.23599063685599475,0.05959796630034209,0.33284071768802914,-0.41561007195195365,0.1796194350959589
2016-01-04,综合,扩展窗口,0.4947752787518877,-0.20820627582802154,0.16193456106385856,0.33284071768802914,-0.41561007195195365,0.20740379612393212
2016-04-01,ERP,B_均值,0.397009581455319,-0.26873654730964547,0.014924461566492908,0.3820851198888261,-0.41561007195195254,0.14687352464230707
2016-04-01,ERP,B_中位数,0.42511054273143445,-0.25945872712448537,0.04302542284260835,0.3820851198888261,-0.41561007195195254,0.15615134482746718
2016-04-01,ERP,单窗3年,0.3795719131586292,-0.26578404916965137,-0.002513206730196893,0.3820851198888261,-0.41561007195195254,0.14982602278230117
2016-04-01,ERP,扩展窗口,0.5069859046553544,-0.21438715797803964,0.12490078476652833,0.3820851198888261,-0.41561007195195254,0.2012229139739129
2016-04-01,PE,B_均值,0.3223701401764534,-0.22394508141206948,-0.05971497971237272,0.3820851198888261,-0.41561007195195254,0.19166499053988306
2016-04-01,PE,B_中位数,0.35479673909096465,-0.21300646266719758,-0.027288380797861445,0.3820851198888261,-0.41561007195195254,0.20260360928475496
2016-04-01,PE,单窗3年,0.28574301235997784,-0.2333390681444526,-0.09634210752884825,0.3820851198888261,-0.41561007195195254,0.18227100380749994
2016-04-01,PE,扩展窗口,0.42080868005779365,-0.16043988003877863,0.03872356016896755,0.3820851198888261,-0.41561007195195254,0.2551701919131739
2016-04-01,PB,B_均值,0.5355095600552741,-0.24275044540467505,0.15342444016644796,0.3820851198888261,-0.41561007195195254,0.1728596265472775
2016-04-01,PB,B_中位数,0.5518436777758267,-0.23704077575055338,0.16975855788700056,0.3820851198888261,-0.41561007195195254,0.17856929620139916
2016-04-01,PB,单窗3年,0.5506205753220084,-0.24314689461211103,0.16853545543318227,0.3820851198888261,-0.41561007195195254,0.1724631773398415
2016-04-01,PB,扩展窗口,0.5944676768127342,-0.23629269211579385,0.21238255692390806,0.3820851198888261,-0.41561007195195254,0.1793173798361587
2016-04-01,DY,B_均值,0.42673660008434117,-0.24177786042304072,0.04465148019551507,0.3820851198888261,-0.41561007195195254,0.17383221152891182
2016-04-01,DY,B_中位数,0.418313499574963,-0.23909079368263675,0.0362283796861369,0.3820851198888261,-0.41561007195195254,0.1765192782693158
2016-04-01,DY,单窗3年,0.4181724201559543,-0.24137596104249648,0.0360873002671282,0.3820851198888261,-0.41561007195195254,0.17423411090945606
2016-04-01,DY,扩展窗口,0.41105137701514144,-0.22467251602767857,0.028966257126315342,0.3820851198888261,-0.41561007195195254,0.19093755592427397
2016-04-01,综合,B_均值,0.4317234910005207,-0.23851980472336887,0.04963837111169461,0.3820851198888261,-0.41561007195195254,0.17709026722858368
2016-04-01,综合,B_中位数,0.4516960766216126,-0.23557520191289638,0.0696109567327865,0.3820851198888261,-0.41561007195195254,0.18003487003905616
2016-04-01,综合,单窗3年,0.4003574143017393,-0.23599063685599442,0.018272294412913226,0.3820851198888261,-0.41561007195195254,0.17961943509595812
2016-04-01,综合,扩展窗口,0.5067404484603572,-0.2082062758280212,0.12465532857153105,0.3820851198888261,-0.41561007195195254,0.20740379612393134
2016-07-01,ERP,B_均值,0.3999201918046269,-0.2687365473096468,0.005017012366635432,0.39490317943799147,-0.4156100719519529,0.14687352464230607
2016-07-01,ERP,B_中位数,0.42846776659241775,-0.2594587271244858,0.033564587154426284,0.39490317943799147,-0.4156100719519529,0.15615134482746706
2016-07-01,ERP,单窗3年,0.3829805755090001,-0.26578404916965026,-0.01192260392899136,0.39490317943799147,-0.4156100719519529,0.14982602278230261
2016-07-01,ERP,扩展窗口,0.5042266520789745,-0.2143871579780393,0.10932347264098308,0.39490317943799147,-0.4156100719519529,0.20122291397391356
2016-07-01,PE,B_均值,0.3206346059310888,-0.22394508141206904,-0.07426857350690269,0.39490317943799147,-0.4156100719519529,0.19166499053988384
2016-07-01,PE,B_中位数,0.35360036597159766,-0.21300646266719891,-0.041302813466393806,0.39490317943799147,-0.4156100719519529,0.20260360928475396
2016-07-01,PE,单窗3年,0.27986568656842287,-0.2333390681444486,-0.1150374928695686,0.39490317943799147,-0.4156100719519529,0.18227100380750427
2016-07-01,PE,扩展窗口,0.40640093376203096,-0.1604398800387794,0.011497754324039489,0.39490317943799147,-0.4156100719519529,0.25517019191317347
2016-07-01,PB,B_均值,0.5443602080541633,-0.2427504454046756,0.14945702861617183,0.39490317943799147,-0.4156100719519529,0.17285962654727727
2016-07-01,PB,B_中位数,0.5609233932085725,-0.23704077575055338,0.16602021377058107,0.39490317943799147,-0.4156100719519529,0.1785692962013995
2016-07-01,PB,单窗3年,0.5558401864762458,-0.24314689461211048,0.1609370070382543,0.39490317943799147,-0.4156100719519529,0.1724631773398424
2016-07-01,PB,扩展窗口,0.6076024033996364,-0.23629269211579296,0.21269922396164498,0.39490317943799147,-0.4156100719519529,0.17931737983615992
2016-07-01,DY,B_均值,0.4245925174640225,-0.2417778604230404,0.02968933802603102,0.39490317943799147,-0.4156100719519529,0.17383221152891248
2016-07-01,DY,B_中位数,0.4160600258337657,-0.23909079368263697,0.021156846395774254,0.39490317943799147,-0.4156100719519529,0.1765192782693159
2016-07-01,DY,单窗3年,0.4154776700992053,-0.24137596104249537,0.020574490661213807,0.39490317943799147,-0.4156100719519529,0.1742341109094575
2016-07-01,DY,扩展窗口,0.41204581136902363,-0.22467251602767924,0.01714263193103216,0.39490317943799147,-0.4156100719519529,0.19093755592427364
2016-07-01,综合,B_均值,0.43397496106348543,-0.23851980472336776,0.03907178162549396,0.39490317943799147,-0.4156100719519529,0.17709026722858512
2016-07-01,综合,B_中位数,0.45429454552991627,-0.23557520191289716,0.0593913660919248,0.39490317943799147,-0.4156100719519529,0.18003487003905572
2016-07-01,综合,单窗3年,0.40217322352339946,-0.23599063685599397,0.0072700440854079895,0.39490317943799147,-0.4156100719519529,0.1796194350959589
2016-07-01,综合,扩展窗口,0.5099004706978452,-0.2082062758280222,0.1149972912598537,0.39490317943799147,-0.4156100719519529,0.20740379612393067
2016-10-10,ERP,B_均值,0.38240185945059424,-0.26873654730964547,0.01175413074584386,0.3706477287047504,-0.41561007195195265,0.14687352464230718
2016-10-10,ERP,B_中位数,0.411923285379491,-0.25945872712448603,0.04127555667474064,0.3706477287047504,-0.41561007195195265,0.15615134482746662
2016-10-10,ERP,单窗3年,0.3706764600653194,-0.2657840491696507,2.8731360569023146e-05,0.3706477287047504,-0.41561007195195265,0.14982602278230195
2016-10-10,ERP,扩展窗口,0.49444016833302634,-0.21438715797804075,0.12379243962827596,0.3706477287047504,-0.41561007195195265,0.2012229139739119
2016-10-10,PE,B_均值,0.30825849825583673,-0.22394508141206948,-0.062389230448913646,0.3706477287047504,-0.41561007195195265,0.19166499053988317
2016-10-10,PE,B_中位数,0.3418356889534914,-0.21300646266719614,-0.028812039751258955,0.3706477287047504,-0.41561007195195265,0.20260360928475651
2016-10-10,PE,单窗3年,0.2733115613540463,-0.23333906814445016,-0.0973361673507041,0.3706477287047504,-0.41561007195195265,0.1822710038075025
2016-10-10,PE,扩展窗口,0.4117259781486143,-0.1604398800387794,0.0410782494438639,0.3706477287047504,-0.41561007195195265,0.25517019191317325
2016-10-10,PB,B_均值,0.5172020552643902,-0.24275044540467638,0.14655432655963985,0.3706477287047504,-0.41561007195195265,0.17285962654727627
2016-10-10,PB,B_中位数,0.5346040112348543,-0.23704077575055327,0.16395628253010397,0.3706477287047504,-0.41561007195195265,0.17856929620139939
2016-10-10,PB,单窗3年,0.539898224580882,-0.2431468946121108,0.1692504958761316,0.3706477287047504,-0.41561007195195265,0.17246317733984184
2016-10-10,PB,扩展窗口,0.5819294894619758,-0.23629269211579262,0.21128176075722538,0.3706477287047504,-0.41561007195195265,0.17931737983616003
2016-10-10,DY,B_均值,0.4012118270984493,-0.2417778604230416,0.030564098393698946,0.3706477287047504,-0.41561007195195265,0.17383221152891104
2016-10-10,DY,B_中位数,0.39260611656884636,-0.23909079368263553,0.021958387864095985,0.3706477287047504,-0.41561007195195265,0.17651927826931713
2016-10-10,DY,单窗3年,0.39848389998671924,-0.24137596104249603,0.027836171281968858,0.3706477287047504,-0.41561007195195265,0.17423411090945662
2016-10-10,DY,扩展窗口,0.3952268108330902,-0.22467251602767935,0.024579082128339813,0.3706477287047504,-0.41561007195195265,0.1909375559242733
2016-10-10,综合,B_均值,0.4143771321353305,-0.23851980472336742,0.04372940343058013,0.3706477287047504,-0.41561007195195265,0.17709026722858523
2016-10-10,综合,B_中位数,0.43540902641232265,-0.23557520191289638,0.06476129770757227,0.3706477287047504,-0.41561007195195265,0.18003487003905627
2016-10-10,综合,单窗3年,0.38846645940855057,-0.23599063685599309,0.01781873070380019,0.3706477287047504,-0.41561007195195265,0.17961943509595957
2016-10-10,综合,扩展窗口,0.4939418657425051,-0.20820627582802143,0.12329413703775471,0.3706477287047504,-0.41561007195195265,0.20740379612393123
2017-01-03,ERP,A_均值,0.4070228374496035,-0.2660176339708513,0.039094932915783975,0.3679279045338195,-0.415610071951953,0.14959243798110167
2017-01-03,ERP,A_中位数,0.3937252968314242,-0.27226565627673516,0.025797392297604693,0.3679279045338195,-0.415610071951953,0.14334441567521783
2017-01-03,ERP,B_均值,0.37630849552400675,-0.2687365473096469,0.008380590990187231,0.3679279045338195,-0.415610071951953,0.14687352464230607
2017-01-03,ERP,B_中位数,0.4064825860114799,-0.25945872712448537,0.03855468147766039,0.3679279045338195,-0.415610071951953,0.15615134482746762
2017-01-03,ERP,单窗3年,0.3676992076394322,-0.26578404916965104,-0.00022869689438731466,0.3679279045338195,-0.415610071951953,0.14982602278230195
2017-01-03,ERP,单窗5年,0.4315130649475189,-0.2842249504992841,0.06358516041369938,0.3679279045338195,-0.415610071951953,0.1313851214526689
2017-01-03,ERP,扩展窗口,0.5021785166572387,-0.21438715797804053,0.13425061212341916,0.3679279045338195,-0.415610071951953,0.20122291397391245
2017-01-03,PE,A_均值,0.36721766357627483,-0.2059729808687195,-0.0007102409575446833,0.3679279045338195,-0.415610071951953,0.20963709108323347
2017-01-03,PE,A_中位数,0.32203511078608843,-0.22331328170019038,-0.04589279374773109,0.3679279045338195,-0.415610071951953,0.1922967902517626
2017-01-03,PE,B_均值,0.31131850515967796,-0.22394508141206915,-0.056609399374141556,0.3679279045338195,-0.415610071951953,0.19166499053988384
2017-01-03,PE,B_中位数,0.34533267967765485,-0.2130064626671987,-0.022595224856164664,0.3679279045338195,-0.415610071951953,0.2026036092847543
2017-01-03,PE,单窗3年,0.2749526453641472,-0.23333906814445038,-0.09297525916967231,0.3679279045338195,-0.415610071951953,0.1822710038075026
2017-01-03,PE,单窗5年,0.3996468975355068,-0.217310166485301,0.03171899300168729,0.3679279045338195,-0.415610071951953,0.198299905466652
2017-01-03,PE,扩展窗口,0.4169131610716729,-0.1604398800387794,0.048985256537853406,0.3679279045338195,-0.415610071951953,0.2551701919131736
2017-01-03,PB,A_均值,0.5390678690251107,-0.2383597710856019,0.1711399644912912,0.3679279045338195,-0.415610071951953,0.17725030086635107
2017-01-03,PB,A_中位数,0.5640603311420253,-0.23575439804375287,0.19613242660820573,0.3679279045338195,-0.415610071951953,0.17985567390820012
2017-01-03,PB,B_均值,0.5086127414047661,-0.24275044540467616,0.14068483687094657,0.3679279045338195,-0.415610071951953,0.17285962654727682
2017-01-03,PB,B_中位数,0.5265162395022673,-0.2370407757505537,0.15858833496844782,0.3679279045338195,-0.415610071951953,0.17856929620139927
2017-01-03,PB,单窗3年,0.5370895218612232,-0.24314689461210937,0.16916161732740365,0.3679279045338195,-0.415610071951953,0.17246317733984362
2017-01-03,PB,单窗5年,0.5837660965213576,-0.2336158738681059,0.21583819198753806,0.3679279045338195,-0.415610071951953,0.1819941980838471
2017-01-03,PB,扩展窗口,0.5773298340415678,-0.2362926921157925,0.20940192950774827,0.3679279045338195,-0.415610071951953,0.17931737983616047
2017-01-03,DY,A_均值,0.37837848215002334,-0.23927426700983923,0.010450577616203827,0.3679279045338195,-0.415610071951953,0.17633580494211376
2017-01-03,DY,A_中位数,0.3748907430966144,-0.24052673803482238,0.006962838562794893,0.3679279045338195,-0.415610071951953,0.1750833339171306
2017-01-03,DY,B_均值,0.4015182528282792,-0.24177786042303984,0.03359034829445967,0.3679279045338195,-0.415610071951953,0.17383221152891315
2017-01-03,DY,B_中位数,0.3928071891232952,-0.23909079368263564,0.024879284589475692,0.3679279045338195,-0.415610071951953,0.17651927826931735
2017-01-03,DY,单窗3年,0.3956682351946541,-0.24137596104249526,0.02774033066083459,0.3679279045338195,-0.415610071951953,0.17423411090945773
2017-01-03,DY,单窗5年,0.43501739431756453,-0.23840252655274752,0.06708948978374502,0.3679279045338195,-0.415610071951953,0.17720754539920547
2017-01-03,DY,扩展窗口,0.39414865089979534,-0.22467251602768046,0.026220746365975822,0.3679279045338195,-0.415610071951953,0.19093755592427253
2017-01-03,综合,A_均值,0.4381508114326412,-0.23846897948704682,0.07022290689882166,0.3679279045338195,-0.415610071951953,0.17714109246490617
2017-01-03,综合,A_中位数,0.4136270729897502,-0.23704115977689055,0.045699168455930694,0.3679279045338195,-0.415610071951953,0.17856891217506243
2017-01-03,综合,B_均值,0.40948031811308305,-0.2385198047233671,0.041552413579263536,0.3679279045338195,-0.415610071951953,0.1770902672285859
2017-01-03,综合,B_中位数,0.43095568204519175,-0.23557520191289683,0.06302777751137223,0.3679279045338195,-0.415610071951953,0.18003487003905616
2017-01-03,综合,单窗3年,0.38395879134426064,-0.23599063685599353,0.016030886810441125,0.3679279045338195,-0.415610071951953,0.17961943509595946
2017-01-03,综合,单窗5年,0.47077325433120254,-0.23760760753484333,0.10284534979738302,0.3679279045338195,-0.415610071951953,0.17800246441710965
2017-01-03,综合,扩展窗口,0.49407367510336203,-0.20820627582802032,0.12614577056954251,0.3679279045338195,-0.415610071951953,0.20740379612393267
2017-04-05,ERP,A_均值,0.41172642117030217,-0.266017633970851,0.06571819498493042,0.34600822618537175,-0.41561007195195354,0.14959243798110256
2017-04-05,ERP,A_中位数,0.39827129351825163,-0.27226565627673405,0.05226306733287989,0.34600822618537175,-0.41561007195195354,0.1433444156752195
2017-04-05,ERP,B_均值,0.37852301360393653,-0.268736547309647,0.03251478741856478,0.34600822618537175,-0.41561007195195354,0.14687352464230652
2017-04-05,ERP,B_中位数,0.4091459812479552,-0.2594587271244856,0.06313775506258346,0.34600822618537175,-0.41561007195195354,0.15615134482746795
2017-04-05,ERP,单窗3年,0.3722465073141952,-0.26578404916965104,0.026238281128823426,0.34600822618537175,-0.41561007195195354,0.1498260227823025
2017-04-05,ERP,单窗5年,0.4369956250313761,-0.2842249504992841,0.09098739884600437,0.34600822618537175,-0.41561007195195354,0.13138512145266945
2017-04-05,ERP,扩展窗口,0.508560679134438,-0.21438715797804053,0.16255245294906628,0.34600822618537175,-0.41561007195195354,0.201222913973913
2017-04-05,PE,A_均值,0.3713519060944809,-0.20597298086871885,0.02534367990910913,0.34600822618537175,-0.41561007195195354,0.2096370910832347
2017-04-05,PE,A_中位数,0.32561128309435056,-0.22331328170019094,-0.02039694309102119,0.34600822618537175,-0.41561007195195354,0.1922967902517626
2017-04-05,PE,B_均值,0.3099889534045059,-0.22394508141206892,-0.03601927278086586,0.34600822618537175,-0.41561007195195354,0.19166499053988462
2017-04-05,PE,B_中位数,0.3444892746344643,-0.21300646266719825,-0.0015189515509074214,0.34600822618537175,-0.41561007195195354,0.2026036092847553
2017-04-05,PE,单窗3年,0.2755663647042315,-0.23333906814444993,-0.07044186148114023,0.34600822618537175,-0.41561007195195354,0.1822710038075036
2017-04-05,PE,单窗5年,0.4047240196067907,-0.217310166485301,0.05871579342141897,0.34600822618537175,-0.41561007195195354,0.19829990546665255
2017-04-05,PE,扩展窗口,0.4222099476141676,-0.1604398800387794,0.07620172142879583,0.34600822618537175,-0.41561007195195354,0.25517019191317414
2017-04-05,PB,A_均值,0.5337822416401904,-0.2383597710856027,0.18777401545481864,0.34600822618537175,-0.41561007195195354,0.17725030086635085
2017-04-05,PB,A_中位数,0.5592334720608383,-0.2357543980437531,0.21322524587546654,0.34600822618537175,-0.41561007195195354,0.17985567390820045
2017-04-05,PB,B_均值,0.5008498744442447,-0.24275044540467627,0.15484164825887292,0.34600822618537175,-0.41561007195195354,0.17285962654727727
2017-04-05,PB,B_中位数,0.519229764917103,-0.2370407757505536,0.1732215387317313,0.34600822618537175,-0.41561007195195354,0.17856929620139994
2017-04-05,PB,单窗3年,0.531125879297038,-0.2431468946121088,0.18511765311166628,0.34600822618537175,-0.41561007195195354,0.17246317733984473
2017-04-05,PB,单窗5年,0.5768877312024111,-0.23361587386810634,0.23087950501703935,0.34600822618537175,-0.41561007195195354,0.1819941980838472
2017-04-05,PB,扩展窗口,0.5695897524507793,-0.23629269211579307,0.2235815262654075,0.34600822618537175,-0.41561007195195354,0.17931737983616047
2017-04-05,DY,A_均值,0.3802160646259114,-0.23927426700983923,0.03420783844053965,0.34600822618537175,-0.41561007195195354,0.17633580494211432
2017-04-05,DY,A_中位数,0.37675168088025457,-0.24052673803482227,0.03074345469488282,0.34600822618537175,-0.41561007195195354,0.17508333391713127
2017-04-05,DY,B_均值,0.39945189924747226,-0.2417778604230405,0.053443673062100516,0.34600822618537175,-0.41561007195195354,0.17383221152891304
2017-04-05,DY,B_中位数,0.3906469411999034,-0.23909079368263708,0.04463871501453165,0.34600822618537175,-0.41561007195195354,0.17651927826931646
2017-04-05,DY,单窗3年,0.3966633338610036,-0.24137596104249615,0.05065510767563186,0.34600822618537175,-0.41561007195195354,0.1742341109094574
2017-04-05,DY,单窗5年,0.4396900006290285,-0.2384025265527483,0.09368177444365677,0.34600822618537175,-0.41561007195195354,0.17720754539920525
2017-04-05,DY,扩展窗口,0.3972674471945891,-0.22467251602768012,0.05125922100921737,0.34600822618537175,-0.41561007195195354,0.19093755592427342
2017-04-05,综合,A_均值,0.4397213950232561,-0.23846897948704748,0.09371316883788433,0.34600822618537175,-0.41561007195195354,0.17714109246490606
2017-04-05,综合,A_中位数,0.41498313731854963,-0.23704115977689044,0.06897491113317789,0.34600822618537175,-0.41561007195195354,0.1785689121750631
2017-04-05,综合,B_均值,0.4072394602434663,-0.23851980472336753,0.06123123405809455,0.34600822618537175,-0.41561007195195354,0.177090267228586
2017-04-05,综合,B_中位数,0.42911240487453545,-0.23557520191289594,0.0831041786891637,0.34600822618537175,-0.41561007195195354,0.1800348700390576
2017-04-05,综合,单窗3年,0.38360784052842317,-0.2359906368559943,0.037599614343051424,0.34600822618537175,-0.41561007195195354,0.17961943509595923
2017-04-05,综合,单窗5年,0.4746062749993925,-0.2376076075348451,0.12859804881402076,0.34600822618537175,-0.41561007195195354,0.17800246441710843
2017-04-05,综合,扩展窗口,0.4978770958991069,-0.20820627582802143,0.15186886971373514,0.34600822618537175,-0.41561007195195354,0.20740379612393212
2017-07-03,ERP,A_均值,0.41861965445776655,-0.266017633970853,0.09614274609825202,0.32247690835951454,-0.4156100719519522,0.14959243798109922
2017-07-03,ERP,A_中位数,0.40495016163820824,-0.2722656562767357,0.0824732532786937,0.32247690835951454,-0.4156100719519522,0.1433444156752165
2017-07-03,ERP,B_均值,0.3847083120447245,-0.26873654730964636,0.06223140368520996,0.32247690835951454,-0.4156100719519522,0.14687352464230585
2017-07-03,ERP,B_中位数,0.4157089877148828,-0.25945872712448703,0.09323207935536826,0.32247690835951454,-0.4156100719519522,0.15615134482746518
2017-07-03,ERP,单窗3年,0.3786452504064478,-0.26578404916965104,0.05616834204693327,0.32247690835951454,-0.4156100719519522,0.14982602278230117
2017-07-03,ERP,单窗5年,0.4427911032457298,-0.2842249504992841,0.12031419488621525,0.32247690835951454,-0.4156100719519522,0.13138512145266812
2017-07-03,ERP,扩展窗口,0.5153071775723337,-0.21438715797804053,0.19283026921281915,0.32247690835951454,-0.4156100719519522,0.20122291397391168
2017-07-03,PE,A_均值,0.3675688510270759,-0.2059729808687185,0.04509194266756139,0.32247690835951454,-0.4156100719519522,0.2096370910832337
2017-07-03,PE,A_中位数,0.3214791081464964,-0.22331328170019005,-0.0009978002130181518,0.32247690835951454,-0.4156100719519522,0.19229679025176216
2017-07-03,PE,B_均值,0.2987607597822608,-0.22394508141207004,-0.023716148577253737,0.32247690835951454,-0.4156100719519522,0.19166499053988217
2017-07-03,PE,B_中位数,0.33388816089090534,-0.21300646266719747,0.011411252531390803,0.32247690835951454,-0.4156100719519522,0.20260360928475474
2017-07-03,PE,单窗3年,0.2630624246021801,-0.23333906814445138,-0.059414483757334435,0.32247690835951454,-0.4156100719519522,0.18227100380750083
2017-07-03,PE,单窗5年,0.40662992021979405,-0.2173101664853032,0.08415301186027951,0.32247690835951454,-0.4156100719519522,0.198299905466649
2017-07-03,PE,扩展窗口,0.42524093847265493,-0.16043988003877896,0.10276403011314039,0.32247690835951454,-0.4156100719519522,0.25517019191317325
2017-07-03,PB,A_均值,0.5198504233319133,-0.23835977108560258,0.1973735149723988,0.32247690835951454,-0.4156100719519522,0.17725030086634963
2017-07-03,PB,A_中位数,0.5458960946315462,-0.23575439804375342,0.22341918627203167,0.32247690835951454,-0.4156100719519522,0.1798556739081988
2017-07-03,PB,B_均值,0.48945223102402735,-0.24275044540467594,0.16697532266451282,0.32247690835951454,-0.4156100719519522,0.17285962654727627
2017-07-03,PB,B_中位数,0.5083998511017406,-0.2370407757505525,0.18592294274222604,0.32247690835951454,-0.4156100719519522,0.17856929620139972
2017-07-03,PB,单窗3年,0.5141002467992115,-0.2431468946121096,0.19162333843969698,0.32247690835951454,-0.4156100719519522,0.17246317733984262
2017-07-03,PB,单窗5年,0.5682344063143776,-0.233615873868106,0.24575749795486307,0.32247690835951454,-0.4156100719519522,0.1819941980838462
2017-07-03,PB,扩展窗口,0.5564423226228793,-0.23629269211579318,0.23396541426336476,0.32247690835951454,-0.4156100719519522,0.17931737983615903
2017-07-03,DY,A_均值,0.3757010310441191,-0.23927426700983945,0.05322412268460458,0.32247690835951454,-0.4156100719519522,0.17633580494211276
2017-07-03,DY,A_中位数,0.37240836894151785,-0.24052673803482383,0.04993146058200332,0.32247690835951454,-0.4156100719519522,0.17508333391712838
2017-07-03,DY,B_均值,0.39134444694062337,-0.24177786042303984,0.06886753858110883,0.32247690835951454,-0.4156100719519522,0.17383221152891237
2017-07-03,DY,B_中位数,0.38245418796995984,-0.23909079368263453,0.0599772796104453,0.32247690835951454,-0.4156100719519522,0.17651927826931768
2017-07-03,DY,单窗3年,0.38705739217457114,-0.24137596104249692,0.0645804838150566,0.32247690835951454,-0.4156100719519522,0.1742341109094553
2017-07-03,DY,单窗5年,0.4414469477841517,-0.23840252655274674,0.11897003942463719,0.32247690835951454,-0.4156100719519522,0.17720754539920547
2017-07-03,DY,扩展窗口,0.39492187023098446,-0.22467251602768024,0.07244496187146993,0.32247690835951454,-0.4156100719519522,0.19093755592427197
2017-07-03,综合,A_均值,0.43672684440052056,-0.23846897948704682,0.11424993604100603,0.32247690835951454,-0.4156100719519522,0.1771410924649054
2017-07-03,综合,A_中位数,0.41187144584265256,-0.237041159776891,0.08939453748313803,0.32247690835951454,-0.4156100719519522,0.1785689121750612
2017-07-03,综合,B_均值,0.40127145459188723,-0.2385198047233663,0.0787945462323727,0.32247690835951454,-0.4156100719519522,0.1770902672285859
2017-07-03,综合,B_中位数,0.4236275701375293,-0.23557520191289705,0.10115066177801474,0.32247690835951454,-0.4156100719519522,0.18003487003905516
2017-07-03,综合,单窗3年,0.37451773102984764,-0.23599063685599164,0.05204082267033311,0.32247690835951454,-0.4156100719519522,0.17961943509596057
2017-07-03,综合,单窗5年,0.4766151632965132,-0.23760760753484444,0.15413825493699868,0.32247690835951454,-0.4156100719519522,0.17800246441710776
2017-07-03,综合,扩展窗口,0.49724496057835726,-0.20820627582802098,0.17476805221884273,0.32247690835951454,-0.4156100719519522,0.20740379612393123
2017-10-09,ERP,A_均值,0.42480800505562016,-0.266017633970853,0.14002969672917187,0.2847783083264483,-0.41561007195195343,0.14959243798110045
2017-10-09,ERP,A_中位数,0.410936155699924,-0.2722656562767357,0.12615784737347568,0.2847783083264483,-0.41561007195195343,0.14334441567521772
2017-10-09,ERP,B_均值,0.3903947072262615,-0.26873654730964636,0.10561639889981322,0.2847783083264483,-0.41561007195195343,0.14687352464230707
2017-10-09,ERP,B_中位数,0.4218542477991147,-0.25945872712448703,0.13707593947266639,0.2847783083264483,-0.41561007195195343,0.1561513448274664
2017-10-09,ERP,单窗3年,0.3842419180332741,-0.26578404916965104,0.09946360970682583,0.2847783083264483,-0.41561007195195343,0.1498260227823024
2017-10-09,ERP,单窗5年,0.44933734835005074,-0.2842249504992841,0.16455904002360244,0.2847783083264483,-0.41561007195195343,0.13138512145266934
2017-10-09,ERP,扩展窗口,0.5229277327338694,-0.21438715797804053,0.2381494244074211,0.2847783083264483,-0.41561007195195343,0.2012229139739129
2017-10-09,PE,A_均值,0.3730016118275925,-0.2059729808687185,0.08822330350114421,0.2847783083264483,-0.41561007195195343,0.20963709108323492
2017-10-09,PE,A_中位数,0.3262300152710318,-0.22331328170019005,0.0414517069445835,0.2847783083264483,-0.41561007195195343,0.19229679025176338
2017-10-09,PE,B_均值,0.3031756667970748,-0.22394508141207004,0.018397358470626513,0.2847783083264483,-0.41561007195195343,0.1916649905398834
2017-10-09,PE,B_中位数,0.3388226214693473,-0.21300646266719747,0.05404431314289898,0.2847783083264483,-0.41561007195195343,0.20260360928475596
2017-10-09,PE,单窗3年,0.2669494746125304,-0.23333906814445138,-0.017828833713917913,0.2847783083264483,-0.41561007195195343,0.18227100380750205
2017-10-09,PE,单窗5年,0.4126407790696782,-0.2173101664853032,0.12786247074322993,0.2847783083264483,-0.41561007195195343,0.19829990546665022
2017-10-09,PE,扩展窗口,0.4315273177902548,-0.16043988003877896,0.14674900946380653,0.2847783083264483,-0.41561007195195343,0.25517019191317447
2017-10-09,PB,A_均值,0.51724724205264,-0.2383597710856008,0.23246893372619176,0.2847783083264483,-0.41561007195195343,0.17725030086635263
2017-10-09,PB,A_中位数,0.5437933477609446,-0.2357543980437543,0.2590150394344963,0.2847783083264483,-0.41561007195195343,0.17985567390819912
2017-10-09,PB,B_均值,0.49394728679796596,-0.24275044540467583,0.20916897847151766,0.2847783083264483,-0.41561007195195343,0.1728596265472776
2017-10-09,PB,B_中位数,0.5132230391046859,-0.23704077575055238,0.22844473077823763,0.2847783083264483,-0.41561007195195343,0.17856929620140105
2017-10-09,PB,单窗3年,0.5067996661279046,-0.2431468946121106,0.22202135780145632,0.2847783083264483,-0.41561007195195343,0.17246317733984284
2017-10-09,PB,单窗5年,0.5725502465781248,-0.23361587386810656,0.2877719382516765,0.2847783083264483,-0.41561007195195343,0.18199419808384687
2017-10-09,PB,扩展窗口,0.5522263718785316,-0.23629269211579218,0.26744806355208334,0.2847783083264483,-0.41561007195195343,0.17931737983616125
2017-10-09,DY,A_均值,0.3719813958552996,-0.23927426700983834,0.08720308752885131,0.2847783083264483,-0.41561007195195343,0.1763358049421151
2017-10-09,DY,A_中位数,0.36884834642859704,-0.2405267380348216,0.08407003810214875,0.2847783083264483,-0.41561007195195343,0.17508333391713182
2017-10-09,DY,B_均值,0.38350916648413297,-0.24177786042304106,0.09873085815768468,0.2847783083264483,-0.41561007195195343,0.17383221152891237
2017-10-09,DY,B_中位数,0.3745166583549388,-0.23909079368263642,0.08973835002849051,0.2847783083264483,-0.41561007195195343,0.17651927826931701
2017-10-09,DY,单窗3年,0.37514835980515826,-0.24137596104249603,0.09037005147870997,0.2847783083264483,-0.41561007195195343,0.1742341109094574
2017-10-09,DY,单窗5年,0.44625028986110266,-0.23840252655274796,0.16147198153465436,0.2847783083264483,-0.41561007195195343,0.17720754539920547
2017-10-09,DY,扩展窗口,0.3919448897246701,-0.22467251602767868,0.10716658139822183,0.2847783083264483,-0.41561007195195343,0.19093755592427475
2017-10-09,综合,A_均值,0.4421279984150936,-0.23846897948704582,0.1573496900886453,0.2847783083264483,-0.41561007195195343,0.1771410924649076
2017-10-09,综合,A_中位数,0.41693046435968834,-0.237041159776891,0.13215215603324004,0.2847783083264483,-0.41561007195195343,0.17856891217506243
2017-10-09,综合,B_均值,0.40710984838956465,-0.2385198047233672,0.12233154006311636,0.2847783083264483,-0.41561007195195343,0.17709026722858623
2017-10-09,综合,B_中位数,0.42979845067842604,-0.23557520191289605,0.14502014235197774,0.2847783083264483,-0.41561007195195343,0.18003487003905738
2017-10-09,综合,单窗3年,0.3738665417170187,-0.2359906368559942,0.08908823339057043,0.2847783083264483,-0.41561007195195343,0.17961943509595923
2017-10-09,综合,单窗5年,0.48366238768409464,-0.23760760753484444,0.19888407935764635,0.2847783083264483,-0.41561007195195343,0.17800246441710899
2017-10-09,综合,扩展窗口,0.5044957921410291,-0.20820627582802165,0.21971748381458084,0.2847783083264483,-0.41561007195195343,0.20740379612393178
2018-01-02,ERP,A_均值,0.4307708566207923,-0.266017633970853,0.17245617213004966,0.25831468449074263,-0.4156100719519519,0.1495924379810989
2018-01-02,ERP,A_中位数,0.41670401263090995,-0.2722656562767357,0.15838932814016732,0.25831468449074263,-0.4156100719519519,0.14334441567521616
2018-01-02,ERP,B_均值,0.39587386708786354,-0.26873654730964636,0.1375591825971209,0.25831468449074263,-0.4156100719519519,0.14687352464230552
2018-01-02,ERP,B_中位数,0.4277755764193807,-0.25945872712448703,0.16946089192863806,0.25831468449074263,-0.4156100719519519,0.15615134482746484
2018-01-02,ERP,单窗3年,0.389634615831494,-0.26578404916965104,0.13131993134075137,0.25831468449074263,-0.4156100719519519,0.14982602278230084
2018-01-02,ERP,单窗5年,0.4556450769202856,-0.2842249504992841,0.19733039242954298,0.25831468449074263,-0.4156100719519519,0.13138512145266779
2018-01-02,ERP,扩展窗口,0.5302707211051525,-0.21438715797804053,0.27195603661440987,0.25831468449074263,-0.4156100719519519,0.20122291397391134
2018-01-02,PE,A_均值,0.3782363684837619,-0.2059729808687185,0.11992168399301928,0.25831468449074263,-0.4156100719519519,0.20963709108323336
2018-01-02,PE,A_中位数,0.3308077428359838,-0.22331328170019005,0.07249305834524117,0.25831468449074263,-0.4156100719519519,0.19229679025176183
2018-01-02,PE,B_均值,0.30742963117728767,-0.22394508141207004,0.049114946686545036,0.25831468449074263,-0.4156100719519519,0.19166499053988184
2018-01-02,PE,B_中位数,0.34357721865833946,-0.21300646266719747,0.08526253416759683,0.25831468449074263,-0.4156100719519519,0.2026036092847544
2018-01-02,PE,单窗3年,0.2689621739967075,-0.23333906814444894,0.010647489505964891,0.25831468449074263,-0.4156100719519519,0.18227100380750294
2018-01-02,PE,单窗5年,0.41843259612257216,-0.2173101664853032,0.16011791163182953,0.25831468449074263,-0.4156100719519519,0.19829990546664866
2018-01-02,PE,扩展窗口,0.437584632142447,-0.16043988003877896,0.1792699476517044,0.25831468449074263,-0.4156100719519519,0.2551701919131729
2018-01-02,PB,A_均值,0.5193158646588347,-0.23835977108560236,0.2610011801680921,0.25831468449074263,-0.4156100719519519,0.17725030086634952
2018-01-02,PB,A_中位数,0.5462948917347202,-0.2357543980437533,0.2879802072439776,0.25831468449074263,-0.4156100719519519,0.17985567390819857
2018-01-02,PB,B_均值,0.49964582945884206,-0.2427504454046766,0.24133114496809943,0.25831468449074263,-0.4156100719519519,0.17285962654727527
2018-01-02,PB,B_中位数,0.5176392196085141,-0.2370407757505517,0.2593245351177715,0.25831468449074263,-0.4156100719519519,0.17856929620140016
2018-01-02,PB,单窗3年,0.5032567683311789,-0.24314689461210948,0.2449420838404363,0.25831468449074263,-0.4156100719519519,0.1724631773398424
2018-01-02,PB,单窗5年,0.5793780485988287,-0.23361587386810534,0.32106336410808606,0.25831468449074263,-0.4156100719519519,0.18199419808384654
2018-01-02,PB,扩展窗口,0.5518283378549892,-0.23629269211579318,0.29351365336424656,0.25831468449074263,-0.4156100719519519,0.1793173798361587
2018-01-02,DY,A_均值,0.3750929448897607,-0.23927426700983812,0.11677826039901806,0.25831468449074263,-0.4156100719519519,0.17633580494211376
2018-01-02,DY,A_中位数,0.3719639933129259,-0.2405267380348236,0.11364930882218327,0.25831468449074263,-0.4156100719519519,0.17508333391712827
2018-01-02,DY,B_均值,0.3879830205308018,-0.2417778604230405,0.12966833604005917,0.25831468449074263,-0.4156100719519519,0.17383221152891137
2018-01-02,DY,B_中位数,0.3788664018106379,-0.2390907936826353,0.12055171731989528,0.25831468449074263,-0.4156100719519519,0.17651927826931657
2018-01-02,DY,单窗3年,0.3751896207923014,-0.2413759610424946,0.11687493630155876,0.25831468449074263,-0.4156100719519519,0.17423411090945728
2018-01-02,DY,单窗5年,0.4525170275382174,-0.2384025265527484,0.19420234304747475,0.25831468449074263,-0.4156100719519519,0.17720754539920347
2018-01-02,DY,扩展窗口,0.39692819881945784,-0.2246725160276798,0.13861351432871521,0.25831468449074263,-0.4156100719519519,0.19093755592427208
2018-01-02,综合,A_均值,0.4470787525389298,-0.23846897948704682,0.18876406804818718,0.25831468449074263,-0.4156100719519519,0.17714109246490506
2018-01-02,综合,A_中位数,0.42155778867868954,-0.2370411597768901,0.1632431041879469,0.25831468449074263,-0.4156100719519519,0.17856891217506177
2018-01-02,综合,B_均值,0.4128239244269851,-0.2385198047233672,0.1545092399362425,0.25831468449074263,-0.4156100719519519,0.17709026722858467
2018-01-02,综合,B_中位数,0.4358314592697483,-0.23557520191289605,0.17751677477900568,0.25831468449074263,-0.4156100719519519,0.18003487003905583
2018-01-02,综合,单窗3年,0.37778465084106366,-0.23599063685599442,0.11946996635032103,0.25831468449074263,-0.4156100719519519,0.17961943509595746
2018-01-02,综合,单窗5年,0.49045288049839425,-0.23760760753484444,0.23213819600765162,0.25831468449074263,-0.4156100719519519,0.17800246441710743
2018-01-02,综合,扩展窗口,0.5115793937509243,-0.20820627582802165,0.2532647092601817,0.25831468449074263,-0.4156100719519519,0.20740379612393023
2018-04-02,ERP,A_均值,0.4385888215591211,-0.26601763397085254,0.14471583591980253,0.2938729856393186,-0.4156100719519532,0.14959243798110067
2018-04-02,ERP,A_中位数,0.4242784782348753,-0.27226565627673494,0.13040549259555673,0.2938729856393186,-0.4156100719519532,0.14334441567521827
2018-04-02,ERP,B_均值,0.40131937802815176,-0.2687365473096468,0.10744639238883319,0.2938729856393186,-0.4156100719519532,0.1468735246423064
2018-04-02,ERP,B_中位数,0.43374889579619863,-0.25945872712448703,0.13987591015688006,0.2938729856393186,-0.4156100719519532,0.15615134482746618
2018-04-02,ERP,单窗3年,0.39766300816705324,-0.2657840491696506,0.10379002252773467,0.2938729856393186,-0.4156100719519532,0.14982602278230261
2018-04-02,ERP,单窗5年,0.46218564461522244,-0.28422495049928154,0.16831265897590386,0.2938729856393186,-0.4156100719519532,0.13138512145267167
2018-04-02,ERP,扩展窗口,0.5378015704005795,-0.21438715797804053,0.24392858476126095,0.2938729856393186,-0.4156100719519532,0.20122291397391268
2018-04-02,PE,A_均值,0.3828907928026107,-0.20597298086871885,0.0890178071632921,0.2938729856393186,-0.4156100719519532,0.20963709108323436
2018-04-02,PE,A_中位数,0.3347991873270743,-0.2233132817001915,0.04092620168775574,0.2938729856393186,-0.4156100719519532,0.19229679025176172
2018-04-02,PE,B_均值,0.31268269927491643,-0.22394508141206748,0.018809713635597858,0.2938729856393186,-0.4156100719519532,0.19166499053988573
2018-04-02,PE,B_中位数,0.3491947407186807,-0.21300646266719803,0.0553217550793621,0.2938729856393186,-0.4156100719519532,0.20260360928475518
2018-04-02,PE,单窗3年,0.2729145337268589,-0.23333906814445038,-0.020958451912459652,0.2938729856393186,-0.4156100719519532,0.18227100380750283
2018-04-02,PE,单窗5年,0.4263028317924341,-0.21731016648530288,0.13242984615311554,0.2938729856393186,-0.4156100719519532,0.19829990546665033
2018-04-02,PE,扩展窗口,0.4467392427186363,-0.16043988003877863,0.15286625707931772,0.2938729856393186,-0.4156100719519532,0.2551701919131746
2018-04-02,PB,A_均值,0.5250196614982217,-0.23835977108560058,0.23114667585890308,0.2938729856393186,-0.4156100719519532,0.17725030086635263
2018-04-02,PB,A_中位数,0.5524062956155306,-0.23575439804375287,0.258533309976212,0.2938729856393186,-0.4156100719519532,0.17985567390820034
2018-04-02,PB,B_均值,0.5041871764088031,-0.2427504454046765,0.2103141907694845,0.2938729856393186,-0.4156100719519532,0.1728596265472767
2018-04-02,PB,B_中位数,0.5216302354120076,-0.23704077575055216,0.22775724977268902,0.2938729856393186,-0.4156100719519532,0.17856929620140105
2018-04-02,PB,单窗3年,0.5031487625008864,-0.2431468946121107,0.20927577686156779,0.2938729856393186,-0.4156100719519532,0.1724631773398425
2018-04-02,PB,单窗5年,0.5845501748208255,-0.23361587386810645,0.2906771891815069,0.2938729856393186,-0.4156100719519532,0.18199419808384676
2018-04-02,PB,扩展窗口,0.5551190069744105,-0.23629269211579285,0.26124602133509195,0.2938729856393186,-0.4156100719519532,0.17931737983616036
2018-04-02,DY,A_均值,0.3770816975840907,-0.23927426700983856,0.08320871194477214,0.2938729856393186,-0.4156100719519532,0.17633580494211465
2018-04-02,DY,A_中位数,0.3739829269511545,-0.24052673803482216,0.08010994131183591,0.2938729856393186,-0.4156100719519532,0.17508333391713105
2018-04-02,DY,B_均值,0.3928380479693243,-0.24177786042304128,0.09896506233000574,0.2938729856393186,-0.4156100719519532,0.17383221152891193
2018-04-02,DY,B_中位数,0.38561706022027303,-0.23909079368263664,0.09174407458095446,0.2938729856393186,-0.4156100719519532,0.17651927826931657
2018-04-02,DY,单窗3年,0.37473556271863157,-0.24137596104249592,0.08086257707931299,0.2938729856393186,-0.4156100719519532,0.17423411090945728
2018-04-02,DY,单窗5年,0.45800602069017343,-0.2384025265527483,0.16413303505085486,0.2938729856393186,-0.4156100719519532,0.1772075453992049
2018-04-02,DY,扩展窗口,0.4025363508820996,-0.2246725160276799,0.10866336524278103,0.2938729856393186,-0.4156100719519532,0.1909375559242733
2018-04-02,综合,A_均值,0.45404787684004916,-0.23846897948704682,0.16017489120073058,0.2938729856393186,-0.4156100719519532,0.1771410924649064
2018-04-02,综合,A_中位数,0.4281436294551832,-0.23704115977689078,0.13427064381586462,0.2938729856393186,-0.4156100719519532,0.17856891217506243
2018-04-02,综合,B_均值,0.4183139010934471,-0.2385198047233691,0.12444091545412855,0.2938729856393186,-0.4156100719519532,0.17709026722858412
2018-04-02,综合,B_中位数,0.440211910628287,-0.23557520191289705,0.14633892498896844,0.2938729856393186,-0.4156100719519532,0.18003487003905616
2018-04-02,综合,单窗3年,0.38258823570573813,-0.23599063685599542,0.08871525006641956,0.2938729856393186,-0.4156100719519532,0.1796194350959578
2018-04-02,综合,单窗5年,0.4973130339850272,-0.2376076075348451,0.2034400483457086,0.2938729856393186,-0.4156100719519532,0.1780024644171081
2018-04-02,综合,扩展窗口,0.5187310880406265,-0.20820627582802165,0.22485810240130794,0.2938729856393186,-0.4156100719519532,0.20740379612393156
2018-07-02,ERP,A_均值,0.49206973671493615,-0.26601763397085054,0.11478903518283323,0.3772807015321029,-0.41561007195195165,0.1495924379811011
2018-07-02,ERP,A_中位数,0.47621358448820933,-0.27226565627673693,0.09893288295610642,0.3772807015321029,-0.41561007195195165,0.14334441567521472
2018-07-02,ERP,B_均值,0.4544085930262931,-0.2687365473096456,0.07712789149419019,0.3772807015321029,-0.41561007195195165,0.14687352464230607
2018-07-02,ERP,B_中位数,0.48659108292548137,-0.25945872712448503,0.10931038139337845,0.3772807015321029,-0.41561007195195165,0.15615134482746662
2018-07-02,ERP,单窗3年,0.469530886856481,-0.2657840491696496,0.09225018532437806,0.3772807015321029,-0.41561007195195165,0.14982602278230206
2018-07-02,ERP,单窗5年,0.5018179524698133,-0.284224950499284,0.1245372509377104,0.3772807015321029,-0.41561007195195165,0.13138512145266767
2018-07-02,ERP,扩展窗口,0.5673846848483659,-0.21438715797804164,0.190103983316263,0.3772807015321029,-0.41561007195195165,0.20122291397391
2018-07-02,PE,A_均值,0.4637335703157022,-0.2059729808687183,0.08645286878359931,0.3772807015321029,-0.41561007195195165,0.20963709108323336
2018-07-02,PE,A_中位数,0.41145628320699484,-0.22331328170018971,0.03417558167489193,0.3772807015321029,-0.41561007195195165,0.19229679025176194
2018-07-02,PE,B_均值,0.39296168777714774,-0.2239450814120688,0.015680986245044826,0.3772807015321029,-0.41561007195195165,0.19166499053988284
2018-07-02,PE,B_中位数,0.4293848961457198,-0.21300646266720002,0.05210419461361687,0.3772807015321029,-0.41561007195195165,0.20260360928475163
2018-07-02,PE,单窗3年,0.36585494148687925,-0.23333906814444838,-0.011425760045223665,0.3772807015321029,-0.41561007195195165,0.18227100380750327
2018-07-02,PE,单窗5年,0.48387791693497756,-0.217310166485302,0.10659721540287465,0.3772807015321029,-0.41561007195195165,0.19829990546664966
2018-07-02,PE,扩展窗口,0.49577453773495717,-0.16043988003877885,0.11849383620285425,0.3772807015321029,-0.41561007195195165,0.2551701919131728
2018-07-02,PB,A_均值,0.5996748319689404,-0.23835977108560114,0.22239413043683753,0.3772807015321029,-0.41561007195195165,0.17725030086635052
2018-07-02,PB,A_中位数,0.6269910206116578,-0.23575439804375287,0.24971031907955488,0.3772807015321029,-0.41561007195195165,0.1798556739081988
2018-07-02,PB,B_均值,0.5840591781994509,-0.24275044540467505,0.20677847666734794,0.3772807015321029,-0.41561007195195165,0.1728596265472766
2018-07-02,PB,B_中位数,0.6008162617974329,-0.23704077575055293,0.22353556026532995,0.3772807015321029,-0.41561007195195165,0.17856929620139872
2018-07-02,PB,单窗3年,0.591969019923537,-0.2431468946121108,0.2146883183914341,0.3772807015321029,-0.41561007195195165,0.17246317733984085
2018-07-02,PB,单窗5年,0.6457035944791051,-0.23361587386810545,0.26842289294700217,0.3772807015321029,-0.41561007195195165,0.1819941980838462
2018-07-02,PB,扩展窗口,0.6240904959314484,-0.23629269211579296,0.24680979439934547,0.3772807015321029,-0.41561007195195165,0.1793173798361587
2018-07-02,DY,A_均值,0.46624261505728515,-0.23927426700983923,0.08896191352518223,0.3772807015321029,-0.41561007195195165,0.17633580494211243
2018-07-02,DY,A_中位数,0.4609135714982511,-0.24052673803482205,0.08363286996614816,0.3772807015321029,-0.41561007195195165,0.1750833339171296
2018-07-02,DY,B_均值,0.4816655952371137,-0.24177786042304084,0.1043848937050108,0.3772807015321029,-0.41561007195195165,0.17383221152891082
2018-07-02,DY,B_中位数,0.4747697931053074,-0.23909079368263553,0.09748909157320451,0.3772807015321029,-0.41561007195195165,0.17651927826931613
2018-07-02,DY,单窗3年,0.4623162701358059,-0.24137596104249615,0.08503556860370298,0.3772807015321029,-0.41561007195195165,0.1742341109094555
2018-07-02,DY,单窗5年,0.5326836898021236,-0.23840252655274807,0.15540298827002064,0.3772807015321029,-0.41561007195195165,0.17720754539920358
2018-07-02,DY,扩展窗口,0.4715696902635714,-0.22467251602767957,0.09428898873146846,0.3772807015321029,-0.41561007195195165,0.19093755592427208
2018-07-02,综合,A_均值,0.5355632704535092,-0.23846897948704648,0.15828256892140624,0.3772807015321029,-0.41561007195195165,0.17714109246490517
2018-07-02,综合,A_中位数,0.5068969103467663,-0.23704115977689044,0.1296162088146634,0.3772807015321029,-0.41561007195195165,0.1785689121750612
2018-07-02,综合,B_均值,0.49515729679537596,-0.23851980472336776,0.11787659526327304,0.3772807015321029,-0.41561007195195165,0.1770902672285839
2018-07-02,综合,B_中位数,0.5156219588234029,-0.2355752019128976,0.13834125729129998,0.3772807015321029,-0.41561007195195165,0.18003487003905405
2018-07-02,综合,单窗3年,0.47251609542155915,-0.2359906368559942,0.09523539388945623,0.3772807015321029,-0.41561007195195165,0.17961943509595746
2018-07-02,综合,单窗5年,0.5600647831838003,-0.23760760753484567,0.18278408165169735,0.3772807015321029,-0.41561007195195165,0.178002464417106
2018-07-02,综合,扩展窗口,0.5729890412931918,-0.20820627582802098,0.19570833976108892,0.3772807015321029,-0.41561007195195165,0.20740379612393067
2018-10-08,ERP,A_均值,0.5091803549644125,-0.26601763397084943,0.10596676944006544,0.40321358552434705,-0.4156100719519532,0.14959243798110378
2018-10-08,ERP,A_中位数,0.49209870192542093,-0.27226565627673605,0.08888511640107388,0.40321358552434705,-0.4156100719519532,0.14334441567521716
2018-10-08,ERP,B_均值,0.4758629919659922,-0.26873654730964613,0.07264940644164514,0.40321358552434705,-0.4156100719519532,0.14687352464230707
2018-10-08,ERP,B_中位数,0.508364314313381,-0.2594587271244858,0.10515072878903398,0.40321358552434705,-0.4156100719519532,0.1561513448274674
2018-10-08,ERP,单窗3年,0.4939458378301808,-0.2657840491696516,0.09073225230583376,0.40321358552434705,-0.4156100719519532,0.14982602278230162
2018-10-08,ERP,单窗5年,0.5194827474779995,-0.28422495049928254,0.11626916195365244,0.40321358552434705,-0.4156100719519532,0.13138512145267067
2018-10-08,ERP,扩展窗口,0.5780368950038324,-0.21438715797803953,0.17482330947948532,0.40321358552434705,-0.4156100719519532,0.20122291397391368
2018-10-08,PE,A_均值,0.5026031640881385,-0.2059729808687184,0.09938957856379149,0.40321358552434705,-0.4156100719519532,0.2096370910832348
2018-10-08,PE,A_中位数,0.4448088192315444,-0.22331328170019005,0.041595233707197365,0.40321358552434705,-0.4156100719519532,0.19229679025176316
2018-10-08,PE,B_均值,0.43288157800449034,-0.2239450814120687,0.02966799248014329,0.40321358552434705,-0.4156100719519532,0.1916649905398845
2018-10-08,PE,B_中位数,0.4723011170807031,-0.21300646266719847,0.06908753155635605,0.40321358552434705,-0.4156100719519532,0.20260360928475474
2018-10-08,PE,单窗3年,0.4085442750058867,-0.23333906814444938,0.005330689481539641,0.40321358552434705,-0.4156100719519532,0.18227100380750383
2018-10-08,PE,单窗5年,0.5093746745046177,-0.2173101664853032,0.10616108898027066,0.40321358552434705,-0.4156100719519532,0.19829990546665
2018-10-08,PE,扩展窗口,0.5125361095168998,-0.16043988003877951,0.10932252399255271,0.40321358552434705,-0.4156100719519532,0.2551701919131737
2018-10-08,PB,A_均值,0.6415667332637681,-0.23835977108560158,0.23835314773942107,0.40321358552434705,-0.4156100719519532,0.17725030086635163
2018-10-08,PB,A_中位数,0.6697771473543586,-0.23575439804375253,0.2665635618300115,0.40321358552434705,-0.4156100719519532,0.17985567390820068
2018-10-08,PB,B_均值,0.6357449254456278,-0.24275044540467527,0.23253133992128072,0.40321358552434705,-0.4156100719519532,0.17285962654727793
2018-10-08,PB,B_中位数,0.6519008792508719,-0.23704077575055338,0.24868729372652487,0.40321358552434705,-0.4156100719519532,0.17856929620139983
2018-10-08,PB,单窗3年,0.6463675316012792,-0.24314689461211147,0.2431539460769322,0.40321358552434705,-0.4156100719519532,0.17246317733984173
2018-10-08,PB,单窗5年,0.6744315953091115,-0.2336158738681059,0.2712180097847644,0.40321358552434705,-0.4156100719519532,0.18199419808384731
2018-10-08,PB,扩展窗口,0.656137339614221,-0.2362926921157934,0.252923754089874,0.40321358552434705,-0.4156100719519532,0.1793173798361598
2018-10-08,DY,A_均值,0.5108683206497415,-0.23927426700983867,0.10765473512539447,0.40321358552434705,-0.4156100719519532,0.17633580494211454
2018-10-08,DY,A_中位数,0.5037561069196129,-0.24052673803482283,0.10054252139526587,0.40321358552434705,-0.4156100719519532,0.17508333391713038
2018-10-08,DY,B_均值,0.526589232991044,-0.24177786042304106,0.12337564746669694,0.40321358552434705,-0.4156100719519532,0.17383221152891215
2018-10-08,DY,B_中位数,0.5209026854463863,-0.23909079368263708,0.11768909992203924,0.40321358552434705,-0.4156100719519532,0.17651927826931613
2018-10-08,DY,单窗3年,0.5077018185083245,-0.24137596104249648,0.10448823298397747,0.40321358552434705,-0.4156100719519532,0.17423411090945673
2018-10-08,DY,单窗5年,0.5624280337201476,-0.23840252655274885,0.15921444819580055,0.40321358552434705,-0.4156100719519532,0.17720754539920436
2018-10-08,DY,扩展窗口,0.4943165337119246,-0.22467251602767946,0.09110294818757753,0.40321358552434705,-0.4156100719519532,0.19093755592427375
2018-10-08,综合,A_均值,0.5690286970137198,-0.23846897948704737,0.16581511148937278,0.40321358552434705,-0.4156100719519532,0.17714109246490584
2018-10-08,综合,A_中位数,0.5374497753444257,-0.2370411597768911,0.13423618982007868,0.40321358552434705,-0.4156100719519532,0.1785689121750621
2018-10-08,综合,B_均值,0.534540230230689,-0.2385198047233671,0.13132664470634192,0.40321358552434705,-0.4156100719519532,0.17709026722858612
2018-10-08,综合,B_中位数,0.5568377881294345,-0.2355752019128975,0.15362420260508747,0.40321358552434705,-0.4156100719519532,0.18003487003905572
2018-10-08,综合,单窗3年,0.5191108085854353,-0.2359906368559932,0.1158972230610883,0.40321358552434705,-0.4156100719519532,0.17961943509596
2018-10-08,综合,单窗5年,0.5919825062713127,-0.23760760753484467,0.1887689207469656,0.40321358552434705,-0.4156100719519532,0.17800246441710854
2018-10-08,综合,扩展窗口,0.5979478999373647,-0.20820627582802065,0.1947343144130177,0.40321358552434705,-0.4156100719519532,0.20740379612393256
2019-01-02,ERP,A_均值,0.6316261733762001,-0.2660176339708512,0.14549739637944337,0.4861287769967567,-0.41561007195195265,0.14959243798110144
2019-01-02,ERP,A_中位数,0.608498306061746,-0.2722656562767345,0.12236952906498932,0.4861287769967567,-0.41561007195195265,0.14334441567521816
2019-01-02,ERP,B_均值,0.5971337692184308,-0.2687365473096456,0.11100499222167404,0.4861287769967567,-0.41561007195195265,0.14687352464230707
2019-01-02,ERP,B_中位数,0.632157388285919,-0.2594587271244859,0.14602861128916234,0.4861287769967567,-0.41561007195195265,0.15615134482746673
2019-01-02,ERP,C_均值,0.6119007026585047,-0.2594449336264195,0.125771925661748,0.4861287769967567,-0.41561007195195265,0.15616513832553314
2019-01-02,ERP,C_中位数,0.574312710529385,-0.2783880003571805,0.08818393353262832,0.4861287769967567,-0.41561007195195265,0.13722207159477218
2019-01-02,ERP,单窗3年,0.6204302963525343,-0.2657840491696507,0.1343015193557776,0.4861287769967567,-0.41561007195195265,0.14982602278230195
2019-01-02,ERP,单窗5年,0.6216482588968134,-0.28422495049928276,0.1355194819000567,0.4861287769967567,-0.41561007195195265,0.1313851214526699
2019-01-02,ERP,扩展窗口,0.676799095449738,-0.21438715797803887,0.19067031845298132,0.4861287769967567,-0.41561007195195265,0.2012229139739138
2019-01-02,PE,A_均值,0.660092757472991,-0.2059729808687195,0.1739639804762343,0.4861287769967567,-0.41561007195195265,0.20963709108323314
2019-01-02,PE,A_中位数,0.5897749461569072,-0.22331328170019193,0.10364616916015046,0.4861287769967567,-0.41561007195195265,0.19229679025176072
2019-01-02,PE,B_均值,0.5827448969167505,-0.22394508141206748,0.09661611991999375,0.4861287769967567,-0.41561007195195265,0.19166499053988517
2019-01-02,PE,B_中位数,0.6236051714454711,-0.21300646266719758,0.1374763944487144,0.4861287769967567,-0.41561007195195265,0.20260360928475507
2019-01-02,PE,C_均值,0.6381216445311815,-0.20323732280002293,0.15199286753442476,0.4861287769967567,-0.41561007195195265,0.21237274915192972
2019-01-02,PE,C_中位数,0.6096624016995038,-0.21667269725948157,0.12353362470274709,0.4861287769967567,-0.41561007195195265,0.19893737469247108
2019-01-02,PE,单窗3年,0.5481105834773272,-0.23333906814445027,0.0619818064805705,0.4861287769967567,-0.41561007195195265,0.18227100380750239
2019-01-02,PE,单窗5年,0.6463948070223217,-0.217310166485303,0.16026603002556494,0.4861287769967567,-0.41561007195195265,0.19829990546664966
2019-01-02,PE,扩展窗口,0.6696186147312404,-0.1604398800387793,0.18348983773448369,0.4861287769967567,-0.41561007195195265,0.25517019191317336
2019-01-02,PB,A_均值,0.7816660288043493,-0.23835977108560202,0.2955372518075926,0.4861287769967567,-0.41561007195195265,0.17725030086635063
2019-01-02,PB,A_中位数,0.809685836067339,-0.23575439804375298,0.3235570590705823,0.4861287769967567,-0.41561007195195265,0.17985567390819968
2019-01-02,PB,B_均值,0.7805860751576937,-0.24275044540467572,0.294457298160937,0.4861287769967567,-0.41561007195195265,0.17285962654727693
2019-01-02,PB,B_中位数,0.7944690615875039,-0.2370407757505527,0.30834028459074714,0.4861287769967567,-0.41561007195195265,0.17856929620139994
2019-01-02,PB,C_均值,0.7956608365193678,-0.23666660894769476,0.3095320595226111,0.4861287769967567,-0.41561007195195265,0.1789434630042579
2019-01-02,PB,C_中位数,0.7927590651413359,-0.23690385545312087,0.30663028814457916,0.4861287769967567,-0.41561007195195265,0.17870621649883178
2019-01-02,PB,单窗3年,0.7950559969639739,-0.24314689461211014,0.30892721996721717,0.4861287769967567,-0.41561007195195265,0.1724631773398425
2019-01-02,PB,单窗5年,0.8105353052661993,-0.2336158738681059,0.3244065282694426,0.4861287769967567,-0.41561007195195265,0.18199419808384676
2019-01-02,PB,扩展窗口,0.7879132556703371,-0.23629269211579274,0.3017844786735804,0.4861287769967567,-0.41561007195195265,0.17931737983615992
2019-01-02,DY,A_均值,0.6445621336958053,-0.23927426700983856,0.15843335669904857,0.4861287769967567,-0.41561007195195265,0.1763358049421141
2019-01-02,DY,A_中位数,0.6308083540394732,-0.24052673803482283,0.1446795770427165,0.4861287769967567,-0.41561007195195265,0.17508333391712982
2019-01-02,DY,B_均值,0.6642149118868658,-0.2417778604230406,0.17808613489010905,0.4861287769967567,-0.41561007195195265,0.17383221152891204
2019-01-02,DY,B_中位数,0.6577102109647298,-0.23909079368263575,0.1715814339679731,0.4861287769967567,-0.41561007195195265,0.1765192782693169
2019-01-02,DY,C_均值,0.6464514891692661,-0.23903314364958872,0.16032271217250937,0.4861287769967567,-0.41561007195195265,0.17657692830236393
2019-01-02,DY,C_中位数,0.640830851538859,-0.23821700572260596,0.15470207454210227,0.4861287769967567,-0.41561007195195265,0.1773930662293467
2019-01-02,DY,单窗3年,0.6436269616513656,-0.24137596104249637,0.15749818465460885,0.4861287769967567,-0.41561007195195265,0.17423411090945629
2019-01-02,DY,单窗5年,0.682475160249438,-0.2384025265527474,0.19634638325268128,0.4861287769967567,-0.41561007195195265,0.17720754539920525
2019-01-02,DY,扩展窗口,0.6114133765038309,-0.22467251602768057,0.12528459950707416,0.4861287769967567,-0.41561007195195265,0.19093755592427208
2019-01-02,综合,A_均值,0.7098756268555562,-0.23846897948704648,0.22374684985879945,0.4861287769967567,-0.41561007195195265,0.17714109246490617
2019-01-02,综合,A_中位数,0.6710138034115019,-0.23704115977688955,0.18488502641474513,0.4861287769967567,-0.41561007195195265,0.1785689121750631
2019-01-02,综合,B_均值,0.6751351932396757,-0.23851980472336887,0.18900641624291903,0.4861287769967567,-0.41561007195195265,0.1770902672285838
2019-01-02,综合,B_中位数,0.696220035353895,-0.23557520191289705,0.21009125835713827,0.4861287769967567,-0.41561007195195265,0.1800348700390556
2019-01-02,综合,C_均值,0.7048911900614977,-0.22960451376224422,0.21876241306474098,0.4861287769967567,-0.41561007195195265,0.18600555818970843
2019-01-02,综合,C_中位数,0.6859991579830184,-0.23988898267589032,0.19987038098626164,0.4861287769967567,-0.41561007195195265,0.17572108927606234
2019-01-02,综合,单窗3年,0.6575806415152954,-0.23599063685599408,0.17145186451853867,0.4861287769967567,-0.41561007195195265,0.17961943509595857
2019-01-02,综合,单窗5年,0.7105522279622789,-0.23760760753484478,0.2244234509655222,0.4861287769967567,-0.41561007195195265,0.17800246441710788
2019-01-02,综合,扩展窗口,0.7226703305637822,-0.20820627582802143,0.23654155356702544,0.4861287769967567,-0.41561007195195265,0.20740379612393123
2019-04-01,ERP,A_均值,0.40408324377163995,-0.2660176339708523,0.11174742380332237,0.2923358199683176,-0.41561007195195354,0.14959243798110122
2019-04-01,ERP,A_中位数,0.37743221292656665,-0.27226565627673494,0.08509639295824906,0.2923358199683176,-0.41561007195195354,0.1433444156752186
2019-04-01,ERP,B_均值,0.3492428149853356,-0.26873654730964625,0.056906995017018014,0.2923358199683176,-0.41561007195195354,0.1468735246423073
2019-04-01,ERP,B_中位数,0.3801825402785971,-0.2594587271244845,0.08784672031027951,0.2923358199683176,-0.41561007195195354,0.15615134482746906
2019-04-01,ERP,C_均值,0.4021060854397438,-0.25944493362641974,0.10977026547142621,0.2923358199683176,-0.41561007195195354,0.1561651383255338
2019-04-01,ERP,C_中位数,0.3648652581217661,-0.27838800035718014,0.07252943815344853,0.2923358199683176,-0.41561007195195354,0.1372220715947734
2019-04-01,ERP,单窗3年,0.3565885641849948,-0.26578404916965015,0.0642527442166772,0.2923358199683176,-0.41561007195195354,0.1498260227823034
2019-04-01,ERP,单窗5年,0.39035385324781885,-0.28422495049928287,0.09801803327950126,0.2923358199683176,-0.41561007195195354,0.13138512145267067
2019-04-01,ERP,扩展窗口,0.46770129177867836,-0.21438715797804075,0.17536547181036077,0.2923358199683176,-0.41561007195195354,0.2012229139739128
2019-04-01,PE,A_均值,0.3926477198625939,-0.20597298086871973,0.1003118998942763,0.2923358199683176,-0.41561007195195354,0.2096370910832338
2019-04-01,PE,A_中位数,0.3319202122487762,-0.2233132817001925,0.039584392280458625,0.2923358199683176,-0.41561007195195354,0.19229679025176105
2019-04-01,PE,B_均值,0.2859139055675128,-0.22394508141206748,-0.006421914400804807,0.2923358199683176,-0.41561007195195354,0.19166499053988606
2019-04-01,PE,B_中位数,0.325854571288133,-0.21300646266719725,0.03351875131981541,0.2923358199683176,-0.41561007195195354,0.2026036092847563
2019-04-01,PE,C_均值,0.39302838394170914,-0.20323732280002393,0.10069256397339155,0.2923358199683176,-0.41561007195195354,0.2123727491519296
2019-04-01,PE,C_中位数,0.36830671814705046,-0.21667269725948124,0.07597089817873287,0.2923358199683176,-0.41561007195195354,0.1989373746924723
2019-04-01,PE,单窗3年,0.24520435682251557,-0.23333906814445005,-0.04713146314580202,0.2923358199683176,-0.41561007195195354,0.1822710038075035
2019-04-01,PE,单窗5年,0.39338349190182237,-0.2173101664853011,0.10104767193350478,0.2923358199683176,-0.41561007195195354,0.19829990546665244
2019-04-01,PE,扩展窗口,0.4176496874978387,-0.1604398800387784,0.12531386752952112,0.2923358199683176,-0.41561007195195354,0.25517019191317514
2019-04-01,PB,A_均值,0.5392600836445958,-0.23835977108560247,0.24692426367627818,0.2923358199683176,-0.41561007195195354,0.17725030086635107
2019-04-01,PB,A_中位数,0.5729643148112963,-0.23575439804375242,0.2806284948429787,0.2923358199683176,-0.41561007195195354,0.17985567390820112
2019-04-01,PB,B_均值,0.5258045506877714,-0.24275044540467527,0.23346873071945384,0.2923358199683176,-0.41561007195195354,0.17285962654727827
2019-04-01,PB,B_中位数,0.5419932144246347,-0.23704077575055338,0.24965739445631707,0.2923358199683176,-0.41561007195195354,0.17856929620140016
2019-04-01,PB,C_均值,0.566137143945487,-0.2366666089476953,0.2738013239771694,0.2923358199683176,-0.41561007195195354,0.17894346300425823
2019-04-01,PB,C_中位数,0.5638534226822242,-0.23690385545312087,0.27151760271390657,0.2923358199683176,-0.41561007195195354,0.17870621649883267
2019-04-01,PB,单窗3年,0.5278276416760337,-0.2431468946121097,0.2354918217077161,0.2923358199683176,-0.41561007195195354,0.17246317733984384
2019-04-01,PB,单窗5年,0.5807602077649944,-0.23361587386810656,0.2884243877966768,0.2923358199683176,-0.41561007195195354,0.18199419808384698
2019-04-01,PB,扩展窗口,0.5634689325568479,-0.23629269211579418,0.27113311258853035,0.2923358199683176,-0.41561007195195354,0.17931737983615936
2019-04-01,DY,A_均值,0.39633677979105625,-0.23927426700984045,0.10400095982273866,0.2923358199683176,-0.41561007195195354,0.1763358049421131
2019-04-01,DY,A_中位数,0.39704889916859726,-0.2405267380348205,0.10471307920027967,0.2923358199683176,-0.41561007195195354,0.17508333391713304
2019-04-01,DY,B_均值,0.40959727106128846,-0.24177786042304183,0.11726145109297087,0.2923358199683176,-0.41561007195195354,0.1738322115289117
2019-04-01,DY,B_中位数,0.41486337545760205,-0.23909079368263553,0.12252755548928446,0.2923358199683176,-0.41561007195195354,0.17651927826931801
2019-04-01,DY,C_均值,0.42907957772401445,-0.23903314364958905,0.13674375775569686,0.2923358199683176,-0.41561007195195354,0.1765769283023645
2019-04-01,DY,C_中位数,0.42547896806005714,-0.2382170057226065,0.13314314809173955,0.2923358199683176,-0.41561007195195354,0.17739306622934703
2019-04-01,DY,单窗3年,0.36043077323810996,-0.24137596104249592,0.06809495326979237,0.2923358199683176,-0.41561007195195354,0.17423411090945762
2019-04-01,DY,单窗5年,0.4515061581166847,-0.23840252655274807,0.15917033814836712,0.2923358199683176,-0.41561007195195354,0.17720754539920547
2019-04-01,DY,扩展窗口,0.39993006536361586,-0.22467251602767968,0.10759424539529827,0.2923358199683176,-0.41561007195195354,0.19093755592427386
2019-04-01,综合,A_均值,0.46984044652193824,-0.23846897948704582,0.17750462655362065,0.2923358199683176,-0.41561007195195354,0.17714109246490772
2019-04-01,综合,A_中位数,0.43355005889290715,-0.23704115977689122,0.14121423892458956,0.2923358199683176,-0.41561007195195354,0.17856891217506232
2019-04-01,综合,B_均值,0.4105543245227145,-0.2385198047233673,0.11821850455439692,0.2923358199683176,-0.41561007195195354,0.17709026722858623
2019-04-01,综合,B_中位数,0.4357297586220028,-0.23557520191289683,0.14339393865368522,0.2923358199683176,-0.41561007195195354,0.18003487003905672
2019-04-01,综合,C_均值,0.47846641955288494,-0.2296045137622439,0.18613059958456735,0.2923358199683176,-0.41561007195195354,0.18600555818970965
2019-04-01,综合,C_中位数,0.46232703218023585,-0.23988898267589154,0.16999121221191826,0.2923358199683176,-0.41561007195195354,0.175721089276062
2019-04-01,综合,单窗3年,0.3857236526161585,-0.23599063685599442,0.0933878326478409,0.2923358199683176,-0.41561007195195354,0.17961943509595912
2019-04-01,综合,单窗5年,0.47654354132126725,-0.23760760753484633,0.18420772135294966,0.2923358199683176,-0.41561007195195354,0.1780024644171072
2019-04-01,综合,扩展窗口,0.49277221720365927,-0.20820627582802165,0.20043639723534168,0.2923358199683176,-0.41561007195195354,0.2074037961239319
2019-07-01,ERP,A_均值,0.38582863475414164,-0.2660176339708521,0.08610454447505433,0.2997240902790873,-0.4156100719519541,0.149592437981102
2019-07-01,ERP,A_中位数,0.35546950200084837,-0.27226565627673516,0.05574541172176106,0.2997240902790873,-0.4156100719519541,0.14334441567521894
2019-07-01,ERP,B_均值,0.3338033905173736,-0.2687365473096459,0.034079300238286314,0.2997240902790873,-0.4156100719519541,0.14687352464230818
2019-07-01,ERP,B_中位数,0.35823952131763187,-0.2594587271244869,0.05851543103854456,0.2997240902790873,-0.4156100719519541,0.15615134482746718
2019-07-01,ERP,C_均值,0.38298043241165947,-0.2594449336264204,0.08325634213257216,0.2997240902790873,-0.4156100719519541,0.1561651383255337
2019-07-01,ERP,C_中位数,0.34485480929522505,-0.27838800035718236,0.045130719016137744,0.2997240902790873,-0.4156100719519541,0.13722207159477173
2019-07-01,ERP,单窗3年,0.33098060651439826,-0.26578404916965137,0.03125651623531095,0.2997240902790873,-0.4156100719519541,0.14982602278230273
2019-07-01,ERP,单窗5年,0.3687647406183947,-0.2842249504992813,0.0690406503393074,0.2997240902790873,-0.4156100719519541,0.13138512145267278
2019-07-01,ERP,扩展窗口,0.4560318478227168,-0.2143871579780403,0.15630775754362947,0.2997240902790873,-0.4156100719519541,0.2012229139739138
2019-07-01,PE,A_均值,0.37438797223462034,-0.2059729808687184,0.07466388195553303,0.2997240902790873,-0.4156100719519541,0.2096370910832357
2019-07-01,PE,A_中位数,0.3165766396721292,-0.2233132817001926,0.01685254939304187,0.2997240902790873,-0.4156100719519541,0.1922967902517615
2019-07-01,PE,B_均值,0.27143152353441646,-0.2239450814120718,-0.028292566744670844,0.2997240902790873,-0.4156100719519541,0.19166499053988229
2019-07-01,PE,B_中位数,0.33084511570326297,-0.21300646266719703,0.031121025424175663,0.2997240902790873,-0.4156100719519541,0.20260360928475707
2019-07-01,PE,C_均值,0.3774791054182665,-0.20323732280002216,0.0777550151391792,0.2997240902790873,-0.4156100719519541,0.21237274915193194
2019-07-01,PE,C_中位数,0.35210194588211485,-0.21667269725948213,0.052377855603027546,0.2997240902790873,-0.4156100719519541,0.19893737469247197
2019-07-01,PE,单窗3年,0.21886323289208062,-0.23333906814445105,-0.08086085738700668,0.2997240902790873,-0.4156100719519541,0.18227100380750305
2019-07-01,PE,单窗5年,0.3812891863229718,-0.21731016648530266,0.08156509604388451,0.2997240902790873,-0.4156100719519541,0.19829990546665144
2019-07-01,PE,扩展窗口,0.40827187805825654,-0.16043988003877885,0.10854778777916924,0.2997240902790873,-0.4156100719519541,0.25517019191317525
2019-07-01,PB,A_均值,0.5311058267407883,-0.2383597710856027,0.23138173646170102,0.2997240902790873,-0.4156100719519541,0.1772503008663514
2019-07-01,PB,A_中位数,0.5646858925977727,-0.23575439804375176,0.2649618023186854,0.2997240902790873,-0.4156100719519541,0.17985567390820234
2019-07-01,PB,B_均值,0.5210861778026634,-0.24275044540467539,0.2213620875235761,0.2997240902790873,-0.4156100719519541,0.1728596265472787
2019-07-01,PB,B_中位数,0.5469225070071233,-0.23704077575055427,0.247198416728036,0.2997240902790873,-0.4156100719519541,0.17856929620139983
2019-07-01,PB,C_均值,0.5649294838035748,-0.2366666089476971,0.26520539352448746,0.2997240902790873,-0.4156100719519541,0.178943463004257
2019-07-01,PB,C_中位数,0.5625099802903887,-0.2369038554531201,0.26278589001130137,0.2997240902790873,-0.4156100719519541,0.178706216498834
2019-07-01,PB,单窗3年,0.523489329303361,-0.24314689461211048,0.2237652390242737,0.2997240902790873,-0.4156100719519541,0.17246317733984362
2019-07-01,PB,单窗5年,0.5730577637879187,-0.23361587386810645,0.2733336735088314,0.2997240902790873,-0.4156100719519541,0.18199419808384765
2019-07-01,PB,扩展窗口,0.5621629485826509,-0.23629269211579185,0.2624388583035636,0.2997240902790873,-0.4156100719519541,0.17931737983616225
2019-07-01,DY,A_均值,0.3996170663349103,-0.239274267009838,0.09989297605582298,0.2997240902790873,-0.4156100719519541,0.1763358049421161
2019-07-01,DY,A_中位数,0.39022301783303387,-0.24052673803482294,0.09049892755394656,0.2997240902790873,-0.4156100719519541,0.17508333391713116
2019-07-01,DY,B_均值,0.4159042036111372,-0.2417778604230395,0.11618011333204992,0.2997240902790873,-0.4156100719519541,0.1738322115289146
2019-07-01,DY,B_中位数,0.4230699797595091,-0.23909079368263597,0.1233458894804218,0.2997240902790873,-0.4156100719519541,0.17651927826931813
2019-07-01,DY,C_均值,0.4311461468825876,-0.2390331436495895,0.13142205660350031,0.2997240902790873,-0.4156100719519541,0.1765769283023646
2019-07-01,DY,C_中位数,0.42738561796560665,-0.2382170057226065,0.12766152768651934,0.2997240902790873,-0.4156100719519541,0.17739306622934758
2019-07-01,DY,单窗3年,0.3529178812243223,-0.24137596104249592,0.05319379094523502,0.2997240902790873,-0.4156100719519541,0.17423411090945817
2019-07-01,DY,单窗5年,0.44708670660449096,-0.2384025265527484,0.14736261632540365,0.2997240902790873,-0.4156100719519541,0.1772075453992057
2019-07-01,DY,扩展窗口,0.39344547918008027,-0.22467251602767735,0.09372138890099296,0.2997240902790873,-0.4156100719519541,0.19093755592427675
2019-07-01,综合,A_均值,0.4539093524076141,-0.23846897948704626,0.1541852621285268,0.2997240902790873,-0.4156100719519541,0.17714109246490783
2019-07-01,综合,A_中位数,0.4236078995393785,-0.2370411597768911,0.12388380926029119,0.2997240902790873,-0.4156100719519541,0.178568912175063
2019-07-01,综合,B_均值,0.4084590442284126,-0.23851980472336876,0.10873495394932531,0.2997240902790873,-0.4156100719519541,0.17709026722858534
2019-07-01,综合,B_中位数,0.4320433168043616,-0.2355752019128956,0.13231922652527428,0.2997240902790873,-0.4156100719519541,0.1800348700390585
2019-07-01,综合,C_均值,0.4692321615948713,-0.229604513762244,0.169508071315784,0.2997240902790873,-0.4156100719519541,0.1860055581897101
2019-07-01,综合,C_中位数,0.45262727290719634,-0.23988898267589265,0.15290318262810904,0.2997240902790873,-0.4156100719519541,0.17572108927606145
2019-07-01,综合,单窗3年,0.37696890230071434,-0.2359906368559943,0.07724481202162703,0.2997240902790873,-0.4156100719519541,0.1796194350959598
2019-07-01,综合,单窗5年,0.4694074691078504,-0.23760760753484356,0.1696833788287631,0.2997240902790873,-0.4156100719519541,0.17800246441711054
2019-07-01,综合,扩展窗口,0.4865126170831167,-0.20820627582802143,0.1867885268040294,0.2997240902790873,-0.4156100719519541,0.20740379612393267
2019-10-08,ERP,A_均值,0.3793595765290474,-0.2660176339708511,0.0617892111266235,0.3175703654024239,-0.4156100719519531,0.149592437981102
2019-10-08,ERP,A_中位数,0.35680468400614673,-0.27226565627673527,0.03923431860372284,0.3175703654024239,-0.4156100719519531,0.14334441567521783
2019-10-08,ERP,B_均值,0.33069537027099355,-0.2687365473096459,0.013125004868569656,0.3175703654024239,-0.4156100719519531,0.14687352464230718
2019-10-08,ERP,B_中位数,0.3510113407508357,-0.2594587271244868,0.03344097534841178,0.3175703654024239,-0.4156100719519531,0.1561513448274663
2019-10-08,ERP,C_均值,0.38024290468781,-0.25944493362641985,0.06267253928538613,0.3175703654024239,-0.4156100719519531,0.15616513832553325
2019-10-08,ERP,C_中位数,0.34118089044568084,-0.27838800035718014,0.023610525043256947,0.3175703654024239,-0.4156100719519531,0.13722207159477295
2019-10-08,ERP,单窗3年,0.3293154080012009,-0.2657840491696496,0.011745042598777011,0.3175703654024239,-0.4156100719519531,0.1498260227823035
2019-10-08,ERP,单窗5年,0.370504315772401,-0.28422495049928287,0.05293395036997711,0.3175703654024239,-0.4156100719519531,0.13138512145267023
2019-10-08,ERP,扩展窗口,0.4490105057592278,-0.2143871579780402,0.1314401403568039,0.3175703654024239,-0.4156100719519531,0.2012229139739129
2019-10-08,PE,A_均值,0.37568132279128474,-0.20597298086871896,0.05811095738886085,0.3175703654024239,-0.4156100719519531,0.20963709108323414
2019-10-08,PE,A_中位数,0.3212512732191396,-0.22331328170019082,0.003680907816715706,0.3175703654024239,-0.4156100719519531,0.19229679025176227
2019-10-08,PE,B_均值,0.2718919687865912,-0.22394508141206937,-0.04567839661583267,0.3175703654024239,-0.4156100719519531,0.19166499053988373
2019-10-08,PE,B_中位数,0.33677918709183613,-0.21300646266719814,0.019208821689412237,0.3175703654024239,-0.4156100719519531,0.20260360928475496
2019-10-08,PE,C_均值,0.38135568348852616,-0.20323732280002338,0.06378531808610227,0.3175703654024239,-0.4156100719519531,0.21237274915192972
2019-10-08,PE,C_中位数,0.3551996759358667,-0.21667269725948024,0.03762931053344282,0.3175703654024239,-0.4156100719519531,0.19893737469247286
2019-10-08,PE,单窗3年,0.227397489026135,-0.2333390681444506,-0.0901728763762889,0.3175703654024239,-0.4156100719519531,0.1822710038075025
2019-10-08,PE,单窗5年,0.3882281490923337,-0.21731016648530221,0.07065778368990983,0.3175703654024239,-0.4156100719519531,0.19829990546665088
2019-10-08,PE,扩展窗口,0.41356410129349563,-0.16043988003877863,0.09599373589107174,0.3175703654024239,-0.4156100719519531,0.25517019191317447
2019-10-08,PB,A_均值,0.5402224284638296,-0.23835977108560313,0.22265206306140573,0.3175703654024239,-0.4156100719519531,0.17725030086634996
2019-10-08,PB,A_中位数,0.5759361194755326,-0.2357543980437532,0.2583657540731087,0.3175703654024239,-0.4156100719519531,0.1798556739081999
2019-10-08,PB,B_均值,0.5338335643907917,-0.24275044540467583,0.21626319898836777,0.3175703654024239,-0.4156100719519531,0.17285962654727727
2019-10-08,PB,B_中位数,0.5611261392363008,-0.23704077575055282,0.24355577383387694,0.3175703654024239,-0.4156100719519531,0.17856929620140027
2019-10-08,PB,C_均值,0.5749276463992092,-0.23666660894769487,0.25735728099678534,0.3175703654024239,-0.4156100719519531,0.17894346300425823
2019-10-08,PB,C_中位数,0.5724075809703116,-0.2369038554531212,0.25483721556788774,0.3175703654024239,-0.4156100719519531,0.1787062164988319
2019-10-08,PB,单窗3年,0.5316587085075603,-0.24314689461211214,0.21408834310513636,0.3175703654024239,-0.4156100719519531,0.17246317733984096
2019-10-08,PB,单窗5年,0.5866330888493368,-0.23361587386810634,0.26906272344691295,0.3175703654024239,-0.4156100719519531,0.18199419808384676
2019-10-08,PB,扩展窗口,0.5718911414591074,-0.23629269211579318,0.25432077605668346,0.3175703654024239,-0.4156100719519531,0.17931737983615992
2019-10-08,DY,A_均值,0.4179617254193839,-0.23927426700983778,0.10039136001696003,0.3175703654024239,-0.4156100719519531,0.17633580494211532
2019-10-08,DY,A_中位数,0.40669695187248184,-0.24052673803482327,0.08912658647005794,0.3175703654024239,-0.4156100719519531,0.17508333391712982
2019-10-08,DY,B_均值,0.4352542838456818,-0.24177786042304028,0.11768391844325793,0.3175703654024239,-0.4156100719519531,0.17383221152891282
2019-10-08,DY,B_中位数,0.4414781088949187,-0.23909079368263708,0.12390774349249478,0.3175703654024239,-0.4156100719519531,0.17651927826931602
2019-10-08,DY,C_均值,0.44283509502334006,-0.23903314364958883,0.12526472962091617,0.3175703654024239,-0.4156100719519531,0.17657692830236427
2019-10-08,DY,C_中位数,0.43884950815651347,-0.23821700572260518,0.12127914275408958,0.3175703654024239,-0.4156100719519531,0.17739306622934792
2019-10-08,DY,单窗3年,0.3682598090667083,-0.2413759610424947,0.050689443664284406,0.3175703654024239,-0.4156100719519531,0.1742341109094584
2019-10-08,DY,单窗5年,0.47047830179509675,-0.23840252655274774,0.15290793639267286,0.3175703654024239,-0.4156100719519531,0.17720754539920536
2019-10-08,DY,扩展窗口,0.40478407160069924,-0.2246725160276798,0.08721370619827534,0.3175703654024239,-0.4156100719519531,0.1909375559242733
2019-10-08,综合,A_均值,0.46342442308709614,-0.23846897948704704,0.14585405768467224,0.3175703654024239,-0.4156100719519531,0.17714109246490606
2019-10-08,综合,A_中位数,0.43420055977278615,-0.2370411597768909,0.11663019437036226,0.3175703654024239,-0.4156100719519531,0.1785689121750622
2019-10-08,综合,B_均值,0.41618383902675077,-0.2385198047233672,0.09861347362432688,0.3175703654024239,-0.4156100719519531,0.1770902672285859
2019-10-08,综合,B_中位数,0.4413608742780557,-0.23557520191289705,0.12379050887563181,0.3175703654024239,-0.4156100719519531,0.18003487003905605
2019-10-08,综合,C_均值,0.4754474514799115,-0.229604513762245,0.15787708607748763,0.3175703654024239,-0.4156100719519531,0.1860055581897081
2019-10-08,综合,C_中位数,0.4583149418974951,-0.23988898267589132,0.14074457649507122,0.3175703654024239,-0.4156100719519531,0.17572108927606178
2019-10-08,综合,单窗3年,0.38526596808361463,-0.23599063685599353,0.06769560268119074,0.3175703654024239,-0.4156100719519531,0.17961943509595957
2019-10-08,综合,单窗5年,0.48175636598747473,-0.23760760753484533,0.16418600058505084,0.3175703654024239,-0.4156100719519531,0.17800246441710776
2019-10-08,综合,扩展窗口,0.4905980762393086,-0.20820627582802076,0.17302771083688473,0.3175703654024239,-0.4156100719519531,0.20740379612393234
2020-01-02,ERP,A_均值,0.3184466123760149,-0.2660176339708499,0.0572042068558094,0.2612424055202055,-0.4156100719519523,0.14959243798110244
2020-01-02,ERP,A_中位数,0.2949416545845991,-0.27226565627673505,0.03369924906439359,0.2612424055202055,-0.4156100719519523,0.14334441567521727
2020-01-02,ERP,B_均值,0.27249781061759204,-0.26873654730964514,0.01125540509738654,0.2612424055202055,-0.4156100719519523,0.14687352464230718
2020-01-02,ERP,B_中位数,0.2907187236424884,-0.25945872712448637,0.029476318122282907,0.2612424055202055,-0.4156100719519523,0.15615134482746595
2020-01-02,ERP,C_均值,0.32369909351089443,-0.25944493362641907,0.06245668799068893,0.2612424055202055,-0.4156100719519523,0.15616513832553325
2020-01-02,ERP,C_中位数,0.2842932014638438,-0.27838800035718037,0.02305079594363829,0.2612424055202055,-0.4156100719519523,0.13722207159477195
2020-01-02,ERP,单窗3年,0.2524050650407235,-0.26578404916965115,-0.008837340479481981,0.2612424055202055,-0.4156100719519523,0.14982602278230117
2020-01-02,ERP,单窗5年,0.3087345857511162,-0.2842249504992831,0.047492180230910674,0.2612424055202055,-0.4156100719519523,0.13138512145266923
2020-01-02,ERP,扩展窗口,0.4101217703427006,-0.21438715797804042,0.14887936482249509,0.2612424055202055,-0.4156100719519523,0.2012229139739119
2020-01-02,PE,A_均值,0.30452729104663456,-0.20597298086871751,0.04328488552642906,0.2612424055202055,-0.4156100719519523,0.2096370910832348
2020-01-02,PE,A_中位数,0.24126353590507618,-0.22331328170018983,-0.01997886961512932,0.2612424055202055,-0.4156100719519523,0.1922967902517625
2020-01-02,PE,B_均值,0.20487660423901669,-0.22394508141206915,-0.056365801281188815,0.2612424055202055,-0.4156100719519523,0.19166499053988317
2020-01-02,PE,B_中位数,0.2742747115546621,-0.2130064626671988,0.013032306034456598,0.2612424055202055,-0.4156100719519523,0.20260360928475352
2020-01-02,PE,C_均值,0.3159073211238675,-0.20323732280002182,0.05466491560366199,0.2612424055202055,-0.4156100719519523,0.2123727491519305
2020-01-02,PE,C_中位数,0.29070774491253065,-0.21667269725948024,0.02946533939232515,0.2612424055202055,-0.4156100719519523,0.19893737469247208
2020-01-02,PE,单窗3年,0.13924086566034524,-0.23333906814445138,-0.12200153985986026,0.2612424055202055,-0.4156100719519523,0.18227100380750094
2020-01-02,PE,单窗5年,0.31277744569987503,-0.21731016648530022,0.05153504017966953,0.2612424055202055,-0.4156100719519523,0.1982999054666521
2020-01-02,PE,扩展窗口,0.36256362655270397,-0.16043988003877907,0.10132122103249847,0.2612424055202055,-0.4156100719519523,0.25517019191317325
2020-01-02,PB,A_均值,0.4835334575044144,-0.23835977108560158,0.2222910519842089,0.2612424055202055,-0.4156100719519523,0.17725030086635074
2020-01-02,PB,A_中位数,0.5165672189708974,-0.23575439804375153,0.2553248134506919,0.2612424055202055,-0.4156100719519523,0.17985567390820079
2020-01-02,PB,B_均值,0.48025655134144607,-0.2427504454046766,0.21901414582124057,0.2612424055202055,-0.4156100719519523,0.1728596265472757
2020-01-02,PB,B_中位数,0.5111974815754002,-0.23704077575055116,0.24995507605519474,0.2612424055202055,-0.4156100719519523,0.17856929620140116
2020-01-02,PB,C_均值,0.5191578439726414,-0.2366666089476963,0.2579154384524359,0.2612424055202055,-0.4156100719519523,0.178943463004256
2020-01-02,PB,C_中位数,0.516810672264775,-0.23690385545311943,0.25556826674456945,0.2612424055202055,-0.4156100719519523,0.1787062164988329
2020-01-02,PB,单窗3年,0.46550274299916183,-0.2431468946121096,0.20426033747895633,0.2612424055202055,-0.4156100719519523,0.17246317733984273
2020-01-02,PB,单窗5年,0.5219359145772293,-0.23361587386810545,0.2606935090570238,0.2612424055202055,-0.4156100719519523,0.18199419808384687
2020-01-02,PB,扩展窗口,0.5181738110776305,-0.23629269211579151,0.256931405557425,0.2612424055202055,-0.4156100719519523,0.1793173798361608
2020-01-02,DY,A_均值,0.3671516612520415,-0.23927426700983778,0.10590925573183602,0.2612424055202055,-0.4156100719519523,0.17633580494211454
2020-01-02,DY,A_中位数,0.35244953377136373,-0.24052673803482294,0.09120712825115823,0.2612424055202055,-0.4156100719519523,0.17508333391712938
2020-01-02,DY,B_均值,0.3955212788583061,-0.24177786042303995,0.13427887333810062,0.2612424055202055,-0.4156100719519523,0.17383221152891237
2020-01-02,DY,B_中位数,0.3983981594497607,-0.23909079368263797,0.1371557539295552,0.2612424055202055,-0.4156100719519523,0.17651927826931435
2020-01-02,DY,C_均值,0.39758626310833367,-0.23903314364958916,0.13634385758812817,0.2612424055202055,-0.4156100719519523,0.17657692830236316
2020-01-02,DY,C_中位数,0.39410714351704956,-0.2382170057226055,0.13286473799684406,0.2612424055202055,-0.4156100719519523,0.1773930662293468
2020-01-02,DY,单窗3年,0.3084397871312687,-0.24137596104249592,0.04719738161106318,0.2612424055202055,-0.4156100719519523,0.1742341109094564
2020-01-02,DY,单窗5年,0.41209007532230346,-0.23840252655274752,0.15084766980209796,0.2612424055202055,-0.4156100719519523,0.1772075453992048
2020-01-02,DY,扩展窗口,0.3667969863444559,-0.2246725160276808,0.1055545808242504,0.2612424055202055,-0.4156100719519523,0.19093755592427153
2020-01-02,综合,A_均值,0.4017355135073859,-0.23846897948704493,0.1404931079871804,0.2612424055202055,-0.4156100719519523,0.1771410924649074
2020-01-02,综合,A_中位数,0.3716554505725981,-0.23704115977689133,0.11041304505239258,0.2612424055202055,-0.4156100719519523,0.178568912175061
2020-01-02,综合,B_均值,0.36496527769528647,-0.23851980472336753,0.10372287217508097,0.2612424055202055,-0.4156100719519523,0.17709026722858479
2020-01-02,综合,B_中位数,0.393610767128503,-0.23557520191289794,0.1323683616082975,0.2612424055202055,-0.4156100719519523,0.18003487003905438
2020-01-02,综合,C_均值,0.4209850025534134,-0.22960451376224433,0.15974259703320792,0.2612424055202055,-0.4156100719519523,0.186005558189708
2020-01-02,综合,C_中位数,0.404499812557597,-0.23988898267589087,0.14325740703739148,0.2612424055202055,-0.4156100719519523,0.17572108927606145
2020-01-02,综合,单窗3年,0.31569655809957625,-0.23599063685599497,0.05445415257937075,0.2612424055202055,-0.4156100719519523,0.17961943509595735
2020-01-02,综合,单窗5年,0.41252040654913613,-0.23760760753484522,0.15127800102893063,0.2612424055202055,-0.4156100719519523,0.1780024644171071
2020-01-02,综合,扩展窗口,0.45109110593039947,-0.20820627582802032,0.18984870041019397,0.2612424055202055,-0.4156100719519523,0.207403796123932
2020-04-01,ERP,A_均值,0.43002605687246725,-0.26601763397085243,0.055771802845062446,0.3742542540274048,-0.415610071951953,0.14959243798110056
2020-04-01,ERP,A_中位数,0.412080906640253,-0.27226565627673693,0.03782665261284818,0.3742542540274048,-0.415610071951953,0.14334441567521605
2020-04-01,ERP,B_均值,0.3637795865699399,-0.26873654730964525,-0.010474667457464892,0.3742542540274048,-0.415610071951953,0.14687352464230774
2020-04-01,ERP,B_中位数,0.38849560229817326,-0.2594587271244848,0.01424134827076845,0.3742542540274048,-0.415610071951953,0.15615134482746817
2020-04-01,ERP,C_均值,0.4366611361683653,-0.2594449336264192,0.06240688214096052,0.3742542540274048,-0.415610071951953,0.1561651383255338
2020-04-01,ERP,C_中位数,0.39264468396962104,-0.2783880003571808,0.018390429942216235,0.3742542540274048,-0.415610071951953,0.13722207159477218
2020-04-01,ERP,单窗3年,0.38217902008707694,-0.2657840491696507,0.007924766059672128,0.3742542540274048,-0.415610071951953,0.14982602278230228
2020-04-01,ERP,单窗5年,0.42784520544734406,-0.28422495049928087,0.05359095141993925,0.3742542540274048,-0.415610071951953,0.13138512145267212
2020-04-01,ERP,扩展窗口,0.4866351036457965,-0.21438715797803987,0.11238084961839168,0.3742542540274048,-0.415610071951953,0.20122291397391312
2020-04-01,PE,A_均值,0.39718834521195173,-0.20597298086871796,0.022934091184546923,0.3742542540274048,-0.415610071951953,0.20963709108323503
2020-04-01,PE,A_中位数,0.35707107267580845,-0.2233132817001917,-0.017183181351596355,0.3742542540274048,-0.415610071951953,0.19229679025176127
2020-04-01,PE,B_均值,0.2706377815215605,-0.22394508141206748,-0.10361647250584433,0.3742542540274048,-0.415610071951953,0.1916649905398855
2020-04-01,PE,B_中位数,0.3512520166005454,-0.21300646266719814,-0.023002237426859418,0.3742542540274048,-0.415610071951953,0.20260360928475485
2020-04-01,PE,C_均值,0.4274478014200495,-0.20323732280002227,0.0531935473926447,0.3742542540274048,-0.415610071951953,0.21237274915193072
2020-04-01,PE,C_中位数,0.3964398704868465,-0.21667269725948246,0.02218561645944167,0.3742542540274048,-0.415610071951953,0.19893737469247053
2020-04-01,PE,单窗3年,0.24842885542648016,-0.23333906814445005,-0.12582539860092465,0.3742542540274048,-0.415610071951953,0.18227100380750294
2020-04-01,PE,单窗5年,0.42542196771587404,-0.21731016648530088,0.05116771368846923,0.3742542540274048,-0.415610071951953,0.1982999054666521
2020-04-01,PE,扩展窗口,0.44715233401539023,-0.16043988003877985,0.07289807998798542,0.3742542540274048,-0.415610071951953,0.25517019191317314
2020-04-01,PB,A_均值,0.5706882856776391,-0.23835977108560247,0.19643403165023426,0.3742542540274048,-0.415610071951953,0.17725030086635052
2020-04-01,PB,A_中位数,0.6016387722240621,-0.23575439804375264,0.22738451819665734,0.3742542540274048,-0.415610071951953,0.17985567390820034
2020-04-01,PB,B_均值,0.5415132258379921,-0.24275044540467494,0.1672589718105873,0.3742542540274048,-0.415610071951953,0.17285962654727804
2020-04-01,PB,B_中位数,0.5836941351241024,-0.23704077575055404,0.2094398810966976,0.3742542540274048,-0.415610071951953,0.17856929620139894
2020-04-01,PB,C_均值,0.600038634071244,-0.23666660894769542,0.22578438004383922,0.3742542540274048,-0.415610071951953,0.17894346300425756
2020-04-01,PB,C_中位数,0.5971255747221482,-0.23690385545312054,0.2228713206947434,0.3742542540274048,-0.415610071951953,0.17870621649883245
2020-04-01,PB,单窗3年,0.5563572159325925,-0.24314689461211014,0.18210296190518765,0.3742542540274048,-0.415610071951953,0.17246317733984284
2020-04-01,PB,单窗5年,0.6245426350493821,-0.233615873868108,0.2502883810219773,0.3742542540274048,-0.415610071951953,0.18199419808384498
2020-04-01,PB,扩展窗口,0.6084077783437742,-0.2362926921157923,0.23415352431636943,0.3742542540274048,-0.415610071951953,0.1793173798361607
2020-04-01,DY,A_均值,0.42878306278511386,-0.23927426700983945,0.054528808757709046,0.3742542540274048,-0.415610071951953,0.17633580494211354
2020-04-01,DY,A_中位数,0.42680460650373675,-0.2405267380348226,0.05255035247633194,0.3742542540274048,-0.415610071951953,0.17508333391713038
2020-04-01,DY,B_均值,0.4237041044767632,-0.24177786042303973,0.0494498504493584,0.3742542540274048,-0.415610071951953,0.17383221152891326
2020-04-01,DY,B_中位数,0.44066078922804935,-0.23909079368263586,0.06640653520064455,0.3742542540274048,-0.415610071951953,0.17651927826931713
2020-04-01,DY,C_均值,0.4407398859574478,-0.23903314364958872,0.06648563193004298,0.3742542540274048,-0.415610071951953,0.17657692830236427
2020-04-01,DY,C_中位数,0.43653467852647926,-0.23821700572260618,0.06228042449907445,0.3742542540274048,-0.415610071951953,0.1773930662293468
2020-04-01,DY,单窗3年,0.3869252911666557,-0.24137596104249648,0.012671037139250885,0.3742542540274048,-0.415610071951953,0.1742341109094565
2020-04-01,DY,单窗5年,0.4889530329630025,-0.23840252655274774,0.11469877893559771,0.3742542540274048,-0.415610071951953,0.17720754539920525
2020-04-01,DY,扩展窗口,0.4107777252470267,-0.22467251602768012,0.036523471219621906,0.3742542540274048,-0.415610071951953,0.19093755592427286
2020-04-01,综合,A_均值,0.49251797778419104,-0.23846897948704726,0.11826372375678623,0.3742542540274048,-0.415610071951953,0.17714109246490573
2020-04-01,综合,A_中位数,0.4799735810068802,-0.23704115977689,0.10571932697947539,0.3742542540274048,-0.415610071951953,0.178568912175063
2020-04-01,综合,B_均值,0.43709820964442914,-0.2385198047233681,0.06284395561702433,0.3742542540274048,-0.415610071951953,0.1770902672285849
2020-04-01,综合,B_中位数,0.4659669192369304,-0.23557520191289671,0.09171266520952559,0.3742542540274048,-0.415610071951953,0.18003487003905627
2020-04-01,综合,C_均值,0.515133203977855,-0.2296045137622441,0.1408789499504502,0.3742542540274048,-0.415610071951953,0.18600555818970888
2020-04-01,综合,C_中位数,0.4953765327274775,-0.23988898267589043,0.1211222787000727,0.3742542540274048,-0.415610071951953,0.17572108927606256
2020-04-01,综合,单窗3年,0.42720078333177,-0.2359906368559943,0.052946529304365164,0.3742542540274048,-0.415610071951953,0.17961943509595868
2020-04-01,综合,单窗5年,0.5177014598015315,-0.2376076075348431,0.14344720577412667,0.3742542540274048,-0.415610071951953,0.17800246441710987
2020-04-01,综合,扩展窗口,0.5151783766329225,-0.20820627582801998,0.14092412260551773,0.3742542540274048,-0.415610071951953,0.207403796123933
2020-07-01,ERP,A_均值,0.2742986002445615,-0.26601763397085065,0.02740914712339701,0.24688945312116448,-0.4156100719519533,0.14959243798110267
2020-07-01,ERP,A_中位数,0.26260550905709995,-0.2722656562767358,0.015716055935935475,0.24688945312116448,-0.4156100719519533,0.1433444156752175
2020-07-01,ERP,B_均值,0.219078685577248,-0.2687365473096468,-0.02781076754391648,0.24688945312116448,-0.4156100719519533,0.14687352464230652
2020-07-01,ERP,B_中位数,0.24697221892334928,-0.2594587271244846,8.276580218480323e-05,0.24688945312116448,-0.4156100719519533,0.15615134482746873
2020-07-01,ERP,C_均值,0.2937195967865406,-0.25944493362641863,0.046830143665376106,0.24688945312116448,-0.4156100719519533,0.1561651383255347
2020-07-01,ERP,C_中位数,0.24964362227937129,-0.27838800035718025,0.0027541691582068095,0.24688945312116448,-0.4156100719519533,0.13722207159477307
2020-07-01,ERP,单窗3年,0.21792497590221419,-0.26578404916965104,-0.02896447721895029,0.24688945312116448,-0.4156100719519533,0.14982602278230228
2020-07-01,ERP,单窗5年,0.2728389213621207,-0.2842249504992814,0.025949468240956203,0.24688945312116448,-0.4156100719519533,0.1313851214526719
2020-07-01,ERP,扩展窗口,0.35718646368041385,-0.21438715797804042,0.11029701055924937,0.24688945312116448,-0.4156100719519533,0.2012229139739129
2020-07-01,PE,A_均值,0.23108806174504032,-0.20597298086871807,-0.015801391376124158,0.24688945312116448,-0.4156100719519533,0.20963709108323525
2020-07-01,PE,A_中位数,0.1982596385498966,-0.2233132817001907,-0.04862981457126789,0.24688945312116448,-0.4156100719519533,0.1922967902517626
2020-07-01,PE,B_均值,0.12375871046922703,-0.22394508141206804,-0.12313074265193745,0.24688945312116448,-0.4156100719519533,0.19166499053988528
2020-07-01,PE,B_中位数,0.2043195747144213,-0.2130064626671968,-0.04256987840674317,0.24688945312116448,-0.4156100719519533,0.20260360928475651
2020-07-01,PE,C_均值,0.265458180798637,-0.20323732280002194,0.018568727677472502,0.24688945312116448,-0.4156100719519533,0.21237274915193138
2020-07-01,PE,C_中位数,0.23786854707159713,-0.21667269725948146,-0.009020906049567345,0.24688945312116448,-0.4156100719519533,0.19893737469247186
2020-07-01,PE,单窗3年,0.0792618542394708,-0.23333906814444827,-0.16762759888169368,0.24688945312116448,-0.4156100719519533,0.18227100380750505
2020-07-01,PE,单窗5年,0.25224451162014544,-0.21731016648530221,0.0053550584989809635,0.24688945312116448,-0.4156100719519533,0.1982999054666511
2020-07-01,PE,扩展窗口,0.3176433436960651,-0.1604398800387784,0.07075389057490064,0.24688945312116448,-0.4156100719519533,0.2551701919131749
2020-07-01,PB,A_均值,0.4010616677419183,-0.23835977108560158,0.15417221462075384,0.24688945312116448,-0.4156100719519533,0.17725030086635174
2020-07-01,PB,A_中位数,0.4384482333518929,-0.2357543980437532,0.19155878023072845,0.24688945312116448,-0.4156100719519533,0.17985567390820012
2020-07-01,PB,B_均值,0.36895378876419177,-0.24275044540467472,0.1220643356430273,0.24688945312116448,-0.4156100719519533,0.1728596265472786
2020-07-01,PB,B_中位数,0.41060841007547644,-0.2370407757505525,0.16371895695431196,0.24688945312116448,-0.4156100719519533,0.17856929620140083
2020-07-01,PB,C_均值,0.43569275093447024,-0.23666660894769564,0.18880329781330576,0.24688945312116448,-0.4156100719519533,0.17894346300425767
2020-07-01,PB,C_中位数,0.4333780769033339,-0.23690385545312054,0.18648862378216943,0.24688945312116448,-0.4156100719519533,0.17870621649883278
2020-07-01,PB,单窗3年,0.3749189054573499,-0.24314689461210814,0.12802945233618543,0.24688945312116448,-0.4156100719519533,0.17246317733984518
2020-07-01,PB,单窗5年,0.4502006518381359,-0.23361587386810567,0.20331119871697143,0.24688945312116448,-0.4156100719519533,0.18199419808384765
2020-07-01,PB,扩展窗口,0.4515988222034984,-0.2362926921157924,0.20470936908233392,0.24688945312116448,-0.4156100719519533,0.17931737983616092
2020-07-01,DY,A_均值,0.359067541638573,-0.239274267009839,0.11217808851740854,0.24688945312116448,-0.4156100719519533,0.17633580494211432
2020-07-01,DY,A_中位数,0.3568789747091129,-0.24052673803482283,0.10998952158794842,0.24688945312116448,-0.4156100719519533,0.1750833339171305
2020-07-01,DY,B_均值,0.3637058335510551,-0.24177786042303928,0.11681638042989065,0.24688945312116448,-0.4156100719519533,0.17383221152891404
2020-07-01,DY,B_中位数,0.37643658013650244,-0.23909079368263642,0.12954712701533797,0.24688945312116448,-0.4156100719519533,0.1765192782693169
2020-07-01,DY,C_均值,0.3702446940523983,-0.23903314364958883,0.12335524093123382,0.24688945312116448,-0.4156100719519533,0.1765769283023645
2020-07-01,DY,C_中位数,0.36686001274676383,-0.23821700572260673,0.11997055962559935,0.24688945312116448,-0.4156100719519533,0.17739306622934659
2020-07-01,DY,单窗3年,0.3094564841669651,-0.24137596104249737,0.06256703104580061,0.24688945312116448,-0.4156100719519533,0.17423411090945595
2020-07-01,DY,单窗5年,0.40173553022825953,-0.23840252655274852,0.15484607710709505,0.24688945312116448,-0.4156100719519533,0.1772075453992048
2020-07-01,DY,扩展窗口,0.35165695320533236,-0.2246725160276808,0.10476750008416788,0.24688945312116448,-0.4156100719519533,0.19093755592427253
2020-07-01,综合,A_均值,0.3429349677858405,-0.23846897948704593,0.09604551466467601,0.24688945312116448,-0.4156100719519533,0.1771410924649074
2020-07-01,综合,A_中位数,0.3372311087664449,-0.23704115977689244,0.09034165564528043,0.24688945312116448,-0.4156100719519533,0.17856891217506088
2020-07-01,综合,B_均值,0.3004432367792438,-0.23851980472336798,0.05355378365807931,0.24688945312116448,-0.4156100719519533,0.17709026722858534
2020-07-01,综合,B_中位数,0.332606527218125,-0.2355752019128965,0.08571707409696053,0.24688945312116448,-0.4156100719519533,0.18003487003905683
2020-07-01,综合,C_均值,0.37313325471117603,-0.2296045137622441,0.12624380159001156,0.24688945312116448,-0.4156100719519533,0.1860055581897092
2020-07-01,综合,C_中位数,0.35556113521039234,-0.23988898267589254,0.10867168208922787,0.24688945312116448,-0.4156100719519533,0.17572108927606078
2020-07-01,综合,单窗3年,0.2691955174739811,-0.23599063685599297,0.02230606435281665,0.24688945312116448,-0.4156100719519533,0.17961943509596034
2020-07-01,综合,单窗5年,0.36168398037663474,-0.23760760753484544,0.11479452725547026,0.24688945312116448,-0.4156100719519533,0.17800246441710788
2020-07-01,综合,扩展窗口,0.40032797323537606,-0.2082062758280212,0.15343852011421158,0.24688945312116448,-0.4156100719519533,0.20740379612393212
2020-10-09,ERP,A_均值,0.20145252083623014,-0.2660176339708511,0.046204226770397705,0.15524829406583243,-0.41561007195195265,0.14959243798110156
2020-10-09,ERP,A_中位数,0.18867359597790545,-0.27226565627673593,0.03342530191207302,0.15524829406583243,-0.41561007195195265,0.14334441567521672
2020-10-09,ERP,B_均值,0.17164905568871078,-0.268736547309645,0.016400761622878346,0.15524829406583243,-0.41561007195195265,0.14687352464230763
2020-10-09,ERP,B_中位数,0.18322298123193143,-0.2594587271244865,0.027974687166098994,0.15524829406583243,-0.41561007195195265,0.15615134482746618
2020-10-09,ERP,C_均值,0.22308126523029445,-0.2594449336264202,0.06783297116446202,0.15524829406583243,-0.41561007195195265,0.15616513832553247
2020-10-09,ERP,C_中位数,0.17873236253179195,-0.27838800035718025,0.023484068465959518,0.15524829406583243,-0.41561007195195265,0.1372220715947724
2020-10-09,ERP,单窗3年,0.14404385596210278,-0.2657840491696499,-0.011204438103729647,0.15524829406583243,-0.41561007195195265,0.14982602278230273
2020-10-09,ERP,单窗5年,0.186914314092425,-0.28422495049928276,0.03166602002659258,0.15524829406583243,-0.41561007195195265,0.1313851214526699
2020-10-09,ERP,扩展窗口,0.3205346533533845,-0.21438715797803964,0.16528635928755206,0.15524829406583243,-0.41561007195195265,0.201222913973913
2020-10-09,PE,A_均值,0.1887438685946022,-0.20597298086871785,0.03349557452876978,0.15524829406583243,-0.41561007195195265,0.2096370910832348
2020-10-09,PE,A_中位数,0.159708253588872,-0.22331328170019205,0.0044599595230395694,0.15524829406583243,-0.41561007195195265,0.1922967902517606
2020-10-09,PE,B_均值,0.10815984688554557,-0.22394508141206904,-0.04708844718028686,0.15524829406583243,-0.41561007195195265,0.19166499053988362
2020-10-09,PE,B_中位数,0.18138976497480885,-0.21300646266719836,0.026141470908976422,0.15524829406583243,-0.41561007195195265,0.2026036092847543
2020-10-09,PE,C_均值,0.22939222022421416,-0.20323732280002194,0.07414392615838172,0.15524829406583243,-0.41561007195195265,0.21237274915193072
2020-10-09,PE,C_中位数,0.20236293203094508,-0.21667269725948068,0.04711463796511264,0.15524829406583243,-0.41561007195195265,0.19893737469247197
2020-10-09,PE,单窗3年,0.026967138679622197,-0.2333390681444507,-0.12828115538621024,0.15524829406583243,-0.41561007195195265,0.18227100380750194
2020-10-09,PE,单窗5年,0.19424583773293452,-0.21731016648530188,0.03899754366710209,0.15524829406583243,-0.41561007195195265,0.19829990546665077
2020-10-09,PE,扩展窗口,0.3015353665959698,-0.16043988003877885,0.14628707253013737,0.15524829406583243,-0.41561007195195265,0.2551701919131738
2020-10-09,PB,A_均值,0.29707342660710656,-0.23835977108560136,0.14182513254127413,0.15524829406583243,-0.41561007195195265,0.1772503008663513
2020-10-09,PB,A_中位数,0.339317751138838,-0.23575439804375198,0.18406945707300557,0.15524829406583243,-0.41561007195195265,0.17985567390820068
2020-10-09,PB,B_均值,0.2920118003643913,-0.24275044540467638,0.13676350629855885,0.15524829406583243,-0.41561007195195265,0.17285962654727627
2020-10-09,PB,B_中位数,0.3070477783801456,-0.2370407757505527,0.15179948431431314,0.15524829406583243,-0.41561007195195265,0.17856929620139994
2020-10-09,PB,C_均值,0.3384530196976072,-0.23666660894769398,0.18320472563177478,0.15524829406583243,-0.41561007195195265,0.17894346300425867
2020-10-09,PB,C_中位数,0.3365448893242486,-0.23690385545311943,0.18129659525841615,0.15524829406583243,-0.41561007195195265,0.17870621649883323
2020-10-09,PB,单窗3年,0.25590347736993485,-0.2431468946121106,0.10065518330410242,0.15524829406583243,-0.41561007195195265,0.17246317733984207
2020-10-09,PB,单窗5年,0.33448081494939647,-0.23361587386810723,0.17923252088356403,0.15524829406583243,-0.41561007195195265,0.18199419808384543
2020-10-09,PB,扩展窗口,0.35405490167521614,-0.23629269211579296,0.1988066076093837,0.15524829406583243,-0.41561007195195265,0.1793173798361597
2020-10-09,DY,A_均值,0.326783349632253,-0.23927426700984022,0.17153505556642054,0.15524829406583243,-0.41561007195195265,0.17633580494211243
2020-10-09,DY,A_中位数,0.3287032846970762,-0.24052673803482294,0.17345499063124378,0.15524829406583243,-0.41561007195195265,0.1750833339171297
2020-10-09,DY,B_均值,0.34800579658951425,-0.2417778604230404,0.19275750252368182,0.15524829406583243,-0.41561007195195265,0.17383221152891226
2020-10-09,DY,B_中位数,0.3479214208660723,-0.23909079368263608,0.19267312680023987,0.15524829406583243,-0.41561007195195265,0.17651927826931657
2020-10-09,DY,C_均值,0.3333005756261235,-0.23903314364958916,0.17805228156029104,0.15524829406583243,-0.41561007195195265,0.1765769283023635
2020-10-09,DY,C_中位数,0.33039871744823124,-0.23821700572260618,0.1751504233823988,0.15524829406583243,-0.41561007195195265,0.17739306622934647
2020-10-09,DY,单窗3年,0.28123028314666165,-0.2413759610424958,0.12598198908082922,0.15524829406583243,-0.41561007195195265,0.17423411090945684
2020-10-09,DY,单窗5年,0.3473126265624858,-0.23840252655274807,0.19206433249665336,0.15524829406583243,-0.41561007195195265,0.17720754539920458
2020-10-09,DY,扩展窗口,0.32553128558595057,-0.22467251602767957,0.17028299152011814,0.15524829406583243,-0.41561007195195265,0.19093755592427308
2020-10-09,综合,A_均值,0.2797972857491389,-0.23846897948704637,0.12454899168330649,0.15524829406583243,-0.41561007195195265,0.17714109246490628
2020-10-09,综合,A_中位数,0.28966231910397733,-0.2370411597768899,0.1344140250381449,0.15524829406583243,-0.41561007195195265,0.17856891217506277
2020-10-09,综合,B_均值,0.26498848599651986,-0.23851980472336798,0.10974019193068743,0.15524829406583243,-0.41561007195195265,0.17709026722858467
2020-10-09,综合,B_中位数,0.2752131649090421,-0.23557520191289671,0.11996487084320964,0.15524829406583243,-0.41561007195195265,0.18003487003905594
2020-10-09,综合,C_均值,0.3155104000891954,-0.22960451376224478,0.16026210602336297,0.15524829406583243,-0.41561007195195265,0.18600555818970788
2020-10-09,综合,C_中位数,0.2988484405903985,-0.23988898267589098,0.14360014652456607,0.15524829406583243,-0.41561007195195265,0.17572108927606167
2020-10-09,综合,单窗3年,0.21153903860446904,-0.23599063685599375,0.05629074453863661,0.15524829406583243,-0.41561007195195265,0.1796194350959589
2020-10-09,综合,单窗5年,0.287259966026068,-0.23760760753484522,0.13201167196023558,0.15524829406583243,-0.41561007195195265,0.17800246441710743
2020-10-09,综合,扩展窗口,0.347676270294841,-0.20820627582802098,0.19242797622900856,0.15524829406583243,-0.41561007195195265,0.20740379612393167
2021-01-04,ERP,A_均值,0.2057430046944044,-0.2660176339708511,0.16367657603703745,0.04206642865736696,-0.41561007195195177,0.14959243798110067
2021-01-04,ERP,A_中位数,0.1926918323167067,-0.27226565627673593,0.15062540365933974,0.04206642865736696,-0.41561007195195177,0.14334441567521583
2021-01-04,ERP,B_均值,0.17530461999535532,-0.268736547309645,0.13323819133798837,0.04206642865736696,-0.41561007195195177,0.14687352464230674
2021-01-04,ERP,B_中位数,0.18712510057640028,-0.2594587271244865,0.14505867191903332,0.04206642865736696,-0.41561007195195177,0.1561513448274653
2021-01-04,ERP,C_均值,0.22783257820727748,-0.2594449336264202,0.18576614954991053,0.04206642865736696,-0.41561007195195177,0.15616513832553158
2021-01-04,ERP,C_中位数,0.1825388183549836,-0.27838800035718025,0.14047238969761663,0.04206642865736696,-0.41561007195195177,0.1372220715947715
2021-01-04,ERP,单窗3年,0.14711140586835272,-0.2657840491696499,0.10504497721098577,0.04206642865736696,-0.41561007195195177,0.14982602278230184
2021-01-04,ERP,单窗5年,0.1908950712976902,-0.28422495049928276,0.14882864264032325,0.04206642865736696,-0.41561007195195177,0.131385121452669
2021-01-04,ERP,扩展窗口,0.3273631240350036,-0.21438715797803964,0.28529669537763663,0.04206642865736696,-0.41561007195195177,0.20122291397391212
2021-01-04,PE,A_均值,0.19276360200353107,-0.20597298086871785,0.15069717334616411,0.04206642865736696,-0.41561007195195177,0.20963709108323392
2021-01-04,PE,A_中位数,0.16310946052120193,-0.22331328170019205,0.12104303186383497,0.04206642865736696,-0.41561007195195177,0.19229679025175972
2021-01-04,PE,B_均值,0.11046312420161845,-0.22394508141206904,0.06839669554425148,0.04206642865736696,-0.41561007195195177,0.19166499053988273
2021-01-04,PE,B_中位数,0.18525283112600716,-0.21300646266719836,0.1431864024686402,0.04206642865736696,-0.41561007195195177,0.2026036092847534
2021-01-04,PE,C_均值,0.2342780069303894,-0.20323732280002194,0.19221157827302243,0.04206642865736696,-0.41561007195195177,0.21237274915192983
2021-01-04,PE,C_中位数,0.20667281233651938,-0.21667269725948068,0.16460638367915242,0.04206642865736696,-0.41561007195195177,0.19893737469247108
2021-01-04,PE,单窗3年,0.027541380411291606,-0.2333390681444507,-0.014525048246075357,0.04206642865736696,-0.41561007195195177,0.18227100380750105
2021-01-04,PE,单窗5年,0.19838278529555445,-0.21731016648530188,0.1563163566381875,0.04206642865736696,-0.41561007195195177,0.19829990546664988
2021-01-04,PE,扩展窗口,0.3079587652167426,-0.16043988003877885,0.2658923365593756,0.04206642865736696,-0.41561007195195177,0.2551701919131729
2021-01-04,PB,A_均值,0.28416992656273726,-0.23835977108560202,0.2421034979053703,0.04206642865736696,-0.41561007195195177,0.17725030086634974
2021-01-04,PB,A_中位数,0.3303725210810307,-0.23575439804375198,0.28830609242366373,0.04206642865736696,-0.41561007195195177,0.1798556739081998
2021-01-04,PB,B_均值,0.2893612771806334,-0.24275044540467605,0.24729484852326647,0.04206642865736696,-0.41561007195195177,0.1728596265472757
2021-01-04,PB,B_中位数,0.29321055165368964,-0.2370407757505535,0.25114412299632266,0.04206642865736696,-0.41561007195195177,0.17856929620139828
2021-01-04,PB,C_均值,0.3243941463866697,-0.2366666089476952,0.2823277177293027,0.04206642865736696,-0.41561007195195177,0.17894346300425656
2021-01-04,PB,C_中位数,0.3225420159425641,-0.23690385545312032,0.2804755872851971,0.04206642865736696,-0.41561007195195177,0.17870621649883145
2021-01-04,PB,单窗3年,0.24462646901730156,-0.24314689461211048,0.2025600403599346,0.04206642865736696,-0.41561007195195177,0.1724631773398413
2021-01-04,PB,单窗5年,0.325166654282437,-0.23361587386810545,0.28310022562507003,0.04206642865736696,-0.41561007195195177,0.18199419808384631
2021-01-04,PB,扩展窗口,0.3341739458581117,-0.23629269211579462,0.29210751720074474,0.04206642865736696,-0.41561007195195177,0.17931737983615714
2021-01-04,DY,A_均值,0.32682872097664584,-0.23927426700983923,0.28476229231927885,0.04206642865736696,-0.41561007195195177,0.17633580494211254
2021-01-04,DY,A_中位数,0.32894344867797887,-0.24052673803482294,0.2868770200206119,0.04206642865736696,-0.41561007195195177,0.17508333391712882
2021-01-04,DY,B_均值,0.351599795211288,-0.24177786042304017,0.309533366553921,0.04206642865736696,-0.41561007195195177,0.1738322115289116
2021-01-04,DY,B_中位数,0.34832335366421807,-0.23909079368263575,0.3062569250068511,0.04206642865736696,-0.41561007195195177,0.17651927826931602
2021-01-04,DY,C_均值,0.32920859190360025,-0.23903314364958972,0.28714216324623326,0.04206642865736696,-0.41561007195195177,0.17657692830236205
2021-01-04,DY,C_中位数,0.3263846818529854,-0.23821700572260662,0.28431825319561843,0.04206642865736696,-0.41561007195195177,0.17739306622934514
2021-01-04,DY,单窗3年,0.2798756804181846,-0.24137596104249515,0.23780925176081766,0.04206642865736696,-0.41561007195195177,0.17423411090945662
2021-01-04,DY,单窗5年,0.34415221607124985,-0.2384025265527484,0.30208578741388287,0.04206642865736696,-0.41561007195195177,0.17720754539920336
2021-01-04,DY,扩展窗口,0.3257842532521183,-0.22467251602768123,0.2837178245947513,0.04206642865736696,-0.41561007195195177,0.19093755592427053
2021-01-04,综合,A_均值,0.2857572925759613,-0.23846897948704637,0.24369086391859432,0.04206642865736696,-0.41561007195195177,0.1771410924649054
2021-01-04,综合,A_中位数,0.2958326101083903,-0.2370411597768899,0.2537661814510233,0.04206642865736696,-0.41561007195195177,0.17856891217506188
2021-01-04,综合,B_均值,0.2706328543981453,-0.23851980472336798,0.22856642574077832,0.04206642865736696,-0.41561007195195177,0.1770902672285838
2021-01-04,综合,B_中位数,0.28107546116468934,-0.23557520191289671,0.2390090325073224,0.04206642865736696,-0.41561007195195177,0.18003487003905505
2021-01-04,综合,C_均值,0.3222317458012657,-0.22960451376224478,0.2801653171438987,0.04206642865736696,-0.41561007195195177,0.186005558189707
2021-01-04,综合,C_中位数,0.3052145577858446,-0.23988898267589098,0.2631481291284776,0.04206642865736696,-0.41561007195195177,0.17572108927606078
2021-01-04,综合,单窗3年,0.2145441000264942,-0.23599063685599408,0.17247767136912726,0.04206642865736696,-0.41561007195195177,0.17961943509595768
2021-01-04,综合,单窗5年,0.2933790468054783,-0.23760760753484522,0.25131261814811134,0.04206642865736696,-0.41561007195195177,0.17800246441710654
2021-01-04,综合,扩展窗口,0.35508352073223715,-0.20820627582802098,0.31301709207487016,0.04206642865736696,-0.41561007195195177,0.20740379612393078
2021-04-01,ERP,A_均值,0.21016232866777246,-0.2660176339708511,0.14159358780555975,0.06856874086221272,-0.36600960504623314,0.09999197107538205
2021-04-01,ERP,A_中位数,0.1968307277325767,-0.27226565627673593,0.128261986870364,0.06856874086221272,-0.36600960504623314,0.09374394876949721
2021-04-01,ERP,B_均值,0.1790699467940304,-0.268736547309645,0.11050120593181768,0.06856874086221272,-0.36600960504623314,0.09727305773658812
2021-04-01,ERP,B_中位数,0.19114439002391254,-0.2594587271244865,0.12257564916169982,0.06856874086221272,-0.36600960504623314,0.10655087792174667
2021-04-01,ERP,C_均值,0.2327265819523386,-0.2594449336264202,0.16415784109012588,0.06856874086221272,-0.36600960504623314,0.10656467141981296
2021-04-01,ERP,C_中位数,0.18645957002132704,-0.27838800035718025,0.11789082915911432,0.06856874086221272,-0.36600960504623314,0.08762160468905289
2021-04-01,ERP,单窗3年,0.15027105493277368,-0.2657840491696499,0.08170231407056096,0.06856874086221272,-0.36600960504623314,0.10022555587658322
2021-04-01,ERP,单窗5年,0.19499536142056897,-0.28422495049928276,0.12642662055835624,0.06856874086221272,-0.36600960504623314,0.08178465454695039
2021-04-01,ERP,扩展窗口,0.3343967682966106,-0.21438715797803964,0.2658280274343979,0.06856874086221272,-0.36600960504623314,0.1516224470681935
2021-04-01,PE,A_均值,0.1969040394733859,-0.20597298086871785,0.12833529861117315,0.06856874086221272,-0.36600960504623314,0.1600366241775153
2021-04-01,PE,A_中位数,0.16661278878429436,-0.22331328170019205,0.09804404792208164,0.06856874086221272,-0.36600960504623314,0.1426963233460411
2021-04-01,PE,B_均值,0.11283554852332267,-0.22394508141206904,0.04426680766110995,0.06856874086221272,-0.36600960504623314,0.1420645236341641
2021-04-01,PE,B_中位数,0.18923189399101464,-0.21300646266719836,0.12066315312880192,0.06856874086221272,-0.36600960504623314,0.15300314237903478
2021-04-01,PE,C_均值,0.23931052683083498,-0.20323732280002194,0.17074178596862227,0.06856874086221272,-0.36600960504623314,0.1627722822462112
2021-04-01,PE,C_中位数,0.21111211566483856,-0.21667269725948068,0.14254337480262586,0.06856874086221272,-0.36600960504623314,0.14933690778675246
2021-04-01,PE,单窗3年,0.02813285975848923,-0.2333390681444507,-0.040435881103723495,0.06856874086221272,-0.36600960504623314,0.13267053690178243
2021-04-01,PE,单窗5年,0.20264395906682492,-0.21731016648530188,0.1340752182046122,0.06856874086221272,-0.36600960504623314,0.14869943856093126
2021-04-01,PE,扩展窗口,0.3145751449196776,-0.16043988003877885,0.24600640405746488,0.06856874086221272,-0.36600960504623314,0.2055697250074543
2021-04-01,PB,A_均值,0.2902748457967887,-0.23835977108560202,0.221706104934576,0.06856874086221272,-0.36600960504623314,0.12764983396063112
2021-04-01,PB,A_中位数,0.33747088432398914,-0.23575439804375198,0.26890214346177643,0.06856874086221272,-0.36600960504623314,0.13025520700248117
2021-04-01,PB,B_均值,0.29557780276462353,-0.24275044540467605,0.22700906190241082,0.06856874086221272,-0.36600960504623314,0.12325915964155709
2021-04-01,PB,B_中位数,0.29950983369685014,-0.2370407757505535,0.23094109283463743,0.06856874086221272,-0.36600960504623314,0.12896882929567965
2021-04-01,PB,C_均值,0.3313639425060008,-0.2366666089476952,0.2627952016437881,0.06856874086221272,-0.36600960504623314,0.12934299609853794
2021-04-01,PB,C_中位数,0.3294719826190213,-0.23690385545312032,0.26090324175680857,0.06856874086221272,-0.36600960504623314,0.12910574959311283
2021-04-01,PB,单窗3年,0.24988139485072097,-0.24314689461211048,0.18131265398850827,0.06856874086221272,-0.36600960504623314,0.12286271043412267
2021-04-01,PB,单窗5年,0.3321530631047737,-0.23361587386810545,0.263584322242561,0.06856874086221272,-0.36600960504623314,0.1323937311781277
2021-04-01,PB,扩展窗口,0.3384411391763155,-0.23629269211579373,0.2698723983141028,0.06856874086221272,-0.36600960504623314,0.1297169129304394
2021-04-01,DY,A_均值,0.33385087273400316,-0.23927426700983923,0.26528213187179045,0.06856874086221272,-0.36600960504623314,0.12673533803639392
2021-04-01,DY,A_中位数,0.3360110786138551,-0.24052673803482294,0.2674423377516424,0.06856874086221272,-0.36600960504623314,0.1254828670114102
2021-04-01,DY,B_均值,0.35915471186692105,-0.24177786042304017,0.29058597100470834,0.06856874086221272,-0.36600960504623314,0.12423174462319297
2021-04-01,DY,B_中位数,0.3558077955047094,-0.23909079368263575,0.2872390546424967,0.06856874086221272,-0.36600960504623314,0.1269188113635974
2021-04-01,DY,C_均值,0.3362819239216672,-0.23903314364958972,0.2677131830594545,0.06856874086221272,-0.36600960504623314,0.12697646139664343
2021-04-01,DY,C_中位数,0.33339728444962563,-0.23821700572260662,0.2648285435874129,0.06856874086221272,-0.36600960504623314,0.12779259932362652
2021-04-01,DY,单窗3年,0.2858882828993156,-0.24137596104249515,0.2173195420371029,0.06856874086221272,-0.36600960504623314,0.124633644003738
2021-04-01,DY,单窗5年,0.3515469415451231,-0.2384025265527484,0.2829782006829104,0.06856874086221272,-0.36600960504623314,0.12760707849348474
2021-04-01,DY,扩展窗口,0.3327839435534934,-0.22467251602768123,0.2642152026912807,0.06856874086221272,-0.36600960504623314,0.1413370890185519
2021-04-01,综合,A_均值,0.2918963373788045,-0.23846897948704637,0.2233275965165918,0.06856874086221272,-0.36600960504623314,0.12754062555918677
2021-04-01,综合,A_中位数,0.302188265767537,-0.2370411597768899,0.23361952490532428,0.06856874086221272,-0.36600960504623314,0.12896844526934326
2021-04-01,综合,B_均值,0.27644676620369163,-0.23851980472336798,0.20787802534147892,0.06856874086221272,-0.36600960504623314,0.12748980032286517
2021-04-01,综合,B_中位数,0.2871138559797127,-0.23557520191289671,0.21854511511749997,0.06856874086221272,-0.36600960504623314,0.13043440313333643
2021-04-01,综合,C_均值,0.32915504028206016,-0.22960451376224478,0.26058629941984746,0.06856874086221272,-0.36600960504623314,0.13640509128398837
2021-04-01,综合,C_中位数,0.31177193223868616,-0.23988898267589098,0.24320319137647345,0.06856874086221272,-0.36600960504623314,0.12612062237034216
2021-04-01,综合,单窗3年,0.21915254258014824,-0.23599063685599408,0.1505838017179355,0.06856874086221272,-0.36600960504623314,0.13001896819023906
2021-04-01,综合,单窗5年,0.2996819514198587,-0.23760760753484522,0.231113210557646,0.06856874086221272,-0.36600960504623314,0.12840199751138792
2021-04-01,综合,扩展窗口,0.3627133730625525,-0.20820627582802098,0.2941446322003398,0.06856874086221272,-0.36600960504623314,0.15780332921821216
2021-07-01,ERP,A_均值,0.20080970638047554,-0.26601763397085054,0.1655963183288557,0.03521338805161984,-0.3566364351245087,0.09061880115365817
2021-07-01,ERP,A_中位数,0.18529944737409038,-0.2722656562767356,0.15008605932247054,0.03521338805161984,-0.3566364351245087,0.08437077884777311
2021-07-01,ERP,B_均值,0.1624553807046929,-0.26873654730964636,0.12724199265307307,0.03521338805161984,-0.3566364351245087,0.08789988781486235
2021-07-01,ERP,B_中位数,0.17500290474470692,-0.2594587271244869,0.1397895166930871,0.03521338805161984,-0.3566364351245087,0.09717770800002179
2021-07-01,ERP,C_均值,0.2236368975150539,-0.2594449336264194,0.18842350946343406,0.03521338805161984,-0.3566364351245087,0.0971915014980893
2021-07-01,ERP,C_中位数,0.17642203331722392,-0.27838800035718003,0.1412086452656041,0.03521338805161984,-0.3566364351245087,0.07824843476732868
2021-07-01,ERP,单窗3年,0.14735721359367257,-0.2657840491696515,0.11214382554205274,0.03521338805161984,-0.3566364351245087,0.09085238595485723
2021-07-01,ERP,单窗5年,0.18268867553827334,-0.2842249504992824,0.1474752874866535,0.03521338805161984,-0.3566364351245087,0.07241148462522629
2021-07-01,ERP,扩展窗口,0.3343005914847232,-0.21438715797804064,0.29908720343310335,0.03521338805161984,-0.3566364351245087,0.14224927714646807
2021-07-01,PE,A_均值,0.1894953310695648,-0.20597298086871785,0.15428194301794496,0.03521338805161984,-0.3566364351245087,0.15066345425579086
2021-07-01,PE,A_中位数,0.1588843582579386,-0.22331328170019116,0.12367097020631876,0.03521338805161984,-0.3566364351245087,0.13332315342431755
2021-07-01,PE,B_均值,0.10330091103168061,-0.2239450814120687,0.06808752298006077,0.03521338805161984,-0.3566364351245087,0.13269135371244
2021-07-01,PE,B_中位数,0.17616888076094608,-0.21300646266719836,0.14095549270932625,0.03521338805161984,-0.3566364351245087,0.14362997245731035
2021-07-01,PE,C_均值,0.2339717591100486,-0.20323732280002205,0.19875837105842878,0.03521338805161984,-0.3566364351245087,0.15339911232448666
2021-07-01,PE,C_中位数,0.20543210399140324,-0.21667269725947924,0.1702187159397834,0.03521338805161984,-0.3566364351245087,0.13996373786502947
2021-07-01,PE,单窗3年,0.02472589768870909,-0.23333906814444927,-0.010487490362910749,0.03521338805161984,-0.3566364351245087,0.12329736698005944
2021-07-01,PE,单窗5年,0.1932677909877045,-0.217310166485302,0.15805440293608466,0.03521338805161984,-0.3566364351245087,0.13932626863920672
2021-07-01,PE,扩展窗口,0.3218892356773993,-0.16043988003877885,0.28667584762577947,0.03521338805161984,-0.3566364351245087,0.19619655508572986
2021-07-01,PB,A_均值,0.29371314391629993,-0.2383597710856028,0.2584997558646801,0.03521338805161984,-0.3566364351245087,0.11827666403890591
2021-07-01,PB,A_中位数,0.3420677388548536,-0.23575439804375165,0.30685435080323376,0.03521338805161984,-0.3566364351245087,0.12088203708075707
2021-07-01,PB,B_均值,0.29183919514800855,-0.2427504454046744,0.2566258070963887,0.03521338805161984,-0.3566364351245087,0.11388598971983432
2021-07-01,PB,B_中位数,0.2928156110097526,-0.23704077575055427,0.2576022229581328,0.03521338805161984,-0.3566364351245087,0.11959565937395444
2021-07-01,PB,C_均值,0.3310820423405849,-0.23666660894769598,0.2958686542889651,0.03521338805161984,-0.3566364351245087,0.11996982617681273
2021-07-01,PB,C_中位数,0.3291822201262508,-0.23690385545312043,0.293968832074631,0.03521338805161984,-0.3566364351245087,0.11973257967138828
2021-07-01,PB,单窗3年,0.2556904053844768,-0.24314689461211048,0.22047701733285696,0.03521338805161984,-0.3566364351245087,0.11348954051239823
2021-07-01,PB,单窗5年,0.33657271712452486,-0.23361587386810645,0.301359329072905,0.03521338805161984,-0.3566364351245087,0.12302056125640226
2021-07-01,PB,扩展窗口,0.33159580332274735,-0.23629269211579296,0.2963824152711275,0.03521338805161984,-0.3566364351245087,0.12034374300871575
2021-07-01,DY,A_均值,0.3416135516770791,-0.23927426700983923,0.30640016362545924,0.03521338805161984,-0.3566364351245087,0.11736216811466949
2021-07-01,DY,A_中位数,0.3438240347786574,-0.24052673803482294,0.3086106467270376,0.03521338805161984,-0.3566364351245087,0.11610969708968577
2021-07-01,DY,B_均值,0.36750637908075606,-0.24177786042304017,0.33229299102913623,0.03521338805161984,-0.3566364351245087,0.11485857470146854
2021-07-01,DY,B_中位数,0.36408155011292337,-0.23909079368263575,0.32886816206130354,0.03521338805161984,-0.3566364351245087,0.11754564144187296
2021-07-01,DY,C_均值,0.3441011838798959,-0.23903314364958972,0.3088877958282761,0.03521338805161984,-0.3566364351245087,0.11760329147491899
2021-07-01,DY,C_中位数,0.34114940657311654,-0.23821700572260662,0.3059360185214967,0.03521338805161984,-0.3566364351245087,0.11841942940190209
2021-07-01,DY,单窗3年,0.29253489545377337,-0.24137596104249515,0.25732150740215354,0.03521338805161984,-0.3566364351245087,0.11526047408201356
2021-07-01,DY,单窗5年,0.35972151149656756,-0.2384025265527484,0.3245081234449477,0.03521338805161984,-0.3566364351245087,0.1182339085717603
2021-07-01,DY,扩展窗口,0.3405217908379985,-0.22467251602768123,0.30530840278637866,0.03521338805161984,-0.3566364351245087,0.13196391909682748
2021-07-01,综合,A_均值,0.29529470580943035,-0.23846897948704748,0.2600813177578105,0.03521338805161984,-0.3566364351245087,0.11816745563746123
2021-07-01,综合,A_中位数,0.30592186728105825,-0.23704115977689055,0.2707084792294384,0.03521338805161984,-0.3566364351245087,0.11959527534761816
2021-07-01,综合,B_均值,0.2767450438378756,-0.23851980472336876,0.2415316557862558,0.03521338805161984,-0.3566364351245087,0.11811663040113995
2021-07-01,综合,B_中位数,0.28579947773498027,-0.23557520191289716,0.25058608968336044,0.03521338805161984,-0.3566364351245087,0.12106123321161155
2021-07-01,综合,C_均值,0.3291949645153153,-0.22960451376224333,0.2939815764636955,0.03521338805161984,-0.3566364351245087,0.12703192136226538
2021-07-01,综合,C_中位数,0.31156391806191047,-0.2398889826758911,0.27635053001029064,0.03521338805161984,-0.3566364351245087,0.11674745244861762
2021-07-01,综合,单窗3年,0.22359808035934528,-0.23599063685599442,0.18838469230772545,0.03521338805161984,-0.3566364351245087,0.12064579826851429
2021-07-01,综合,单窗5年,0.2989766442108734,-0.2376076075348451,0.26376325615925356,0.03521338805161984,-0.3566364351245087,0.1190288275896636
2021-07-01,综合,扩展窗口,0.3679501928087878,-0.20820627582802154,0.332736804757168,0.03521338805161984,-0.3566364351245087,0.14843015929648717
2021-10-08,ERP,A_均值,0.2032791672433895,-0.26601763397085054,0.11421474161043417,0.08906442563295534,-0.34403177791061557,0.07801414393976502
2021-10-08,ERP,A_中位数,0.18260789702171423,-0.2722656562767355,0.09354347138875889,0.08906442563295534,-0.34403177791061557,0.07176612163388008
2021-10-08,ERP,B_均值,0.16080795699511374,-0.26873654730964525,0.0717435313621584,0.08906442563295534,-0.34403177791061557,0.07529523060097032
2021-10-08,ERP,B_中位数,0.18255590250582784,-0.2594587271244865,0.0934914768728725,0.08906442563295534,-0.34403177791061557,0.08457305078612909
2021-10-08,ERP,C_均值,0.22475212591651678,-0.2594449336264193,0.13568770028356142,0.08906442563295534,-0.34403177791061557,0.08458684428419627
2021-10-08,ERP,C_中位数,0.1759441701926852,-0.27838800035718037,0.08687974455972987,0.08906442563295534,-0.34403177791061557,0.0656437775534352
2021-10-08,ERP,单窗3年,0.1419613786763424,-0.26578404916965104,0.052896953043387054,0.08906442563295534,-0.34403177791061557,0.07824772874096453
2021-10-08,ERP,单窗5年,0.18377633550880915,-0.284224950499282,0.0947119098758538,0.08906442563295534,-0.34403177791061557,0.059806827411333585
2021-10-08,ERP,扩展窗口,0.3302595284862649,-0.21438715797804053,0.24119510285330953,0.08906442563295534,-0.34403177791061557,0.12964461993257503
2021-10-08,PE,A_均值,0.16848545973601223,-0.20597298086871874,0.07942103410305688,0.08906442563295534,-0.34403177791061557,0.13805879704189683
2021-10-08,PE,A_中位数,0.1358264032694389,-0.2233132817001917,0.04676197763648356,0.08906442563295534,-0.34403177791061557,0.12071849621042385
2021-10-08,PE,B_均值,0.07845078447184727,-0.22394508141206837,-0.010613641161108078,0.08906442563295534,-0.34403177791061557,0.1200866964985472
2021-10-08,PE,B_中位数,0.14963023227611913,-0.21300646266719814,0.060565806643163786,0.08906442563295534,-0.34403177791061557,0.13102531524341743
2021-10-08,PE,C_均值,0.20767468020772048,-0.20323732280002194,0.11861025457476514,0.08906442563295534,-0.34403177791061557,0.14079445511059363
2021-10-08,PE,C_中位数,0.17917242620047924,-0.21667269725948168,0.0901080005675239,0.08906442563295534,-0.34403177791061557,0.12735908065113388
2021-10-08,PE,单窗3年,0.01893344386278256,-0.23333906814445105,-0.07013098177017278,0.08906442563295534,-0.34403177791061557,0.11069270976616452
2021-10-08,PE,单窗5年,0.16649154845522698,-0.217310166485302,0.07742712282227164,0.08906442563295534,-0.34403177791061557,0.12672161142531357
2021-10-08,PE,扩展窗口,0.30560458048333805,-0.16043988003877896,0.2165401548503827,0.08906442563295534,-0.34403177791061557,0.1835918978718366
2021-10-08,PB,A_均值,0.282274979578821,-0.23835977108560202,0.19321055394586562,0.08906442563295534,-0.34403177791061557,0.10567200682501354
2021-10-08,PB,A_中位数,0.330734642330848,-0.23575439804375276,0.24167021669789263,0.08906442563295534,-0.34403177791061557,0.10827737986686281
2021-10-08,PB,B_均值,0.2736767042253632,-0.24275044540467594,0.18461227859240786,0.08906442563295534,-0.34403177791061557,0.10128133250593963
2021-10-08,PB,B_中位数,0.27738478167190883,-0.23704077575055205,0.18832035603895347,0.08906442563295534,-0.34403177791061557,0.10699100216006352
2021-10-08,PB,C_均值,0.3210747869261098,-0.2366666089476953,0.23201036129315444,0.08906442563295534,-0.34403177791061557,0.10736516896292025
2021-10-08,PB,C_中位数,0.3192076378141044,-0.23690385545312076,0.23014321218114903,0.08906442563295534,-0.34403177791061557,0.1071279224574948
2021-10-08,PB,单窗3年,0.24639414636556783,-0.24314689461211036,0.15732972073261248,0.08906442563295534,-0.34403177791061557,0.1008848832985052
2021-10-08,PB,单窗5年,0.32476271538060153,-0.23361587386810478,0.23569828974764617,0.08906442563295534,-0.34403177791061557,0.11041590404251078
2021-10-08,PB,扩展窗口,0.32768532851436233,-0.23629269211579362,0.23862090288140697,0.08906442563295534,-0.34403177791061557,0.10773908579482194
2021-10-08,DY,A_均值,0.3423179958548497,-0.23927426700983834,0.2532535702218943,0.08906442563295534,-0.34403177791061557,0.10475751090077723
2021-10-08,DY,A_中位数,0.33989706827698557,-0.24052673803482383,0.2508326426440302,0.08906442563295534,-0.34403177791061557,0.10350503987579174
2021-10-08,DY,B_均值,0.3536400922742578,-0.24177786042304017,0.26457566664130244,0.08906442563295534,-0.34403177791061557,0.1022539174875754
2021-10-08,DY,B_中位数,0.35915614641528926,-0.23909079368263697,0.2700917207823339,0.08906442563295534,-0.34403177791061557,0.1049409842279786
2021-10-08,DY,C_均值,0.33810514832190147,-0.23903314364958905,0.24904072268894611,0.08906442563295534,-0.34403177791061557,0.10499863426102651
2021-10-08,DY,C_中位数,0.3352640442736528,-0.23821700572260607,0.24619961864069745,0.08906442563295534,-0.34403177791061557,0.1058147721880095
2021-10-08,DY,单窗3年,0.28924112427228604,-0.24137596104249548,0.20017669863933069,0.08906442563295534,-0.34403177791061557,0.10265581686812009
2021-10-08,DY,单窗5年,0.35364169123692446,-0.23840252655274707,0.2645772656039691,0.08906442563295534,-0.34403177791061557,0.10562925135786849
2021-10-08,DY,扩展窗口,0.3443459864641108,-0.22467251602768035,0.25528156083115544,0.08906442563295534,-0.34403177791061557,0.11935926188293522
2021-10-08,综合,A_均值,0.27712840735807354,-0.2384689794870476,0.18806398172511818,0.08906442563295534,-0.34403177791061557,0.10556279842356797
2021-10-08,综合,A_中位数,0.2906506929519238,-0.23704115977689033,0.20158626731896845,0.08906442563295534,-0.34403177791061557,0.10699061813372523
2021-10-08,综合,B_均值,0.254969911860098,-0.2385198047233671,0.16590548622714263,0.08906442563295534,-0.34403177791061557,0.10551197318724848
2021-10-08,综合,B_中位数,0.2631856242735099,-0.2355752019128965,0.17412119864055453,0.08906442563295534,-0.34403177791061557,0.10845657599771907
2021-10-08,综合,C_均值,0.31384446002558614,-0.22960451376224544,0.22478003439263078,0.08906442563295534,-0.34403177791061557,0.11442726414837012
2021-10-08,综合,C_中位数,0.2961992771901038,-0.23988898267589132,0.20713485155714845,0.08906442563295534,-0.34403177791061557,0.10414279523472425
2021-10-08,综合,单窗3年,0.20481694815315302,-0.23599063685599364,0.11575252252019767,0.08906442563295534,-0.34403177791061557,0.10804114105462193
2021-10-08,综合,单窗5年,0.2834113388358096,-0.2376076075348439,0.19434691320285424,0.08906442563295534,-0.34403177791061557,0.10642417037577168
2021-10-08,综合,扩展窗口,0.3618802519262156,-0.20820627582802043,0.27281582629326023,0.08906442563295534,-0.34403177791061557,0.13582550208259514
2022-01-04,ERP,A_均值,0.1958110896131296,-0.25706991863902107,0.10357960117902985,0.09223148843409974,-0.3225633547544242,0.06549343611540315
2022-01-04,ERP,A_中位数,0.1746516165037866,-0.26319094207773974,0.08242012806968686,0.09223148843409974,-0.3225633547544242,0.05937241267668447
2022-01-04,ERP,B_均值,0.15175999670281667,-0.2598219772735254,0.05952850826871693,0.09223148843409974,-0.3225633547544242,0.06274137748089881
2022-01-04,ERP,B_中位数,0.17665817589285635,-0.251585618470374,0.0844266874587566,0.09223148843409974,-0.3225633547544242,0.07097773628405024
2022-01-04,ERP,C_均值,0.2232156431602374,-0.2497735344121702,0.13098415472613767,0.09223148843409974,-0.3225633547544242,0.07278982034225401
2022-01-04,ERP,C_中位数,0.17294807122119138,-0.2689639912007581,0.08071658278709164,0.09223148843409974,-0.3225633547544242,0.053599363553666124
2022-01-04,ERP,单窗3年,0.1360452408762458,-0.2609178917172442,0.04381375244214607,0.09223148843409974,-0.3225633547544242,0.06164546303717999
2022-01-04,ERP,单窗5年,0.17576659708615694,-0.27460853813142216,0.0835351086520572,0.09223148843409974,-0.3225633547544242,0.04795481662300205
2022-01-04,ERP,扩展窗口,0.3328497602010018,-0.21438715797804042,0.2406182717669021,0.09223148843409974,-0.3225633547544242,0.10817619677638379
2022-01-04,PE,A_均值,0.1521509205896644,-0.20597298086871796,0.05991943215556465,0.09223148843409974,-0.3225633547544242,0.11659037388570626
2022-01-04,PE,A_中位数,0.1226054486681563,-0.2191728829776155,0.030373960234056557,0.09223148843409974,-0.3225633547544242,0.10339047177680871
2022-01-04,PE,B_均值,0.06652794494575583,-0.21791299533447295,-0.025703543488343916,0.09223148843409974,-0.3225633547544242,0.10465035941995127
2022-01-04,PE,B_中位数,0.133121553734531,-0.2130064626671987,0.04089006530043125,0.09223148843409974,-0.3225633547544242,0.10955689208722552
2022-01-04,PE,C_均值,0.18919161903515452,-0.20323732280002305,0.09696013060105478,0.09223148843409974,-0.3225633547544242,0.11932603195440117
2022-01-04,PE,C_中位数,0.16048926875393865,-0.21390717029391948,0.06825778031983891,0.09223148843409974,-0.3225633547544242,0.10865618446050473
2022-01-04,PE,单窗3年,0.002760641072118875,-0.2285160285251413,-0.08947084736198087,0.09223148843409974,-0.3225633547544242,0.09404732622928291
2022-01-04,PE,单窗5年,0.15052230604927525,-0.2124506844650872,0.0582908176151755,0.09223148843409974,-0.3225633547544242,0.11011267028933702
2022-01-04,PE,扩展窗口,0.29745346422660146,-0.16043988003877896,0.20522197579250173,0.09223148843409974,-0.3225633547544242,0.16212347471564525
2022-01-04,PB,A_均值,0.27059511978288525,-0.23835977108560147,0.17836363134878552,0.09223148843409974,-0.3225633547544242,0.08420358366882275
2022-01-04,PB,A_中位数,0.32017447445432184,-0.23575439804375298,0.22794298602022212,0.09223148843409974,-0.3225633547544242,0.08680895671067124
2022-01-04,PB,B_均值,0.25918638032584485,-0.24275044540467583,0.16695489189174512,0.09223148843409974,-0.3225633547544242,0.07981290934974838
2022-01-04,PB,B_中位数,0.27064017930969764,-0.23704077575055238,0.1784086908755979,0.09223148843409974,-0.3225633547544242,0.08552257900387183
2022-01-04,PB,C_均值,0.3125910796910057,-0.23666660894769498,0.22035959125690596,0.09223148843409974,-0.3225633547544242,0.08589674580672924
2022-01-04,PB,C_中位数,0.31074910656352306,-0.2369038554531212,0.21851761812942333,0.09223148843409974,-0.3225633547544242,0.08565949930130301
2022-01-04,PB,单窗3年,0.22998437241647707,-0.24314689461211003,0.13775288398237734,0.09223148843409974,-0.3225633547544242,0.07941646014231418
2022-01-04,PB,单窗5年,0.31543541497491595,-0.23361587386810612,0.22320392654081622,0.09223148843409974,-0.3225633547544242,0.0889474808863181
2022-01-04,PB,扩展窗口,0.3199115049583446,-0.2362926921157924,0.22768001652424485,0.09223148843409974,-0.3225633547544242,0.08627066263863181
2022-01-04,DY,A_均值,0.3393900994275371,-0.23927426700983945,0.2471586109934374,0.09223148843409974,-0.3225633547544242,0.08328908774458477
2022-01-04,DY,A_中位数,0.3355883536270256,-0.24052673803482283,0.24335686519292588,0.09223148843409974,-0.3225633547544242,0.08203661671960139
2022-01-04,DY,B_均值,0.35267984962504106,-0.24177786042303928,0.26044836119094134,0.09223148843409974,-0.3225633547544242,0.08078549433138493
2022-01-04,DY,B_中位数,0.35660438041845033,-0.23909079368263586,0.2643728919843506,0.09223148843409974,-0.3225633547544242,0.08347256107178835
2022-01-04,DY,C_均值,0.33243484719426286,-0.23903314364958894,0.24020335876016313,0.09223148843409974,-0.3225633547544242,0.08353021110483527
2022-01-04,DY,C_中位数,0.32969721189201473,-0.23821700572260684,0.237465723457915,0.09223148843409974,-0.3225633547544242,0.08434634903181737
2022-01-04,DY,单窗3年,0.2846364412330924,-0.2413759610424948,0.19240495279899267,0.09223148843409974,-0.3225633547544242,0.0811873937119294
2022-01-04,DY,单窗5年,0.3518148712014446,-0.23840252655274785,0.2595833827673449,0.09223148843409974,-0.3225633547544242,0.08416082820167636
2022-01-04,DY,扩展窗口,0.3469617936686446,-0.22467251602767913,0.2547303052345449,0.09223148843409974,-0.3225633547544242,0.09789083872674509
2022-01-04,综合,A_均值,0.2629912251656926,-0.23846897948704582,0.1707597367315929,0.09223148843409974,-0.3225633547544242,0.0840943752673784
2022-01-04,综合,A_中位数,0.2761628117934321,-0.2370411597768911,0.18393132335933238,0.09223148843409974,-0.3225633547544242,0.0855221949775331
2022-01-04,综合,B_均值,0.2436821927072494,-0.2385198047233673,0.15145070427314966,0.09223148843409974,-0.3225633547544242,0.0840435500310569
2022-01-04,综合,B_中位数,0.24864598835876264,-0.23557520191289694,0.1564144999246629,0.09223148843409974,-0.3225633547544242,0.08698815284152728
2022-01-04,综合,C_均值,0.3025298323067626,-0.229604513762245,0.21029834387266289,0.09223148843409974,-0.3225633547544242,0.09295884099217921
2022-01-04,综合,C_中位数,0.2847801189364255,-0.23988898267589165,0.1925486305023258,0.09223148843409974,-0.3225633547544242,0.08267437207853257
2022-01-04,综合,单窗3年,0.195347070558079,-0.23599063685599408,0.10311558212397927,0.09223148843409974,-0.3225633547544242,0.08657271789843013
2022-01-04,综合,单窗5年,0.2703177505370207,-0.237607607534843,0.17808626210292094,0.09223148843409974,-0.3225633547544242,0.08495574721958121
2022-01-04,综合,扩展窗口,0.361893343132743,-0.20820627582802154,0.2696618546986433,0.09223148843409974,-0.3225633547544242,0.11435707892640268
2022-04-01,ERP,A_均值,0.30825900861042504,-0.23651317425748897,0.039205717533892515,0.26905329107653253,-0.2657577186422899,0.029244544384800952
2022-04-01,ERP,A_中位数,0.293890868598812,-0.24119647772455988,0.024837577522279497,0.26905329107653253,-0.2657577186422899,0.024561240917730043
2022-04-01,ERP,B_均值,0.27328094950233106,-0.2414623455696161,0.004227658425798531,0.26905329107653253,-0.2657577186422899,0.02429537307267382
2022-04-01,ERP,B_中位数,0.2739186550711432,-0.24183911336978203,0.004865363994610683,0.26905329107653253,-0.2657577186422899,0.023918605272507887
2022-04-01,ERP,C_均值,0.3303085323094289,-0.23342640900261435,0.061255241232896385,0.26905329107653253,-0.2657577186422899,0.032331309639675565
2022-04-01,ERP,C_中位数,0.30248367486779576,-0.2421588992959014,0.03343038379126323,0.26905329107653253,-0.2657577186422899,0.023598819346388522
2022-04-01,ERP,单窗3年,0.2619202493437655,-0.2397363387171605,-0.00713304173276702,0.26905329107653253,-0.2657577186422899,0.02602137992512943
2022-04-01,ERP,单窗5年,0.3277445344604281,-0.24119555244210644,0.058691243383895586,0.26905329107653253,-0.2657577186422899,0.024562166200183477
2022-04-01,ERP,单窗10年,0.3723723728953083,-0.21759003701345103,0.10331908181877575,0.26905329107653253,-0.2657577186422899,0.04816768162883889
2022-04-01,ERP,扩展窗口,0.38382883321314076,-0.2143871579780403,0.11477554213660823,0.26905329107653253,-0.2657577186422899,0.05137056066424961
2022-04-01,PE,A_均值,0.22021042419511636,-0.2059729808687184,-0.048842866881416175,0.26905329107653253,-0.2657577186422899,0.05978473777357152
2022-04-01,PE,A_中位数,0.2152591151856282,-0.2094119694685468,-0.05379417589090432,0.26905329107653253,-0.2657577186422899,0.05634574917374313
2022-04-01,PE,B_均值,0.15884856736440295,-0.21636204893732658,-0.11020472371212958,0.26905329107653253,-0.2657577186422899,0.04939566970496334
2022-04-01,PE,B_中位数,0.19399931354252747,-0.21300646266719792,-0.07505397753400506,0.26905329107653253,-0.2657577186422899,0.052751255975092004
2022-04-01,PE,C_均值,0.2614639271790704,-0.20323732280002238,-0.00758936389746212,0.26905329107653253,-0.2657577186422899,0.06252039584226754
2022-04-01,PE,C_中位数,0.2564658879215328,-0.20539067436341674,-0.012587403154999732,0.26905329107653253,-0.2657577186422899,0.06036704427887318
2022-04-01,PE,单窗3年,0.06677840573015176,-0.22785944986500783,-0.20227488534638077,0.26905329107653253,-0.2657577186422899,0.037898268777282085
2022-04-01,PE,单窗5年,0.24233688846019674,-0.20539067436341674,-0.026716402616335788,0.26905329107653253,-0.2657577186422899,0.06036704427887318
2022-04-01,PE,单窗10年,0.3536491728110672,-0.18819766167586327,0.0845958817345347,0.26905329107653253,-0.2657577186422899,0.07756005696642665
2022-04-01,PE,扩展窗口,0.3328224944837981,-0.16043988003877852,0.06376920340726555,0.26905329107653253,-0.2657577186422899,0.1053178386035114
2022-04-01,PB,A_均值,0.29886235201658873,-0.23835977108560136,0.029809060940056198,0.26905329107653253,-0.2657577186422899,0.027397947556688562
2022-04-01,PB,A_中位数,0.3469193577749597,-0.23575439804375176,0.07786606669842716,0.26905329107653253,-0.2657577186422899,0.030003320598538163
2022-04-01,PB,B_均值,0.2973433255727381,-0.24275044540467616,0.028290034496205596,0.26905329107653253,-0.2657577186422899,0.023007273237613757
2022-04-01,PB,B_中位数,0.27803270400635416,-0.23704077575055393,0.008979412929821629,0.26905329107653253,-0.2657577186422899,0.028716942891735986
2022-04-01,PB,C_均值,0.33620004295696604,-0.23666660894769542,0.06714675188043351,0.26905329107653253,-0.2657577186422899,0.029091109694594497
2022-04-01,PB,C_中位数,0.3350878626255375,-0.23690385545312054,0.066034571549005,0.26905329107653253,-0.2657577186422899,0.028853863189169382
2022-04-01,PB,单窗3年,0.25326998160600095,-0.24314689461211136,-0.01578330947053158,0.26905329107653253,-0.2657577186422899,0.022610824030178556
2022-04-01,PB,单窗5年,0.35035321030640154,-0.23361587386810645,0.08129991922986901,0.26905329107653253,-0.2657577186422899,0.03214184477418347
2022-04-01,PB,单窗10年,0.3614310073974256,-0.2287809767755289,0.09237771632089309,0.26905329107653253,-0.2657577186422899,0.03697674186676103
2022-04-01,PB,扩展窗口,0.3493792895903316,-0.23629269211579496,0.08032599851379907,0.26905329107653253,-0.2657577186422899,0.029465026526494964
2022-04-01,DY,A_均值,0.32536369967621337,-0.23927426700983945,0.05631040859968084,0.26905329107653253,-0.2657577186422899,0.026483451632450472
2022-04-01,DY,A_中位数,0.32550277779016246,-0.24052673803482227,0.056449486713629926,0.26905329107653253,-0.2657577186422899,0.025230980607467646
2022-04-01,DY,B_均值,0.3467077755050864,-0.24177786042303961,0.07765448442855388,0.26905329107653253,-0.2657577186422899,0.023979858219250305
2022-04-01,DY,B_中位数,0.3545089017045689,-0.23909079368263597,0.08545561062803636,0.26905329107653253,-0.2657577186422899,0.026666924959653948
2022-04-01,DY,C_均值,0.32024373366293396,-0.2390331436495886,0.05119044258640143,0.26905329107653253,-0.2657577186422899,0.02672457499270131
2022-04-01,DY,C_中位数,0.31510590802616434,-0.23821700572260585,0.04605261694963181,0.26905329107653253,-0.2657577186422899,0.027540712919684074
2022-04-01,DY,单窗3年,0.29728491910201005,-0.2413759610424958,0.028231628025477518,0.26905329107653253,-0.2657577186422899,0.024381757599794107
2022-04-01,DY,单窗5年,0.3424670618720612,-0.23840252655274774,0.07341377079552869,0.26905329107653253,-0.2657577186422899,0.02735519208954218
2022-04-01,DY,单窗10年,0.34424915801255446,-0.22331398042264816,0.07519586693602193,0.26905329107653253,-0.2657577186422899,0.04244373821964176
2022-04-01,DY,扩展窗口,0.33217461275984733,-0.22467251602768057,0.0631213216833148,0.26905329107653253,-0.2657577186422899,0.04108520261460935
2022-04-01,综合,A_均值,0.30080267394923194,-0.23846897948704604,0.031749382872699405,0.26905329107653253,-0.2657577186422899,0.02728873915524388
2022-04-01,综合,A_中位数,0.3190243513041287,-0.23704115977689166,0.049971060227596176,0.26905329107653253,-0.2657577186422899,0.028716558865398256
2022-04-01,综合,B_均值,0.2937022123698362,-0.23851980472336742,0.02464892129330365,0.26905329107653253,-0.2657577186422899,0.027237913918922496
2022-04-01,综合,B_中位数,0.2813269972206298,-0.23557520191289627,0.012273706144097285,0.26905329107653253,-0.2657577186422899,0.03018251672939365
2022-04-01,综合,C_均值,0.3398853289615465,-0.2296045137622449,0.07083203788501397,0.26905329107653253,-0.2657577186422899,0.03615320488004503
2022-04-01,综合,C_中位数,0.326597274047337,-0.2398889826758902,0.057543982970804486,0.26905329107653253,-0.2657577186422899,0.025868735966399714
2022-04-01,综合,单窗3年,0.24163249944783582,-0.23599063685599453,-0.027420791628696706,0.26905329107653253,-0.2657577186422899,0.02976708178629539
2022-04-01,综合,单窗5年,0.32375210470966026,-0.23760760753484522,0.05469881363312773,0.26905329107653253,-0.2657577186422899,0.028150111107444697
2022-04-01,综合,单窗10年,0.3931656730579105,-0.20809818397686886,0.12411238198137797,0.26905329107653253,-0.2657577186422899,0.057659534665421064
2022-04-01,综合,扩展窗口,0.3857183871223547,-0.20820627582802242,0.11666509604582215,0.26905329107653253,-0.2657577186422899,0.057551442814267495
2022-07-01,ERP,A_均值,0.2667885387258653,-0.23651317425748852,0.059176333689854727,0.20761220503601055,-0.2657577186422899,0.029244544384801396
2022-07-01,ERP,A_中位数,0.24469079109017272,-0.24082093238197522,0.03707858605416217,0.20761220503601055,-0.2657577186422899,0.024936786260314703
2022-07-01,ERP,B_均值,0.2129053277551071,-0.24146234556961588,0.0052931227190965435,0.20761220503601055,-0.2657577186422899,0.024295373072674042
2022-07-01,ERP,B_中位数,0.21932682291626557,-0.24183911336978126,0.011714617880255018,0.20761220503601055,-0.2657577186422899,0.023918605272508664
2022-07-01,ERP,C_均值,0.2857019779688763,-0.23342640900261358,0.07808977293286576,0.20761220503601055,-0.2657577186422899,0.03233130963967634
2022-07-01,ERP,C_中位数,0.2520605966366186,-0.2421588992959005,0.04444839160060807,0.20761220503601055,-0.2657577186422899,0.02359881934638941
2022-07-01,ERP,单窗3年,0.20422245562675823,-0.23973633871715905,-0.003389749409252324,0.20761220503601055,-0.2657577186422899,0.026021379925130872
2022-07-01,ERP,单窗5年,0.2751609728215026,-0.24119555244210522,0.06754876778549204,0.20761220503601055,-0.2657577186422899,0.0245621662001847
2022-07-01,ERP,单窗10年,0.3277291983588973,-0.21759003701345103,0.12011699332288675,0.20761220503601055,-0.2657577186422899,0.04816768162883889
2022-07-01,ERP,扩展窗口,0.3330671214286789,-0.21438715797804053,0.12545491639266834,0.20761220503601055,-0.2657577186422899,0.05137056066424939
2022-07-01,PE,A_均值,0.16188679945826107,-0.20597298086871918,-0.045725405577749484,0.20761220503601055,-0.2657577186422899,0.05978473777357074
2022-07-01,PE,A_中位数,0.16536991737431783,-0.20879405229444747,-0.04224228766169272,0.20761220503601055,-0.2657577186422899,0.056963666347842445
2022-07-01,PE,B_均值,0.07529095228472345,-0.2163620489373248,-0.1323212527512871,0.20761220503601055,-0.2657577186422899,0.04939566970496512
2022-07-01,PE,B_中位数,0.1290108983099568,-0.21246985772654836,-0.07860130672605375,0.20761220503601055,-0.2657577186422899,0.05328786091574156
2022-07-01,PE,C_均值,0.19679243094779222,-0.2032373228000225,-0.010819774088218326,0.20761220503601055,-0.2657577186422899,0.06252039584226743
2022-07-01,PE,C_中位数,0.20808575007175248,-0.20476961417777084,0.0004735450357419291,0.20761220503601055,-0.2657577186422899,0.06098810446451908
2022-07-01,PE,单窗3年,-0.005100990005477562,-0.22785944986500706,-0.2127131950414881,0.20761220503601055,-0.2657577186422899,0.03789826877728286
2022-07-01,PE,单窗5年,0.1921562962972486,-0.20476961417777084,-0.015455908738761959,0.20761220503601055,-0.2657577186422899,0.06098810446451908
2022-07-01,PE,单窗10年,0.30815061908661573,-0.18819766167586383,0.10053841405060518,0.20761220503601055,-0.2657577186422899,0.0775600569664261
2022-07-01,PE,扩展窗口,0.280637222515901,-0.16043988003877863,0.07302501747989046,0.20761220503601055,-0.2657577186422899,0.1053178386035113
2022-07-01,PB,A_均值,0.2378605465041347,-0.2383597710856028,0.030248341468124162,0.20761220503601055,-0.2657577186422899,0.02739794755668712
2022-07-01,PB,A_中位数,0.28715949673879604,-0.2357543980437532,0.07954729170278549,0.20761220503601055,-0.2657577186422899,0.03000332059853672
2022-07-01,PB,B_均值,0.23342928644815572,-0.24245113389634276,0.02581708141214517,0.20761220503601055,-0.2657577186422899,0.023306584745947156
2022-07-01,PB,B_中位数,0.21275273139692194,-0.23644445302671357,0.0051405263609113905,0.20761220503601055,-0.2657577186422899,0.029313265615576345
2022-07-01,PB,C_均值,0.2794018234807421,-0.23666660894769476,0.07178961844473156,0.20761220503601055,-0.2657577186422899,0.029091109694595163
2022-07-01,PB,C_中位数,0.2767138255715095,-0.23690385545312076,0.06910162053549893,0.20761220503601055,-0.2657577186422899,0.02885386318916916
2022-07-01,PB,单窗3年,0.18221382492227597,-0.24314689461210992,-0.025398380113734575,0.20761220503601055,-0.2657577186422899,0.02261082403018
2022-07-01,PB,单窗5年,0.29067055110704376,-0.2336158738681059,0.08305834607103321,0.20761220503601055,-0.2657577186422899,0.032141844774184025
2022-07-01,PB,单窗10年,0.297931453228586,-0.2287809767755291,0.09031924819257545,0.20761220503601055,-0.2657577186422899,0.03697674186676081
2022-07-01,PB,扩展窗口,0.28340031001882543,-0.2356957846958696,0.07578810498281488,0.20761220503601055,-0.2657577186422899,0.030061933946420316
2022-07-01,DY,A_均值,0.30105410911533587,-0.23927426700984022,0.09344190407932532,0.20761220503601055,-0.2657577186422899,0.026483451632449695
2022-07-01,DY,A_中位数,0.3019579752857124,-0.2405267380348225,0.09434577024970184,0.20761220503601055,-0.2657577186422899,0.025230980607467424
2022-07-01,DY,B_均值,0.3206658538929477,-0.24177786042304106,0.11305364885693717,0.20761220503601055,-0.2657577186422899,0.023979858219248862
2022-07-01,DY,B_中位数,0.33407871998020006,-0.23909079368263597,0.1264665149441895,0.20761220503601055,-0.2657577186422899,0.026666924959653948
2022-07-01,DY,C_均值,0.30394987862128914,-0.2390331436495886,0.09633767358527859,0.20761220503601055,-0.2657577186422899,0.02672457499270131
2022-07-01,DY,C_中位数,0.28697468925178654,-0.23821700572260585,0.07936248421577599,0.20761220503601055,-0.2657577186422899,0.027540712919684074
2022-07-01,DY,单窗3年,0.2576916521977981,-0.24137596104249592,0.050079447161787555,0.20761220503601055,-0.2657577186422899,0.024381757599793996
2022-07-01,DY,单窗5年,0.33336387977963045,-0.2384025265527484,0.1257516747436199,0.20761220503601055,-0.2657577186422899,0.027355192089541513
2022-07-01,DY,单窗10年,0.33114755557290515,-0.2233139804226495,0.1235353505368946,0.20761220503601055,-0.2657577186422899,0.042443738219640426
2022-07-01,DY,扩展窗口,0.3199994808412118,-0.22467251602768012,0.11238727580520128,0.20761220503601055,-0.2657577186422899,0.041085202614609795
2022-07-01,综合,A_均值,0.2565381270428028,-0.23846897948704648,0.04892592200679227,0.20761220503601055,-0.2657577186422899,0.027288739155243436
2022-07-01,综合,A_中位数,0.27529738451273006,-0.237041159776891,0.06768517947671951,0.20761220503601055,-0.2657577186422899,0.028716558865398922
2022-07-01,综合,B_均值,0.24158107312903826,-0.23851980472336798,0.03396886809302771,0.20761220503601055,-0.2657577186422899,0.02723791391892194
2022-07-01,综合,B_中位数,0.22311233703920405,-0.23557520191289727,0.0155001320031935,0.20761220503601055,-0.2657577186422899,0.03018251672939265
2022-07-01,综合,C_均值,0.2868432659240505,-0.22960451376224533,0.07923106088803997,0.20761220503601055,-0.2657577186422899,0.03615320488004459
2022-07-01,综合,C_中位数,0.28143671401757653,-0.2398889826758911,0.07382450898156598,0.20761220503601055,-0.2657577186422899,0.025868735966398826
2022-07-01,综合,单窗3年,0.18204769800489165,-0.23599063685599397,-0.0255645070311189,0.20761220503601055,-0.2657577186422899,0.029767081786295946
2022-07-01,综合,单窗5年,0.27714752391689873,-0.237607607534846,0.06953531888088818,0.20761220503601055,-0.2657577186422899,0.02815011110744392
2022-07-01,综合,单窗10年,0.34762523537333784,-0.20809818397686752,0.1400130303373273,0.20761220503601055,-0.2657577186422899,0.057659534665422396
2022-07-01,综合,扩展窗口,0.33913615336486574,-0.20820627582802054,0.1315239483288552,0.20761220503601055,-0.2657577186422899,0.05755144281426938
2022-10-10,ERP,A_均值,0.5771791752680002,-0.20559111359730275,0.11122268895015813,0.4659564863178421,-0.22409270744694876,0.018501593849646003
2022-10-10,ERP,A_中位数,0.5524682606530592,-0.20560398030606764,0.08651177433521712,0.4659564863178421,-0.22409270744694876,0.018488727140881123
2022-10-10,ERP,B_均值,0.5352537813190735,-0.20559111359730253,0.06929729500123144,0.4659564863178421,-0.22409270744694876,0.018501593849646225
2022-10-10,ERP,B_中位数,0.5265995297987305,-0.20886035519495028,0.06064304348088839,0.4659564863178421,-0.22409270744694876,0.015232352251998482
2022-10-10,ERP,C_均值,0.5793076119057117,-0.20559111359730353,0.11335112558786958,0.4659564863178421,-0.22409270744694876,0.018501593849645226
2022-10-10,ERP,C_中位数,0.5519934744176354,-0.20679491347895806,0.08603698809979327,0.4659564863178421,-0.22409270744694876,0.017297793967990693
2022-10-10,ERP,单窗3年,0.5438124425421458,-0.2055911135973033,0.07785595622430369,0.4659564863178421,-0.22409270744694876,0.018501593849645448
2022-10-10,ERP,单窗5年,0.5890905989177843,-0.20679491347895806,0.12313411259994217,0.4659564863178421,-0.22409270744694876,0.017297793967990693
2022-10-10,ERP,单窗10年,0.5739747597708539,-0.20049491768372518,0.10801827345301179,0.4659564863178421,-0.22409270744694876,0.023597789763223576
2022-10-10,ERP,扩展窗口,0.6050773765849121,-0.1926435075406917,0.13912089026707003,0.4659564863178421,-0.22409270744694876,0.03144919990625705
2022-10-10,PE,A_均值,0.5058147796408827,-0.1966773291309698,0.03985829332304064,0.4659564863178421,-0.22409270744694876,0.027415378315978955
2022-10-10,PE,A_中位数,0.5257562767347288,-0.19759074784082786,0.05979979041688671,0.4659564863178421,-0.22409270744694876,0.026501959606120895
2022-10-10,PE,B_均值,0.4543662350686358,-0.1975907478408283,-0.011590251249206263,0.4659564863178421,-0.22409270744694876,0.02650195960612045
2022-10-10,PE,B_中位数,0.49132353964168424,-0.1975907478408282,0.025367053323842148,0.4659564863178421,-0.22409270744694876,0.026501959606120562
2022-10-10,PE,C_均值,0.5336273639274363,-0.19667235632999802,0.06767087760959417,0.4659564863178421,-0.22409270744694876,0.027420351116950736
2022-10-10,PE,C_中位数,0.5727988229728063,-0.1941965082780518,0.10684233665496418,0.4659564863178421,-0.22409270744694876,0.029896199168896964
2022-10-10,PE,单窗3年,0.3738106261349171,-0.2023635313526443,-0.09214586018292498,0.4659564863178421,-0.22409270744694876,0.02172917609430447
2022-10-10,PE,单窗5年,0.5564255942536298,-0.1941965082780518,0.09046910793578772,0.4659564863178421,-0.22409270744694876,0.029896199168896964
2022-10-10,PE,单窗10年,0.5892733928336185,-0.18819766167586383,0.12331690651577637,0.4659564863178421,-0.22409270744694876,0.03589504577108493
2022-10-10,PE,扩展窗口,0.5719086749451031,-0.16043988003877963,0.10595218862726102,0.4659564863178421,-0.22409270744694876,0.06365282740816913
2022-10-10,PB,A_均值,0.5407160913764604,-0.20893899351679723,0.07475960505861828,0.4659564863178421,-0.22409270744694876,0.015153713930151524
2022-10-10,PB,A_中位数,0.5871524821928977,-0.206080214214454,0.12119599587505564,0.4659564863178421,-0.22409270744694876,0.018012493232494764
2022-10-10,PB,B_均值,0.5630462080972218,-0.20808438925593276,0.09708972177937975,0.4659564863178421,-0.22409270744694876,0.016008318191016002
2022-10-10,PB,B_中位数,0.5136982460557558,-0.20828939513900946,0.04774175973791367,0.4659564863178421,-0.22409270744694876,0.0158033123079393
2022-10-10,PB,C_均值,0.5666211064564143,-0.20786733422160708,0.10066462013857219,0.4659564863178421,-0.22409270744694876,0.016225373225341677
2022-10-10,PB,C_中位数,0.5645209015922023,-0.20642023648443342,0.09856441527436016,0.4659564863178421,-0.22409270744694876,0.01767247096251534
2022-10-10,PB,单窗3年,0.526552217726633,-0.21014656068546123,0.060595731408790876,0.4659564863178421,-0.22409270744694876,0.013946146761487532
2022-10-10,PB,单窗5年,0.5970262992094466,-0.20559111359730375,0.13106981289160452,0.4659564863178421,-0.22409270744694876,0.018501593849645004
2022-10-10,PB,单窗10年,0.5544032316109925,-0.20622709399920303,0.08844674529315039,0.4659564863178421,-0.22409270744694876,0.017865613447745732
2022-10-10,PB,扩展窗口,0.5476018983724763,-0.21147783379629814,0.08164541205463421,0.4659564863178421,-0.22409270744694876,0.012614873650650615
2022-10-10,DY,A_均值,0.5569793628613466,-0.22409270744694876,0.09102287654350455,0.4659564863178421,-0.22409270744694876,0.0
2022-10-10,DY,A_中位数,0.5549538297663833,-0.22409270744694876,0.08899734344854121,0.4659564863178421,-0.22409270744694876,0.0
2022-10-10,DY,B_均值,0.5911785707437577,-0.22409270744694876,0.1252220844259156,0.4659564863178421,-0.22409270744694876,0.0
2022-10-10,DY,B_中位数,0.5954215097263723,-0.22409270744694876,0.12946502340853022,0.4659564863178421,-0.22409270744694876,0.0
2022-10-10,DY,C_均值,0.5483292009833186,-0.22403392108888354,0.08237271466547652,0.4659564863178421,-0.22409270744694876,5.878635806522148e-05
2022-10-10,DY,C_中位数,0.528266095104196,-0.22288270490912554,0.06230960878635389,0.4659564863178421,-0.22409270744694876,0.0012100025378232182
2022-10-10,DY,单窗3年,0.5370618322561238,-0.22409270744694876,0.07110534593828172,0.4659564863178421,-0.22409270744694876,0.0
2022-10-10,DY,单窗5年,0.5920216511796539,-0.22288270490912554,0.1260651648618118,0.4659564863178421,-0.22409270744694876,0.0012100025378232182
2022-10-10,DY,单窗10年,0.5504378628350304,-0.21620510545405724,0.08448137651718829,0.4659564863178421,-0.22409270744694876,0.007887601992891513
2022-10-10,DY,扩展窗口,0.5401445210161355,-0.21906897370653755,0.07418803469829344,0.4659564863178421,-0.22409270744694876,0.005023733740411207
2022-10-10,综合,A_均值,0.5590612999258325,-0.2135872431951411,0.09310481360799044,0.4659564863178421,-0.22409270744694876,0.01050546425180765
2022-10-10,综合,A_中位数,0.5770311946916297,-0.20946411564625622,0.11107470837378758,0.4659564863178421,-0.22409270744694876,0.014628591800692536
2022-10-10,综合,B_均值,0.5669476254585613,-0.20887662095311454,0.10099113914071917,0.4659564863178421,-0.22409270744694876,0.015216086493834213
2022-10-10,综合,B_中位数,0.5294346952233341,-0.20897741164846972,0.063478208905492,0.4659564863178421,-0.22409270744694876,0.015115295798479034
2022-10-10,综合,C_均值,0.5727453733729193,-0.20719542681098846,0.10678888705507722,0.4659564863178421,-0.22409270744694876,0.0168972806359603
2022-10-10,综合,C_中位数,0.5764681060582377,-0.21236284896662527,0.11051161974039564,0.4659564863178421,-0.22409270744694876,0.011729858480323485
2022-10-10,综合,单窗3年,0.5173380560861156,-0.20822772788422272,0.051381569768273516,0.4659564863178421,-0.22409270744694876,0.015864979562726034
2022-10-10,综合,单窗5年,0.5896958093547106,-0.2090478836456775,0.12373932303686846,0.4659564863178421,-0.22409270744694876,0.015044823801271257
2022-10-10,综合,单窗10年,0.5874695113805938,-0.20241133960706947,0.12151302506275169,0.4659564863178421,-0.22409270744694876,0.021681367839879284
2022-10-10,综合,扩展窗口,0.5976220382843165,-0.2008324003502001,0.1316655519664744,0.4659564863178421,-0.22409270744694876,0.023260307096748645
2023-01-03,ERP,A_均值,0.534631949604986,-0.20559111359730364,0.11267741480466109,0.42195453480032485,-0.2240927074469492,0.01850159384964556
2023-01-03,ERP,A_中位数,0.5079049038558127,-0.20560398030606586,0.08595036905548781,0.42195453480032485,-0.2240927074469492,0.018488727140883343
2023-01-03,ERP,B_均值,0.48734173762462774,-0.20559111359730353,0.06538720282430288,0.42195453480032485,-0.2240927074469492,0.01850159384964567
2023-01-03,ERP,B_中位数,0.47866608194662397,-0.2088603551949495,0.05671154714629911,0.42195453480032485,-0.2240927074469492,0.015232352251999703
2023-01-03,ERP,C_均值,0.5381059719410621,-0.20559111359730375,0.11615143714073728,0.42195453480032485,-0.2240927074469492,0.018501593849645448
2023-01-03,ERP,C_中位数,0.5081297921308978,-0.20679491347895973,0.08617525733057296,0.42195453480032485,-0.2240927074469492,0.017297793967989472
2023-01-03,ERP,单窗3年,0.49525794611668517,-0.2055911135973032,0.07330341131636031,0.42195453480032485,-0.2240927074469492,0.018501593849646003
2023-01-03,ERP,单窗5年,0.5478207011928579,-0.20679491347895973,0.125866166392533,0.42195453480032485,-0.2240927074469492,0.017297793967989472
2023-01-03,ERP,单窗10年,0.5346204477634343,-0.20049491768372485,0.11266591296310946,0.42195453480032485,-0.2240927074469492,0.023597789763224353
2023-01-03,ERP,扩展窗口,0.5672810285675913,-0.19264350754069193,0.14532649376726647,0.42195453480032485,-0.2240927074469492,0.031449199906257275
2023-01-03,PE,A_均值,0.44822803812882,-0.19667732913096903,0.02627350332849515,0.42195453480032485,-0.2240927074469492,0.027415378315980177
2023-01-03,PE,A_中位数,0.4718741136423264,-0.19759074784082797,0.049919578842001544,0.42195453480032485,-0.2240927074469492,0.026501959606121228
2023-01-03,PE,B_均值,0.3873882556808633,-0.1975907478408282,-0.03456627911946153,0.42195453480032485,-0.2240927074469492,0.026501959606121006
2023-01-03,PE,B_中位数,0.4315219102291956,-0.19759074784082797,0.009567375428870761,0.42195453480032485,-0.2240927074469492,0.026501959606121228
2023-01-03,PE,C_均值,0.4808867632792378,-0.1966723563299979,0.05893222847891294,0.42195453480032485,-0.2240927074469492,0.02742035111695129
2023-01-03,PE,C_中位数,0.5265093009847898,-0.1941965082780519,0.10455476618446491,0.42195453480032485,-0.2240927074469492,0.029896199168897297
2023-01-03,PE,单窗3年,0.2920029201619778,-0.20236353135264395,-0.12995161463834703,0.42195453480032485,-0.2240927074469492,0.021729176094305247
2023-01-03,PE,单窗5年,0.507446209332879,-0.1941965082780519,0.08549167453255413,0.42195453480032485,-0.2240927074469492,0.029896199168897297
2023-01-03,PE,单窗10年,0.5351843524903548,-0.18819766167586316,0.11322981769002993,0.42195453480032485,-0.2240927074469492,0.03589504577108604
2023-01-03,PE,扩展窗口,0.5091576526304552,-0.1604398800387793,0.08720311783013035,0.42195453480032485,-0.2240927074469492,0.06365282740816991
2023-01-03,PB,A_均值,0.4939780001817886,-0.20893899351679812,0.07202346538146376,0.42195453480032485,-0.2240927074469492,0.01515371393015108
2023-01-03,PB,A_中位数,0.5459685446238233,-0.20608021421445166,0.12401400982349842,0.42195453480032485,-0.2240927074469492,0.01801249323249754
2023-01-03,PB,B_均值,0.5176302415764118,-0.20808438925593253,0.09567570677608694,0.42195453480032485,-0.2240927074469492,0.01600831819101667
2023-01-03,PB,B_中位数,0.4638061628140515,-0.20828939513900913,0.04185162801372666,0.42195453480032485,-0.2240927074469492,0.015803312307940076
2023-01-03,PB,C_均值,0.5241461214674619,-0.20786733422160708,0.10219158666713701,0.42195453480032485,-0.2240927074469492,0.01622537322534212
2023-01-03,PB,C_中位数,0.5219858880574612,-0.20642023648443397,0.1000313532571363,0.42195453480032485,-0.2240927074469492,0.01767247096251523
2023-01-03,PB,单窗3年,0.4750503766754849,-0.21014656068546034,0.05309584187516003,0.42195453480032485,-0.2240927074469492,0.013946146761488865
2023-01-03,PB,单窗5年,0.556430300960157,-0.20559111359730298,0.13447576615983214,0.42195453480032485,-0.2240927074469492,0.018501593849646225
2023-01-03,PB,单窗10年,0.5120108766669647,-0.2062270939992028,0.0900563418666398,0.42195453480032485,-0.2240927074469492,0.017865613447746398
2023-01-03,PB,扩展窗口,0.504937363498061,-0.2114778337962977,0.0829828286977361,0.42195453480032485,-0.2240927074469492,0.012614873650651504
2023-01-03,DY,A_均值,0.5146985332512655,-0.2240927074469492,0.09274399845094061,0.42195453480032485,-0.2240927074469492,0.0
2023-01-03,DY,A_中位数,0.5132018088266168,-0.2240927074469492,0.09124727402629196,0.42195453480032485,-0.2240927074469492,0.0
2023-01-03,DY,B_均值,0.5514064439063294,-0.2240927074469492,0.12945190910600457,0.42195453480032485,-0.2240927074469492,0.0
2023-01-03,DY,B_中位数,0.5565135660575034,-0.2240927074469492,0.1345590312571785,0.42195453480032485,-0.2240927074469492,0.0
2023-01-03,DY,C_均值,0.5068428293962637,-0.22403392108888476,0.08488829459593883,0.42195453480032485,-0.2240927074469492,5.878635806444432e-05
2023-01-03,DY,C_中位数,0.48538714716419623,-0.2228827049091271,0.06343261236387138,0.42195453480032485,-0.2240927074469492,0.001210002537822108
2023-01-03,DY,单窗3年,0.49019960558540143,-0.2240927074469492,0.06824507078507658,0.42195453480032485,-0.2240927074469492,0.0
2023-01-03,DY,单窗5年,0.5530702948171581,-0.2228827049091271,0.13111576001683323,0.42195453480032485,-0.2240927074469492,0.001210002537822108
2023-01-03,DY,单窗10年,0.5085478854890408,-0.21620510545405602,0.08659335068871599,0.42195453480032485,-0.2240927074469492,0.007887601992893178
2023-01-03,DY,扩展窗口,0.49801382260438637,-0.21906897370653833,0.07605928780406152,0.42195453480032485,-0.2240927074469492,0.005023733740410874
2023-01-03,综合,A_均值,0.5136584283144316,-0.21358724319514033,0.0917038935141068,0.42195453480032485,-0.2240927074469492,0.010505464251808871
2023-01-03,综合,A_中位数,0.5342883391275581,-0.20946411564625633,0.11233380432723328,0.42195453480032485,-0.2240927074469492,0.01462859180069287
2023-01-03,综合,B_均值,0.5217257225838896,-0.20887662095311477,0.09977118778356475,0.42195453480032485,-0.2240927074469492,0.015216086493834435
2023-01-03,综合,B_中位数,0.48064420056433904,-0.20897741164846995,0.05868966576401419,0.42195453480032485,-0.2240927074469492,0.015115295798479256
2023-01-03,综合,C_均值,0.5299177628267289,-0.20719542681098813,0.10796322802640401,0.42195453480032485,-0.2240927074469492,0.016897280635961076
2023-01-03,综合,C_中位数,0.5342337678744533,-0.21236284896662538,0.11227923307412846,0.42195453480032485,-0.2240927074469492,0.011729858480323818
2023-01-03,综合,单窗3年,0.46446064750187227,-0.2082277278842225,0.042506112701547416,0.42195453480032485,-0.2240927074469492,0.0158649795627267
2023-01-03,综合,单窗5年,0.5477726412677834,-0.20904788364567728,0.1258181064674585,0.42195453480032485,-0.2240927074469492,0.015044823801271923
2023-01-03,综合,单窗10年,0.5441416512895716,-0.20241133960706947,0.12218711648924674,0.42195453480032485,-0.2240927074469492,0.02168136783987973
2023-01-03,综合,扩展窗口,0.553502343568159,-0.20083240035020045,0.13154780876783412,0.42195453480032485,-0.2240927074469492,0.023260307096748756
2023-04-03,ERP,A_均值,0.4377130819810059,-0.20559111359730375,0.08039711375214931,0.3573159682288566,-0.21702350664549253,0.011432393048188771
2023-04-03,ERP,A_中位数,0.4106489348674968,-0.20559111359730353,0.05333296663864023,0.3573159682288566,-0.21702350664549253,0.011432393048188993
2023-04-03,ERP,B_均值,0.38645799035813677,-0.20559111359730364,0.029142022129280187,0.3573159682288566,-0.21702350664549253,0.011432393048188882
2023-04-03,ERP,B_中位数,0.3784198538705228,-0.206453494013087,0.02110388564166621,0.3573159682288566,-0.21702350664549253,0.010570012632405534
2023-04-03,ERP,C_均值,0.44592351913685174,-0.20559111359730353,0.08860755090799516,0.3573159682288566,-0.21702350664549253,0.011432393048188993
2023-04-03,ERP,C_中位数,0.42230957851757833,-0.20559111359730375,0.06499361028872175,0.3573159682288566,-0.21702350664549253,0.011432393048188771
2023-04-03,ERP,单窗3年,0.3818414567770006,-0.20559111359730387,0.024525488548144014,0.3573159682288566,-0.21702350664549253,0.01143239304818866
2023-04-03,ERP,单窗5年,0.4593340593172238,-0.20559111359730375,0.10201809108836724,0.3573159682288566,-0.21702350664549253,0.011432393048188771
2023-04-03,ERP,单窗10年,0.46012552159539943,-0.2004949176837244,0.10280955336654285,0.3573159682288566,-0.21702350664549253,0.01652858896176812
2023-04-03,ERP,扩展窗口,0.4922825213823424,-0.19264350754069126,0.13496655315348582,0.3573159682288566,-0.21702350664549253,0.024379999104801264
2023-04-03,PE,A_均值,0.3126147658889475,-0.1966773291309699,-0.044701202339909096,0.3573159682288566,-0.21702350664549253,0.020346177514522612
2023-04-03,PE,A_中位数,0.3283127707703058,-0.19759074784082842,-0.02900319745855079,0.3573159682288566,-0.21702350664549253,0.019432758804664108
2023-04-03,PE,B_均值,0.24262699574212315,-0.1975907478408282,-0.11468897248673343,0.3573159682288566,-0.21702350664549253,0.01943275880466433
2023-04-03,PE,B_中位数,0.2985627690568555,-0.19759074784082808,-0.05875319917200106,0.3573159682288566,-0.21702350664549253,0.01943275880466444
2023-04-03,PE,C_均值,0.35087436444672127,-0.19667235632999758,-0.006441603782135319,0.3573159682288566,-0.21702350664549253,0.020351150315494948
2023-04-03,PE,C_中位数,0.39954298702709307,-0.19419650827805113,0.04222701879823648,0.3573159682288566,-0.21702350664549253,0.022826998367441398
2023-04-03,PE,单窗3年,0.12186198910268588,-0.20236353135264462,-0.23545397912617072,0.3573159682288566,-0.21702350664549253,0.014659975292847904
2023-04-03,PE,单窗5年,0.37848368791351056,-0.19419650827805113,0.021167719684653974,0.3573159682288566,-0.21702350664549253,0.022826998367441398
2023-04-03,PE,单窗10年,0.43539635799477566,-0.18819766167586327,0.07808038976591908,0.3573159682288566,-0.21702350664549253,0.028825844969629255
2023-04-03,PE,扩展窗口,0.38685787711794356,-0.16043988003877907,0.029541908889086976,0.3573159682288566,-0.21702350664549253,0.056583626606713455
2023-04-03,PB,A_均值,0.392881519392796,-0.2060199617661873,0.03556555116393939,0.3573159682288566,-0.21702350664549253,0.011003544879305216
2023-04-03,PB,A_中位数,0.44313884968447587,-0.2060802142144521,0.08582288145561928,0.3573159682288566,-0.21702350664549253,0.010943292431040419
2023-04-03,PB,B_均值,0.41309088690021334,-0.20563870068472023,0.055774918671356755,0.3573159682288566,-0.21702350664549253,0.011384805960772293
2023-04-03,PB,B_中位数,0.36073034195968595,-0.20563870068472023,0.0034143737308293676,0.3573159682288566,-0.21702350664549253,0.011384805960772293
2023-04-03,PB,C_均值,0.4302386678263229,-0.20601996176618653,0.07292269959746633,0.3573159682288566,-0.21702350664549253,0.011003544879305993
2023-04-03,PB,C_中位数,0.424872561122442,-0.20642023648443275,0.0675565928935854,0.3573159682288566,-0.21702350664549253,0.010603270161059775
2023-04-03,PB,单窗3年,0.36162496781024345,-0.2056387006847198,0.004308999581386863,0.3573159682288566,-0.21702350664549253,0.011384805960772737
2023-04-03,PB,单窗5年,0.45342643572608976,-0.20559111359730387,0.09611046749723318,0.3573159682288566,-0.21702350664549253,0.01143239304818866
2023-04-03,PB,单窗10年,0.42439847208870807,-0.20622709399920292,0.06708250385985148,0.3573159682288566,-0.21702350664549253,0.01079641264628961
2023-04-03,PB,扩展窗口,0.4215009929114407,-0.20707215008514068,0.06418502468258414,0.3573159682288566,-0.21702350664549253,0.009951356560351843
2023-04-03,DY,A_均值,0.4420791279392283,-0.21702350664549253,0.08476315971037174,0.3573159682288566,-0.21702350664549253,0.0
2023-04-03,DY,A_中位数,0.44250295480304375,-0.21702350664549253,0.08518698657418716,0.3573159682288566,-0.21702350664549253,0.0
2023-04-03,DY,B_均值,0.47862460401672036,-0.21702350664549253,0.12130863578786377,0.3573159682288566,-0.21702350664549253,0.0
2023-04-03,DY,B_中位数,0.48565893771563623,-0.21702350664549253,0.12834296948677965,0.3573159682288566,-0.21702350664549253,0.0
2023-04-03,DY,C_均值,0.4380235702787492,-0.21696418469177847,0.08070760204989263,0.3573159682288566,-0.21702350664549253,5.9321953714053244e-05
2023-04-03,DY,C_中位数,0.4161694129034255,-0.2157242936739573,0.05885344467456893,0.3573159682288566,-0.21702350664549253,0.0012992129715352352
2023-04-03,DY,单窗3年,0.4080188830189021,-0.21702350664549253,0.05070291479004552,0.3573159682288566,-0.21702350664549253,0.0
2023-04-03,DY,单窗5年,0.48294640494098323,-0.2157242936739573,0.12563043671212665,0.3573159682288566,-0.21702350664549253,0.0012992129715352352
2023-04-03,DY,单窗10年,0.4309830936242373,-0.21432315395553192,0.07366712539538073,0.3573159682288566,-0.21702350664549253,0.0027003526899606056
2023-04-03,DY,扩展窗口,0.4260297617536299,-0.2132452276658353,0.0687137935247733,0.3573159682288566,-0.21702350664549253,0.0037782789796572125
2023-04-03,综合,A_均值,0.42731424813894225,-0.20563870068471968,0.06999827991008567,0.3573159682288566,-0.21702350664549253,0.011384805960772848
2023-04-03,综合,A_中位数,0.4404068704429548,-0.20563870068472034,0.0830909022140982,0.3573159682288566,-0.21702350664549253,0.011384805960772182
2023-04-03,综合,B_均值,0.41803738672967194,-0.20563870068471957,0.06072141850081536,0.3573159682288566,-0.21702350664549253,0.011384805960772959
2023-04-03,综合,B_中位数,0.3799055147440728,-0.20563870068472034,0.02258954651521622,0.3573159682288566,-0.21702350664549253,0.011384805960772182
2023-04-03,综合,C_均值,0.43905072596575356,-0.20563870068472,0.08173475773689698,0.3573159682288566,-0.21702350664549253,0.011384805960772515
2023-04-03,综合,C_中位数,0.4536224246834248,-0.20559111359730398,0.0963064564545682,0.3573159682288566,-0.21702350664549253,0.01143239304818855
2023-04-03,综合,单窗3年,0.3444024303542616,-0.20563870068472034,-0.012913537874594982,0.3573159682288566,-0.21702350664549253,0.011384805960772182
2023-04-03,综合,单窗5年,0.46277692668186,-0.20559111359730353,0.1054609584530034,0.3573159682288566,-0.21702350664549253,0.011432393048188993
2023-04-03,综合,单窗10年,0.46476979852742856,-0.20241133960706914,0.10745383029857197,0.3573159682288566,-0.21702350664549253,0.014612167038423385
2023-04-03,综合,扩展窗口,0.47101442402755134,-0.20083240035020022,0.11369845579869475,0.3573159682288566,-0.21702350664549253,0.0161911062952923
2023-07-03,ERP,A_均值,0.5088628212178712,-0.20559111359730342,0.06892797180112975,0.43993484941674144,-0.20563870068471946,4.758708741603446e-05
2023-07-03,ERP,A_中位数,0.48569386497701794,-0.20559111359730342,0.045759015560276506,0.43993484941674144,-0.20563870068471946,4.758708741603446e-05
2023-07-03,ERP,B_均值,0.4610029035116447,-0.20559111359730342,0.021068054094903255,0.43993484941674144,-0.20563870068471946,4.758708741603446e-05
2023-07-03,ERP,B_中位数,0.4642565092249034,-0.20563870068471946,0.024321659808161977,0.43993484941674144,-0.20563870068471946,0.0
2023-07-03,ERP,C_均值,0.5114830306771072,-0.20559111359730342,0.07154818126036577,0.43993484941674144,-0.20563870068471946,4.758708741603446e-05
2023-07-03,ERP,C_中位数,0.4909198868193468,-0.20559111359730342,0.05098503740260535,0.43993484941674144,-0.20563870068471946,4.758708741603446e-05
2023-07-03,ERP,单窗3年,0.46580130090183547,-0.20559111359730342,0.025866451485094033,0.43993484941674144,-0.20563870068471946,4.758708741603446e-05
2023-07-03,ERP,单窗5年,0.5344424469502737,-0.20559111359730342,0.09450759753353222,0.43993484941674144,-0.20563870068471946,4.758708741603446e-05
2023-07-03,ERP,单窗10年,0.52008795829664,-0.20049491768372518,0.08015310887989857,0.43993484941674144,-0.20563870068471946,0.005143783000994273
2023-07-03,ERP,扩展窗口,0.5531541578002198,-0.19264350754069126,0.11321930838347838,0.43993484941674144,-0.20563870068471946,0.012995193144028194
2023-07-03,PE,A_均值,0.36426565437188585,-0.19667732913097002,-0.07566919504485559,0.43993484941674144,-0.20563870068471946,0.008961371553749431
2023-07-03,PE,A_中位数,0.37816031935344396,-0.19759074784082808,-0.06177453006329747,0.43993484941674144,-0.20563870068471946,0.00804795284389137
2023-07-03,PE,B_均值,0.2902194482436869,-0.1975907478408282,-0.14971540117305454,0.43993484941674144,-0.20563870068471946,0.00804795284389126
2023-07-03,PE,B_中位数,0.3490044319312748,-0.19759074784082808,-0.09093041748546665,0.43993484941674144,-0.20563870068471946,0.00804795284389137
2023-07-03,PE,C_均值,0.3961997178693314,-0.19667235632999713,-0.043735131547410044,0.43993484941674144,-0.20563870068471946,0.008966344354722322
2023-07-03,PE,C_中位数,0.42991822207352914,-0.19419650827805202,-0.010016627343212292,0.43993484941674144,-0.20563870068471946,0.01144219240666744
2023-07-03,PE,单窗3年,0.19592075420077867,-0.20236353135264395,-0.24401409521596276,0.43993484941674144,-0.20563870068471946,0.0032751693320755004
2023-07-03,PE,单窗5年,0.40742910616440675,-0.19419650827805202,-0.032505743252334685,0.43993484941674144,-0.20563870068471946,0.01144219240666744
2023-07-03,PE,单窗10年,0.47733802584117413,-0.18819766167586327,0.037403176424432694,0.43993484941674144,-0.20563870068471946,0.017441039008856185
2023-07-03,PE,扩展窗口,0.42739757515187426,-0.16043988003877918,-0.012537274264867171,0.43993484941674144,-0.20563870068471946,0.045198820645940274
2023-07-03,PB,A_均值,0.48079886395524113,-0.20563870068471946,0.04086401453849969,0.43993484941674144,-0.20563870068471946,0.0
2023-07-03,PB,A_中位数,0.5318275836599131,-0.20563870068471946,0.09189273424317168,0.43993484941674144,-0.20563870068471946,0.0
2023-07-03,PB,B_均值,0.5057482762786928,-0.20563870068471946,0.06581342686195135,0.43993484941674144,-0.20563870068471946,0.0
2023-07-03,PB,B_中位数,0.44472310250438896,-0.20563870068471946,0.0047882530876475204,0.43993484941674144,-0.20563870068471946,0.0
2023-07-03,PB,C_均值,0.5142139949830307,-0.20563870068471946,0.07427914556628923,0.43993484941674144,-0.20563870068471946,0.0
2023-07-03,PB,C_中位数,0.5104202726370173,-0.2055911135973031,0.07048542322027584,0.43993484941674144,-0.20563870068471946,4.7587087416367524e-05
2023-07-03,PB,单窗3年,0.461003405206631,-0.20563870068471946,0.021068555789889587,0.43993484941674144,-0.20563870068471946,0.0
2023-07-03,PB,单窗5年,0.5375385856688422,-0.2055911135973031,0.09760373625210073,0.43993484941674144,-0.20563870068471946,4.7587087416367524e-05
2023-07-03,PB,单窗10年,0.5035902500987215,-0.20559111359730342,0.06365540068198006,0.43993484941674144,-0.20563870068471946,4.758708741603446e-05
2023-07-03,PB,扩展窗口,0.5025436145100145,-0.20563870068471946,0.06260876509327307,0.43993484941674144,-0.20563870068471946,0.0
2023-07-03,DY,A_均值,0.5473039784181224,-0.20563870068471946,0.10736912900138096,0.43993484941674144,-0.20563870068471946,0.0
2023-07-03,DY,A_中位数,0.5448689285718397,-0.20563870068471946,0.10493407915509823,0.43993484941674144,-0.20563870068471946,0.0
2023-07-03,DY,B_均值,0.590254187255922,-0.20563870068471946,0.1503193378391806,0.43993484941674144,-0.20563870068471946,0.0
2023-07-03,DY,B_中位数,0.5952875502827498,-0.20563870068471946,0.1553527008660084,0.43993484941674144,-0.20563870068471946,0.0
2023-07-03,DY,C_均值,0.5367797190470482,-0.20563870068471946,0.0968448696303068,0.43993484941674144,-0.20563870068471946,0.0
2023-07-03,DY,C_中位数,0.5093295776302621,-0.20563870068471946,0.06939472821352066,0.43993484941674144,-0.20563870068471946,0.0
2023-07-03,DY,单窗3年,0.5225286662781635,-0.20563870068471946,0.08259381686142209,0.43993484941674144,-0.20563870068471946,0.0
2023-07-03,DY,单窗5年,0.5875261232303826,-0.20563870068471946,0.14759127381364112,0.43993484941674144,-0.20563870068471946,0.0
2023-07-03,DY,单窗10年,0.5204210875324232,-0.20563870068471946,0.08048623811568179,0.43993484941674144,-0.20563870068471946,0.0
2023-07-03,DY,扩展窗口,0.5151967145586259,-0.20563870068471946,0.07526186514188449,0.43993484941674144,-0.20563870068471946,0.0
2023-07-03,综合,A_均值,0.5167380446343917,-0.20563870068471946,0.07680319521765022,0.43993484941674144,-0.20563870068471946,0.0
2023-07-03,综合,A_中位数,0.5284567665487745,-0.20563870068471946,0.08852191713203306,0.43993484941674144,-0.20563870068471946,0.0
2023-07-03,综合,B_均值,0.5104956785949655,-0.20563870068471946,0.07056082917822404,0.43993484941674144,-0.20563870068471946,0.0
2023-07-03,综合,B_中位数,0.464153791052888,-0.20563870068471946,0.024218941636146574,0.43993484941674144,-0.20563870068471946,0.0
2023-07-03,综合,C_均值,0.51603408640045,-0.20563870068471946,0.07609923698370857,0.43993484941674144,-0.20563870068471946,0.0
2023-07-03,综合,C_中位数,0.5379530805428434,-0.2055911135973031,0.09801823112610197,0.43993484941674144,-0.20563870068471946,4.7587087416367524e-05
2023-07-03,综合,单窗3年,0.44050909910232866,-0.20563870068471946,0.0005742496855872248,0.43993484941674144,-0.20563870068471946,0.0
2023-07-03,综合,单窗5年,0.5427406642846624,-0.2055911135973031,0.10280581486792095,0.43993484941674144,-0.20563870068471946,4.7587087416367524e-05
2023-07-03,综合,单窗10年,0.533088913681929,-0.2024113396070697,0.09315406426518757,0.43993484941674144,-0.20563870068471946,0.0032273610776497597
2023-07-03,综合,扩展窗口,0.5320346936847236,-0.20083240035020022,0.09209984426798212,0.43993484941674144,-0.20563870068471946,0.004806300334519231
2023-10-09,ERP,A_均值,0.6636621052242733,-0.13944179692896863,0.11448323485980394,0.5491788703644693,-0.15164968880776653,0.012207891878797894
2023-10-09,ERP,A_中位数,0.6335939310717872,-0.13944179692896863,0.08441506070731786,0.5491788703644693,-0.15164968880776653,0.012207891878797894
2023-10-09,ERP,B_均值,0.6183814951776123,-0.13944179692896863,0.06920262481314299,0.5491788703644693,-0.15164968880776653,0.012207891878797894
2023-10-09,ERP,B_中位数,0.6151064563016791,-0.13944179692896863,0.06592758593720982,0.5491788703644693,-0.15164968880776653,0.012207891878797894
2023-10-09,ERP,C_均值,0.6571608182705148,-0.13944179692896863,0.10798194790604543,0.5491788703644693,-0.15164968880776653,0.012207891878797894
2023-10-09,ERP,C_中位数,0.6345337909195705,-0.13944179692896863,0.08535492055510119,0.5491788703644693,-0.15164968880776653,0.012207891878797894
2023-10-09,ERP,单窗3年,0.6376193308908661,-0.13944179692896863,0.08844046052639676,0.5491788703644693,-0.15164968880776653,0.012207891878797894
2023-10-09,ERP,单窗5年,0.692175561984153,-0.13944179692896863,0.14299669161968365,0.5491788703644693,-0.15164968880776653,0.012207891878797894
2023-10-09,ERP,单窗10年,0.6461806922819349,-0.13944179692896863,0.09700182191746554,0.5491788703644693,-0.15164968880776653,0.012207891878797894
2023-10-09,ERP,扩展窗口,0.6872930535481007,-0.13491389085029337,0.13811418318363133,0.5491788703644693,-0.15164968880776653,0.016735797957473153
2023-10-09,PE,A_均值,0.5367330823928905,-0.13944179692896863,-0.012445787971578803,0.5491788703644693,-0.15164968880776653,0.012207891878797894
2023-10-09,PE,A_中位数,0.5399079121018192,-0.13944179692896863,-0.00927095826265012,0.5491788703644693,-0.15164968880776653,0.012207891878797894
2023-10-09,PE,B_均值,0.45905794155686386,-0.13944179692896863,-0.09012092880760547,0.5491788703644693,-0.15164968880776653,0.012207891878797894
2023-10-09,PE,B_中位数,0.5115062952424045,-0.13944179692896863,-0.03767257512206479,0.5491788703644693,-0.15164968880776653,0.012207891878797894
2023-10-09,PE,C_均值,0.5652428876612563,-0.13944179692896863,0.01606401729678697,0.5491788703644693,-0.15164968880776653,0.012207891878797894
2023-10-09,PE,C_中位数,0.5902392931688482,-0.13944179692896863,0.04106042280437883,0.5491788703644693,-0.15164968880776653,0.012207891878797894
2023-10-09,PE,单窗3年,0.38933124724912477,-0.13944179692896863,-0.15984762311534456,0.5491788703644693,-0.15164968880776653,0.012207891878797894
2023-10-09,PE,单窗5年,0.5656246323453424,-0.13944179692896863,0.016445761980873108,0.5491788703644693,-0.15164968880776653,0.012207891878797894
2023-10-09,PE,单窗10年,0.6310059088474885,-0.13491389085029337,0.0818270384830192,0.5491788703644693,-0.15164968880776653,0.016735797957473153
2023-10-09,PE,扩展窗口,0.5603611062973596,-0.1205071598515135,0.01118223593289025,0.5491788703644693,-0.15164968880776653,0.031142528956253024
2023-10-09,PB,A_均值,0.6350837829461451,-0.13944179692896863,0.08590491258167576,0.5491788703644693,-0.15164968880776653,0.012207891878797894
2023-10-09,PB,A_中位数,0.6859137804784332,-0.13944179692896863,0.13673491011396388,0.5491788703644693,-0.15164968880776653,0.012207891878797894
2023-10-09,PB,B_均值,0.6744912531690892,-0.13944179692896863,0.12531238280461987,0.5491788703644693,-0.15164968880776653,0.012207891878797894
2023-10-09,PB,B_中位数,0.5970916158019827,-0.13944179692896863,0.04791274543751334,0.5491788703644693,-0.15164968880776653,0.012207891878797894
2023-10-09,PB,C_均值,0.6600237042719198,-0.13944179692896863,0.11084483390745048,0.5491788703644693,-0.15164968880776653,0.012207891878797894
2023-10-09,PB,C_中位数,0.6532326411563042,-0.13944179692896863,0.10405377079183487,0.5491788703644693,-0.15164968880776653,0.012207891878797894
2023-10-09,PB,单窗3年,0.6428479377728288,-0.13944179692896863,0.09366906740835945,0.5491788703644693,-0.15164968880776653,0.012207891878797894
2023-10-09,PB,单窗5年,0.6952860140124009,-0.13944179692896863,0.14610714364793154,0.5491788703644693,-0.15164968880776653,0.012207891878797894
2023-10-09,PB,单窗10年,0.6405753650405531,-0.13944179692896863,0.0913964946760838,0.5491788703644693,-0.15164968880776653,0.012207891878797894
2023-10-09,PB,扩展窗口,0.6372430441983528,-0.13944179692896863,0.08806417383388343,0.5491788703644693,-0.15164968880776653,0.012207891878797894
2023-10-09,DY,A_均值,0.6900126765072072,-0.13944179692896863,0.14083380614273788,0.5491788703644693,-0.15164968880776653,0.012207891878797894
2023-10-09,DY,A_中位数,0.6830772648851228,-0.15049515828193938,0.13389839452065344,0.5491788703644693,-0.15164968880776653,0.0011545305258271465
2023-10-09,DY,B_均值,0.7425842301033788,-0.13944179692896863,0.1934053597389095,0.5491788703644693,-0.15164968880776653,0.012207891878797894
2023-10-09,DY,B_中位数,0.7442987605614254,-0.13944179692896863,0.19511989019695608,0.5491788703644693,-0.15164968880776653,0.012207891878797894
2023-10-09,DY,C_均值,0.6696638313039044,-0.14804713278569004,0.12048496093943506,0.5491788703644693,-0.15164968880776653,0.0036025560220764863
2023-10-09,DY,C_中位数,0.6382065878658448,-0.15090582459504953,0.0890277175013755,0.5491788703644693,-0.15164968880776653,0.0007438642127169937
2023-10-09,DY,单窗3年,0.6808812899903603,-0.13944179692896863,0.13170241962589102,0.5491788703644693,-0.15164968880776653,0.012207891878797894
2023-10-09,DY,单窗5年,0.7336254094248156,-0.13972498354419038,0.18444653906034625,0.5491788703644693,-0.15164968880776653,0.01192470526357614
2023-10-09,DY,单窗10年,0.6451059670040278,-0.15273811731092712,0.09592709663955845,0.5491788703644693,-0.15164968880776653,-0.001088428503160599
2023-10-09,DY,扩展窗口,0.6434558268196311,-0.14644295478543667,0.09427695645516176,0.5491788703644693,-0.15164968880776653,0.005206734022329851
2023-10-09,综合,A_均值,0.6806765438171556,-0.13944179692896863,0.13149767345268626,0.5491788703644693,-0.15164968880776653,0.012207891878797894
2023-10-09,综合,A_中位数,0.6871486164941477,-0.13944179692896863,0.13796974612967838,0.5491788703644693,-0.15164968880776653,0.012207891878797894
2023-10-09,综合,B_均值,0.6834002577704633,-0.13944179692896863,0.13422138740599399,0.5491788703644693,-0.15164968880776653,0.012207891878797894
2023-10-09,综合,B_中位数,0.6240574870702635,-0.13944179692896863,0.07487861670579421,0.5491788703644693,-0.15164968880776653,0.012207891878797894
2023-10-09,综合,C_均值,0.6694584996760897,-0.13944179692896863,0.1202796293116204,0.5491788703644693,-0.15164968880776653,0.012207891878797894
2023-10-09,综合,C_中位数,0.6904754534975359,-0.13944179692896863,0.1412965831330666,0.5491788703644693,-0.15164968880776653,0.012207891878797894
2023-10-09,综合,单窗3年,0.6231013139562814,-0.13944179692896863,0.0739224435918121,0.5491788703644693,-0.15164968880776653,0.012207891878797894
2023-10-09,综合,单窗5年,0.7074977167016581,-0.13944179692896863,0.15831884633718873,0.5491788703644693,-0.15164968880776653,0.012207891878797894
2023-10-09,综合,单窗10年,0.6643804012977321,-0.13944179692896863,0.1152015309332628,0.5491788703644693,-0.15164968880776653,0.012207891878797894
2023-10-09,综合,扩展窗口,0.674790751392462,-0.13944179692896863,0.1256118810279927,0.5491788703644693,-0.15164968880776653,0.012207891878797894
