date,mult,mult_raw,erp_adj,erp_raw,eps_yoy
2011-09-30,,,,0.049968959255978745,
2011-10-10,,,,0.05134119501335708,
2011-10-11,,,,0.05121694671403197,
2011-10-12,,,,0.04827627696289906,
2011-10-13,,,,0.047558293310463115,
2011-10-14,,,,0.04827752278589853,
2011-10-17,,,,0.047637199315654404,
2011-10-18,,,,0.04992924454148473,
2011-10-19,,,,0.050254674255691766,
2011-10-20,,,,0.05201971428571429,
2011-10-21,,,,0.05222073476702509,
2011-10-24,,,,0.049956063867016634,
2011-10-25,,,,0.048321276962899055,
2011-10-26,,,,0.0479926529209622,
2011-10-27,,,,0.04824927696289906,
2011-10-28,,,,0.04789329331046312,
2011-10-31,,,,0.04934952173913043,
2011-11-01,,,,0.04948597306689835,
2011-11-02,,,,0.04855529331046312,
2011-11-03,,,,0.04838343835616438,
2011-11-04,,,,0.047803767204757854,
2011-11-07,,,,0.048356802913453296,
2011-11-08,,,,0.048701802913453295,
2011-11-09,,,,0.04859801360544217,
2011-11-10,,,,0.05116726886383348,
2011-11-11,,,,0.05073911265164645,
2011-11-14,,,,0.0492993829787234,
2011-11-15,,,,0.04868849190110827,
2011-11-16,,,,0.05115258741258742,
2011-11-17,,,,0.051205674255691766,
2011-11-18,,,,0.052635195013357075,
2011-11-21,,,,0.052449195013357076,
2011-11-22,,,,0.052794066012488844,
2011-11-23,,,,0.05385260682226212,
2011-11-24,,,,0.05342251477170993,
2011-11-25,,,,0.05413770758122744,
2011-11-28,,,,0.053688090090090096,
2011-11-29,,,,0.05281155971479501,
2011-11-30,,,,0.05565211926605503,
2011-12-01,,,,0.05460073476702509,
2011-12-02,,,,0.05561423667570009,
2011-12-05,,,,0.05648909090909091,
2011-12-06,,,,0.05645087591240876,
2011-12-07,,,,0.05618468123861566,
2011-12-08,,,,0.05620470282588878,
2011-12-09,,,,0.056842028414298806,
2011-12-12,,,,0.05766559259259259,
2011-12-13,,,,0.05900296240601503,
2011-12-14,,,,0.059800379375591295,
2011-12-15,,,,0.06163509652509653,
2011-12-16,,,,0.06023966034155598,
2011-12-19,,,,0.06053609523809523,
2011-12-20,,,,0.06076484732824427,
2011-12-21,,,,0.061630113680154135,
2011-12-22,,,,0.06149439076034648,
2011-12-23,,,,0.06061684732824427,
2011-12-26,,,,0.06150084615384614,
2011-12-27,,,,0.06239021047526672,
2011-12-28,,,,0.0620153574879227,
2011-12-29,,,,0.06197901542912247,
2011-12-30,,,,0.06102588465204957,
2012-01-04,,,,0.061482277085330786,
2012-01-05,,,,0.06212801542912247,
2012-01-06,,,,0.06172377990430622,
2012-01-09,,,,0.05939064492078285,
2012-01-10,,,,0.056879090909090914,
2012-01-11,,,,0.05719967824497258,
2012-01-12,,,,0.05755509157509157,
2012-01-13,,,,0.05831344177449169,
2012-01-16,,,,0.05957563039399624,
2012-01-17,,,,0.056207707581227444,
2012-01-18,,,,0.05753430832570906,
2012-01-19,,,,0.05641332551848513,
2012-01-20,,,,0.05547771428571429,
2012-01-30,,,,0.05690409090909091,
2012-01-31,,,,0.056515710144927546,
2012-02-01,,,,0.05725709157509157,
2012-02-02,,,,0.05535660682226212,
2012-02-03,,,,0.05484606601248884,
2012-02-06,,,,0.05458050491510277,
2012-02-07,,,,0.05601652134423251,
2012-02-08,,,,0.05363314463176575,
2012-02-09,,,,0.053243482269503546,
2012-02-10,,,,0.05352114463176575,
2012-02-13,,,,0.053740888888888894,
2012-02-14,,,,0.05412571428571429,
2012-02-15,,,,0.05323895925597875,
2012-02-16,,,,0.05360697153024912,
2012-02-17,,,,0.053527888888888896,
2012-02-20,,,,0.05353648226950355,
2012-02-21,,,,0.052864169014084514,
2012-02-22,,,,0.052060244541484724,
2012-02-23,,,,0.05185401393728222,
2012-02-24,,,,0.05089451979345956,
2012-02-27,,,,0.05026229331046312,
2012-02-28,,,,0.0500791993156544,
2012-02-29,,,,0.05101578583765112,
2012-03-01,,,,0.05108008658008658,
2012-03-02,,,,0.04985408547008547,
2012-03-05,,,,0.05051864427217916,
2012-03-06,,,,0.051947587412587426,
2012-03-07,,,,0.052634747581354446,
2012-03-08,,,,0.05179201393728222,
2012-03-09,,,,0.051213086580086574,
2012-03-12,,,,0.051638973066898346,
2012-03-13,,,,0.05088027696289906,
2012-03-14,,,,0.05273242151675484,
2012-03-15,,,,0.05298495925597874,
2012-03-16,,,,0.05223629824561403,
2012-03-19,,,,0.05205241893076249,
2012-03-20,,,,0.05328788888888889,
2012-03-21,,,,0.05320194671403197,
2012-03-22,,,,0.05338688888888889,
2012-03-23,,,,0.054419098654708516,
2012-03-26,,,,0.054439098654708515,
2012-03-27,,,,0.05396250491510277,
2012-03-28,,,,0.055768810737033665,
2012-03-29,,,,0.05710792250922509,
2012-03-30,,,,0.05618687591240876,
2012-04-05,,,,0.0548990900900901,
2012-04-06,,,,0.054887090090090095,
2012-04-09,,,,0.05547452134423251,
2012-04-10,,,,0.05464300090009001,
2012-04-11,,,,0.05486332551848513,
2012-04-12,,,,0.053166959255978745,
2012-04-13,,,,0.053062222614841,
2012-04-16,,,,0.053255959255978744,
2012-04-17,,,,0.053994714285714285,
2012-04-18,,,,0.05219967425569177,
2012-04-19,,,,0.05220129824561403,
2012-04-20,,,,0.05139155555555555,
2012-04-23,,,,0.05208206386701663,
2012-04-24,,,,0.05188195815170009,
2012-04-25,,,,0.05136126886383347,
2012-04-26,,,,0.05129811265164645,
2012-04-27,,,,0.05119108658008658,
2012-05-02,,,,0.05075789655172414,
2012-05-03,,,,0.05067864427217916,
2012-05-04,,,,0.05017780291345329,
2012-05-07,,,,0.05024529331046312,
2012-05-08,,,,0.05046452278589853,
2012-05-09,,,,0.05199858741258742,
2012-05-10,,,,0.052125587412587424,
2012-05-11,,,,0.053121169014084514,
2012-05-14,,,,0.05427014463176575,
2012-05-15,,,,0.054838888888888895,
2012-05-16,,,,0.0564720900900901,
2012-05-17,,,,0.054851971530249115,
2012-05-18,,,,0.05663870758122744,
2012-05-21,,,,0.05598125965858041,
2012-05-22,,,,0.055019971530249116,
2012-05-23,,,,0.05554050491510277,
2012-05-24,,,,0.056228259658580415,
2012-05-25,,,,0.05739691320072333,
2012-05-28,,,,0.055947504915102766,
2012-05-29,,,,0.054699329796640134,
2012-05-30,,,,0.05496514463176575,
2012-05-31,,,,0.05576306601248884,
2012-06-01,,,,0.05571055971479501,
2012-06-04,,,,0.05785520091324202,
2012-06-05,,,,0.05767287591240876,
2012-06-06,,,,0.05764087591240876,
2012-06-07,,,,0.05807636455463727,
2012-06-08,,,,0.05932044177449169,
2012-06-11,,,,0.058000308325709064,
2012-06-12,,,,0.058418898617511525,
2012-06-13,,,,0.057248702825888786,
2012-06-14,,,,0.05807203130755065,
2012-06-15,,,,0.057643091575091565,
2012-06-18,,,,0.05713387591240876,
2012-06-19,,,,0.05773436455463728,
2012-06-20,,,,0.057895320147194125,
2012-06-21,,,,0.05928258208955223,
2012-06-25,,,,0.06138003422053233,
2012-06-26,,,,0.06149447859181732,
2012-06-27,,,,0.062076884652049566,
2012-06-28,,,,0.06280847934678194,
2012-06-29,,,,0.0615337298578199,
2012-07-02,,,,0.06019236950420955,
2012-07-03,,,,0.06025394392523366,
2012-07-04,,,,0.06026294392523365,
2012-07-05,,,,0.06114662264150944,
2012-07-06,,,,0.06049794392523366,
2012-07-09,,,,0.06289329445506692,
2012-07-10,,,,0.06314477990430623,
2012-07-11,,,,0.06293088465204957,
2012-07-12,,,,0.0624647616334283,
2012-07-13,,,,0.0621957298578199,
2012-07-16,,,,0.06340184615384614,
2012-07-17,,,,0.06275229445506691,
2012-07-18,,,,0.06265298376313276,
2012-07-19,,,,0.062106761633428306,
2012-07-20,,,,0.06297544061302682,
2012-07-23,,,,0.0643273786407767,
2012-07-24,,,,0.06423421047526673,
2012-07-25,,,,0.06470588693957116,
2012-07-26,,,,0.06508435812133072,
2012-07-27,,,,0.0647969756097561,
2012-07-30,,,,0.06538042688910697,
2012-07-31,,,,0.06483671065493646,
2012-08-01,,,,0.06397822480620155,
2012-08-02,,,,0.0646999756097561,
2012-08-03,,,,0.0639034211035818,
2012-08-06,,,,0.06296147934678195,
2012-08-07,,,,0.06285384615384615,
2012-08-08,,,,0.06233227708533078,
2012-08-09,,,,0.06230588465204957,
2012-08-10,,,,0.06296044061302683,
2012-08-13,,,,0.0640583786407767,
2012-08-14,,,,0.06379422480620153,
2012-08-15,,,,0.06444535812133072,
2012-08-16,,,,0.0647648271119843,
2012-08-17,,,,0.06479342688910697,
2012-08-20,,,,0.06505532938856015,
2012-08-21,,,,0.06465382711198428,
2012-08-22,,,,0.06478168311944718,
2012-08-23,,,,0.06472319685039368,
2012-08-24,,,,0.06564590099009901,
2012-08-27,,,,0.06725766750629722,
2012-08-28,,,,0.06661662656641605,
2012-08-29,,,,0.06700591984655764,
2012-08-30,,,,0.06723891493880853,
2012-08-31,,,,0.06779105197843556,
2012-09-03,,,,0.06724431740407005,
2012-09-04,,,,0.06831948064153642,
2012-09-05,,,,0.06872972652642381,
2012-09-06,,,,0.06803618400652794,
2012-09-07,,,,0.06406982711198429,
2012-09-10,,,,0.06342821568627452,
2012-09-11,,,,0.06400268311944718,
2012-09-12,,,,0.06371032938856015,
2012-09-13,,,,0.0643723492063492,
2012-09-14,,,,0.06294019685039369,
2012-09-17,,,,0.06473503415369161,
2012-09-18,,,,0.06630684263959391,
2012-09-19,,,,0.06606906782749544,
2012-09-20,,,,0.06795367773538208,
2012-09-21,,,,0.06795680284155256,
2012-09-24,,,,0.06767125779967159,
2012-09-25,,,,0.06804613662044172,
2012-09-26,,,,0.06929043983402489,
2012-09-27,,,,0.06640354259184499,
2012-09-28,,,,0.06492748756218905,
2012-10-08,,,,0.0653261962747847,
2012-10-09,,,,0.0633108271119843,
2012-10-10,,,,0.06309942688910697,
2012-10-11,,,,0.06382422924901188,
2012-10-12,,,,0.06381232938856014,
2012-10-15,,,,0.06408422924901187,
2012-10-16,1.4616031087195451,1.4796139882539094,0.06322980714315996,0.06400896834817013,
2012-10-17,1.461762231736457,1.4756061040921546,0.0629868019727651,0.06358332938856015,0.013131680459198103
2012-10-18,1.4214616681839811,1.4428159663726177,0.06135417697054939,0.06227588693957116,0.020850098494823
2012-10-19,1.4267954513988086,1.4492169180618448,0.061342282846523676,0.06230625,0.026088770142472795
2012-10-22,1.424531493724863,1.4512759080440873,0.06102715204621436,0.06217288693957116,0.02110753090300399
2012-10-23,1.4500995112581396,1.4682483273995202,0.06209723487097141,0.06287441691248771,0.01646213375600203
2012-10-24,1.4594849941755765,1.4756486057425813,0.062257700695847094,0.06294719685039368,0.01632311703345435
2012-10-25,1.4756545849404685,1.4821037036480795,0.06277035505163364,0.06304468311944716,0.012224370345294888
2012-10-26,1.5128537133980187,1.5206590895083199,0.06461415079513444,0.06494751927917045,0.020588841586575146
2012-10-29,1.5319904903129842,1.5364145030936651,0.06521503136249023,0.06540335637760258,0.02002172468029184
2012-10-30,1.5292587191990812,1.5292587191990812,0.06485451256281408,0.06485451256281408,0.021264189352700358
2012-10-31,1.5202079769110415,1.5262638896279148,0.06429571452079322,0.06455184344599338,0.02740204994206108
2012-11-01,1.463135646880812,1.4716254052549105,0.06217738686427781,0.06253816748768473,0.02532176672741504
2012-11-02,1.4623223783244252,1.4683955469789256,0.06193001424638076,0.06218721568627452,0.01931393302673734
2012-11-05,1.4722647550578707,1.4779761770115862,0.06211884671518422,0.06235982711198429,0.013418275745545882
2012-11-06,1.4895910169509565,1.492385032897064,0.06263368590033785,0.06275116748768472,0.005585613494657249
2012-11-07,1.4783288580738476,1.500964145593422,0.06192993337831829,0.06287816748768471,-0.00962457621006918
2012-11-08,1.4748776891391127,1.5291397098034218,0.06200970927964518,0.0642910999000999,-0.022836720110751663
2012-11-09,1.4808469054783895,1.5375415001092065,0.06203112292414022,0.064406,-0.023748770758597826
2012-11-12,1.470155913315781,1.5330235132723224,0.06139134387310668,0.06401659362549803,-0.026357507514009004
2012-11-13,1.4925336275469407,1.5635713106808915,0.06250401826820395,0.06547891984655764,-0.029469375035171552
2012-11-14,1.4960778935957204,1.5626438814098378,0.062458494368258594,0.06523750165979277,-0.02762611148514127
2012-11-15,1.5223638344478052,1.5914704533978636,0.0635550173582245,0.06644005197843555,-0.028362775351294944
2012-11-16,1.556916488267998,1.6183836125581774,0.06482956832760367,0.0673890422390814,-0.024965108532553848
2012-11-19,1.563030456343941,1.6285540572768862,0.06484621318421693,0.06756462303826033,-0.02650177766706896
2012-11-20,1.5742640546553925,1.6424345777579232,0.06509906259071743,0.0679180541932825,-0.027361132494496676
2012-11-21,1.5604317504931522,1.6132915106372236,0.06458553985002645,0.06677338058331635,-0.021453966230640775
2012-11-22,1.5675736769133193,1.629710202096676,0.06472568711365537,0.06729132683227262,-0.024994462138769324
2012-11-23,1.5593584910157858,1.61767382216053,0.06423157688474083,0.06663364523372117,-0.02353546568330922
2012-11-26,1.5730695945082414,1.6323012643574653,0.06464021160582373,0.06707414567090686,-0.023725989266430436
2012-11-27,1.582258941440117,1.6499326864846853,0.06495752981063083,0.06773578512396694,-0.02689351143309371
2012-11-28,1.5985517351135792,1.6673122290012676,0.06552117575928182,0.06833951958034692,-0.027132195965393957
2012-11-29,1.6119618098093882,1.6889180608001413,0.06588420677234696,0.0690295676126878,-0.0301451382938267
2012-11-30,1.6014262338563026,1.671461602767122,0.06542305128881845,0.06828420557455187,-0.027613000011613154
2012-12-03,1.613868429723398,1.6904930589788467,0.06597472341891923,0.06910712791305255,-0.029973978604361684
2012-12-04,1.6064610599256537,1.6715281730966034,0.06562160385555138,0.06827950103777501,-0.02561149724790701
2012-12-05,1.5145873227193043,1.5602243852647675,0.06341608653623612,0.06532691984655764,-0.01892871477204483
2012-12-06,1.5225745461268703,1.5693163973403614,0.06353079609417166,0.0654811419909045,-0.019298672648171533
2012-12-07,1.483083920096134,1.5242759579553053,0.062185419512071155,0.06391259362549802,-0.01734082809880577
2012-12-10,1.47909788356365,1.5040843235745964,0.06196294149552602,0.06300968311944717,-0.010603492650321344
2012-12-11,1.4883557098756368,1.5189884325659424,0.06217046099180826,0.06345002775024777,-0.012910828592654688
2012-12-12,1.4887591028362988,1.5140385341617466,0.061997945439409785,0.06305068311944717,-0.010664232698778808
2012-12-13,1.5249988952259328,1.5372696438972135,0.06344211310806219,0.06395259362549802,-0.005125224395055694
2012-12-14,1.3644514491443944,1.3653552366920387,0.05959936980172031,0.05963884732824427,-0.0004137244779710558
2012-12-17,1.3589702648927497,1.3624101542972364,0.059183670104486566,0.059333478591817326,-0.0015744872018462752
2012-12-18,1.356728308603717,1.3622134785632856,0.058885690371976385,0.05912376163342831,-0.0025068903830887113
2012-12-19,1.3624226105804742,1.3624226105804742,0.05893466034155598,0.05893466034155598,0.0008854956745800724
2012-12-20,1.3536900086842385,1.3585983259825591,0.05839922113896457,0.058610969696969696,0.004977721820553338
2012-12-21,1.3700292843164665,1.3798541082393745,0.0589371939153883,0.059359847328244265,0.01513405710099458
2012-12-24,1.3668648993963914,1.3810123610638658,0.05862233647321741,0.05922909523809523,0.02074934877065049
2012-12-25,1.2916608050035585,1.3084056889129818,0.05608233605164599,0.0568093784786642,0.02624223962962491
2012-12-26,1.2884115221077561,1.3111242240521732,0.05577026248123679,0.05675340593141799,0.025418651838565953
2012-12-27,1.306230850689992,1.329614634856284,0.056384269294070186,0.057393644920782846,0.02424753330281315
2012-12-28,1.2760028848471152,1.3039634761814782,0.05512118074009214,0.056329031307550646,0.02783463726047497
2012-12-31,1.237638899114487,1.2626776997677382,0.05359365443142653,0.05467791320072333,0.033413263484829425
2013-01-04,1.2331218463443834,1.2669358877741874,0.05322265694645803,0.054682101633393834,0.037775506363902034
2013-01-07,1.2296197043974528,1.2709521908964871,0.05291804215859526,0.054696831368993656,0.042674574273431354
2013-01-08,1.2426206648748623,1.2886756733439741,0.053321626809435196,0.055297875912408756,0.04736300705363394
2013-01-09,1.2506935218019064,1.299346257260676,0.053493279926818585,0.055574200913242014,0.05340347911144616
2013-01-10,1.2464756139064819,1.2910210337341752,0.053142646816934085,0.05504181073703366,0.05417187685287672
2013-01-11,1.2808080830034856,1.3187889346569448,0.05479748698859158,0.05642244177449169,0.05117185766388399
2013-01-14,1.1742317865674217,1.2246965350915953,0.05145186125749056,0.053663098654708516,0.0554362451168644
2013-01-15,1.1635448541321367,1.220581349655601,0.05086416426960447,0.05335750491510277,0.07452342863257533
2013-01-16,1.1799087249252094,1.2408487875753351,0.051466193584103856,0.05412432551848513,0.08069934269237167
2013-01-17,1.2024453907959443,1.2667645730351786,0.05237039397652244,0.055171702825888784,0.08378563642446779
2013-01-18,1.1705891212551645,1.239690531785952,0.0510788085200492,0.05409405755395684,0.07942594419779803
2013-01-21,1.164120553393753,1.2431105887976257,0.050666353631196925,0.054104259658580414,0.07637526579067133
2013-01-22,1.1790016587910517,1.2546945107063519,0.051180496596255856,0.054466325518485126,0.07376035865079822
2013-01-23,1.175054724737871,1.2532266256371145,0.050862377899746826,0.054246057553956846,0.07342009373509373
2013-01-24,1.1929877577112409,1.2519377006005483,0.05156408515812716,0.054112057553956844,0.07150564079446453
2013-01-25,1.2047529711873404,1.2681515770454939,0.05192808743886931,0.05466073755656108,0.07974707706879403
2013-01-28,1.1224671274949953,1.1960622842335003,0.049079311352139283,0.052297222614840995,0.07690469820041468
2013-01-29,1.1054705545685104,1.1875321321717134,0.04825283089383638,0.051834747581354444,0.0841493446009478
2013-01-30,1.1009005865677832,1.1676634499947092,0.047921809459440926,0.050827973066898346,0.07143918032245877
2013-01-31,1.1057880389031802,1.1677746753453286,0.04798632231795717,0.050676268863833474,0.0640469125362837
2013-02-01,1.062418874138965,1.1296587611823314,0.046316167941708515,0.04924749190110827,0.06729416403362398
2013-02-04,1.0623412357431403,1.1261649355759569,0.04617183964274784,0.04894576720475786,0.06782869471992137
2013-02-05,1.050835591570828,1.1290403311400663,0.045586992062471667,0.04897964346349746,0.07986100994916945
2013-02-06,1.0511795146588112,1.1322002591448692,0.04546349753428091,0.04896764346349746,0.07786970242367053
2013-02-07,1.064734884964033,1.15161207153681,0.04593996103791456,0.04968843835616438,0.07901674377417134
2013-02-08,1.0614085383710352,1.1462383600231854,0.04566985274633906,0.04931987563884156,0.07694903773820339
2013-02-18,1.0839018639920175,1.1600985367154073,0.046629898086543484,0.04990790987124463,0.07451167451836715
2013-02-19,1.1171828240427066,1.1871721988031214,0.048231355641739276,0.051252958151700084,0.06551574145603212
2013-02-20,1.1146908352990121,1.1898947614165087,0.048009926968794296,0.051248973066898344,0.0690697287421449
2013-02-21,1.1630603801687704,1.2334293377972327,0.050978719370127254,0.054063098654708514,0.06319320596725952
2013-02-22,1.1748494700803902,1.2474990219642135,0.051368233296565396,0.05454470758122744,0.06299708500373269
2013-02-25,1.1693964802250394,1.2409957834886307,0.050985348621460834,0.054107057553956846,0.06199845361317746
2013-02-26,1.19490835343288,1.2673842964987148,0.052130927845318996,0.05529287591240876,0.059036520869234055
2013-02-27,1.1763719696262094,1.249002468440069,0.05126507460420316,0.05443023667570009,0.06050797034916444
2013-02-28,1.1027197361041252,1.1853455452093355,0.048658328063076954,0.05230425330979701,0.06810100492921589
2013-03-01,1.1112043490265893,1.2012532890524306,0.04889114120210001,0.05285314463176575,0.07331641184086624
2013-03-04,1.167967959179958,1.2440161647856651,0.05309406639265754,0.05655110341643582,0.0638444821033044
2013-03-05,1.098321423838177,1.182960178255907,0.050518289300738525,0.054411325518485126,0.06429489443650116
2013-03-06,1.0796228927190938,1.1694638613543753,0.049596347815056355,0.05372351477170993,0.0669026654671927
2013-03-07,1.1022022056132206,1.1912070575937879,0.05059879217805605,0.05468473755656108,0.0619724056078923
2013-03-08,1.1142463452064768,1.1977236605500023,0.051023261179168,0.05484583136899365,0.05901976725238467
2013-03-11,1.1274921876598019,1.207486263079556,0.05150742709449467,0.05516181073703366,0.05731378098623052
2013-03-12,1.153279795042939,1.222003629359256,0.05270540891508657,0.05584611926605504,0.05223393127607867
2013-03-13,1.17610709320001,1.2417111890867567,0.05369921208753328,0.05669459259259259,0.04788540451203538
2013-03-14,1.1738204122641498,1.2371913063168802,0.053446512407414694,0.05633192250922509,0.04198073782888767
2013-03-15,1.172933471057109,1.2294747375974255,0.05325687139159408,0.05582411926605504,0.03721838144671574
2013-03-18,1.2005713524257982,1.2653177155714839,0.05454533447670255,0.05748694392523365,0.042109986726981186
2013-03-19,1.1857952079357128,1.2530977730445427,0.053789434039056554,0.0568423784786642,0.04456244855063263
2013-03-20,1.1093958171571288,1.1862194794,0.05107535998672187,0.05461223667570009,0.048439266957509775
2013-03-21,1.1070576780771928,1.1838750241799652,0.05082560072442499,0.05435232551848512,0.04361819454495741
2013-03-22,1.108052652203256,1.1837270556367336,0.05072850036860706,0.05419300090009001,0.04332676487498732
2013-03-25,1.1161386293437905,1.2040917746564577,0.0509585064344525,0.054974101633393835,0.046525417926422064
2013-03-26,1.144979130464977,1.2320005590616243,0.0523040728929338,0.056279320147194126,0.052797872024087145
2013-03-27,1.1443075965513068,1.2525692987505839,0.052134972642181934,0.057067405931417986,0.0674177739012598
2013-03-28,1.1954306432209794,1.3051685747331203,0.05521209082927061,0.06028044061302682,0.06203790041129342
2013-03-29,1.2047490365417397,1.2953924831905694,0.05549004909722139,0.05966503422053233,0.05050706851563769
2013-04-01,1.2117879333948203,1.300925292296774,0.05565978159457895,0.059754034220532326,0.0532342853262584
2013-04-02,1.2249772209239187,1.3106606554464186,0.056116313005913784,0.06004147859181733,0.05093731642958388
2013-04-03,1.2330511919009353,1.316474414505173,0.05633133017582501,0.060142478591817324,0.05045569169166986
2013-04-08,1.247617993504122,1.33387358476861,0.05685784356013809,0.06078877990430622,0.054932045513621075
2013-04-09,1.24090870418654,1.3309591833641312,0.05643752694387061,0.06053309523809523,0.05611067720025864
2013-04-10,1.2496202225147166,1.3383444355282381,0.05668051471121002,0.06070488465204957,0.06260783979806495
2013-04-11,1.2573022131603648,1.344062705339458,0.056880901207262746,0.06080598376313276,0.0729481339071747
2013-04-12,1.2741692298438447,1.3622637660715922,0.05752185398434296,0.06149884615384615,0.07245206697083706
2013-04-15,1.3025267636503575,1.390047264341575,0.05873575516696567,0.06268237864077669,0.0784476892589312
2013-04-16,1.2942955726754943,1.388370885596775,0.05828376622929161,0.06252009652509652,0.07077555024997961
2013-04-17,1.2961964351128428,1.3934803614523381,0.05821180592575894,0.06258079883945841,0.06937927847954373
2013-04-18,1.2878024756233053,1.3883220255756652,0.05768476725867059,0.06218735748792271,0.07294522359121003
2013-04-19,1.2194082416422003,1.3277353154673057,0.0551184668035808,0.0600149584120983,0.07814254626918604
2013-04-22,1.217266566631898,1.3291587833729666,0.05487552333848778,0.059919729857819896,0.07783675212079566
2013-04-23,1.2725627374079507,1.3742413554166093,0.058099772569737744,0.06274198344693283,0.06955485564033714
2013-04-24,1.2350785834076143,1.345025105750373,0.056531089669770856,0.06156347934678194,0.07370662517824678
2013-04-25,1.262767107895265,1.3684997669300965,0.0577497820863999,0.06258522480620154,0.07086729901387567
2013-04-26,1.2820696353014467,1.3999559795666814,0.05853640297298694,0.0639188271119843,0.08150412901042325
2013-05-02,1.2881746550620155,1.440171819774095,0.058660318708634855,0.06558189730807579,0.09527600935163205
2013-05-03,1.2481628190039797,1.403022708987307,0.05695358127019783,0.06401982711198428,0.09810593317013683
2013-05-06,1.219439861966412,1.3770389204878757,0.0556372351264092,0.06282772983479107,0.09932669164914842
2013-05-07,1.2219389647545822,1.3805882009232815,0.05560673343742138,0.0628263786407767,0.10011897649327262
2013-05-08,1.2132490834259035,1.3694779771762025,0.055086643504820065,0.062180096525096526,0.10350823613619164
2013-05-09,1.2284751207905695,1.3853810706747038,0.05566111022813612,0.0627703786407767,0.10027533143232548
2013-05-10,1.2237167403295983,1.3824936919193422,0.05532180765388967,0.06249979883945842,0.10028071669265426
2013-05-13,1.234316372456853,1.3935156511248177,0.05566928293373161,0.06284937864077669,0.10338195168277586
2013-05-14,1.263570995598692,1.419983249100528,0.05702190941180536,0.06408041691248771,0.08216261767444566
2013-05-15,1.2562580736385398,1.4172929114544657,0.05656975832400814,0.06382121568627452,0.08263025763857157
2013-05-16,1.2167023401897916,1.38444226612262,0.054921130662912404,0.06249279883945842,0.08366487007693424
2013-05-17,1.1862192813635979,1.3508413864533961,0.053588189808527066,0.06102509523809523,0.08136528074452865
2013-05-20,1.1742694450174715,1.3404938647149804,0.05294877404441154,0.0604439696969697,0.08351619491795326
2013-05-21,1.1737245289380263,1.3418729701914904,0.05279144678788319,0.0603543793755913,0.08762344450437398
2013-05-22,1.1767003915176104,1.3475062592855298,0.052791362852689296,0.060454379375591304,0.08915089886143246
2013-05-23,1.203421541377963,1.3743135387288454,0.05398876114215847,0.06165544061302682,0.0888885175605183
2013-05-24,1.194059307658661,1.3678956829147262,0.05345642694534058,0.06123884732824427,0.09109229796124896
2013-05-27,1.1957905452784112,1.3716878453348882,0.05339900892623209,0.061253847328244265,0.08946912522019335
2013-05-28,1.1601268482602374,1.338444047506925,0.051891412116732,0.05986737723424271,0.0957345090829902
2013-05-29,1.1617726320337687,1.338806078032343,0.0518346936336628,0.059733377234242706,0.0921290401970678
2013-05-30,1.1708829316862246,1.349960365285488,0.05211770836708041,0.06008870632672333,0.0938736110820424
2013-05-31,1.191525641321221,1.3680676872962687,0.05298812525441626,0.060839095238095234,0.09103022136392469
2013-06-03,1.1933089833979964,1.369714406483216,0.052934806801001065,0.06076009523809523,0.08481214530497572
2013-06-04,1.2185461332259049,1.3891241258964149,0.05407386859794192,0.06164339076034648,0.08046124833675816
2013-06-05,1.2247719173497083,1.3943568185922506,0.05421708421455406,0.06172411368015413,0.08290190279359311
2013-06-06,1.2496300796388542,1.4173196973137359,0.055299293489173104,0.06271998344693282,0.0834760528016063
2013-06-07,1.277946242707933,1.4420851032212134,0.05662215776247841,0.06389468311944718,0.07573958197708874
2013-06-13,1.335940349214477,1.4945395276874787,0.05990286118610852,0.0670143647632595,0.06836997568756309
2013-06-14,1.3214135778197873,1.483032920293327,0.05914807813415651,0.06638235637760259,0.07008235183793321
2013-06-17,1.333385069652481,1.495013890360507,0.059559471696833,0.06677908693885842,0.06716041561752917
2013-06-18,1.321224089849105,1.4939851888691138,0.058909283819053256,0.06661216533116948,0.0733485220930834
2013-06-19,1.3231509914820394,1.4986551659806995,0.05889079494322034,0.06670213349688237,0.0784845157682088
2013-06-20,1.3452089433553995,1.5128486457164856,0.06061573092995542,0.06816965267697486,0.07426401437261454
2013-06-21,1.373639161567773,1.562426487533485,0.061747078844245164,0.07023334381640459,0.08438531738199906
2013-06-24,1.446438995695305,1.6096865368687605,0.06835614229163037,0.07607093163734172,0.06986519329294283
2013-06-25,1.4557818906894782,1.6148209933992834,0.06863556833386428,0.0761337651939897,0.06792633875503595
2013-06-26,1.4650454240022674,1.6439933625049779,0.06891142853534826,0.07732861333634211,0.07245980160631316
2013-06-27,1.4804732918994645,1.647892942761005,0.06947438302331652,0.07733090904997748,0.06625182135519636
2013-06-28,1.4368776576014228,1.601749450571871,0.0676030463490108,0.07536002927853275,0.06155872655865857
2013-07-01,1.4235234154961378,1.5784820180789558,0.06685116259853868,0.07412829104232746,0.054327284953701316
2013-07-02,1.4184794818174047,1.5710374183578917,0.06646949460263674,0.07361831069018071,0.05587227131298911
2013-07-03,1.4357951023323852,1.588875132591426,0.06716243161661828,0.07432308221881166,0.05376417320289528
2013-07-04,1.423723649427668,1.5825716468233324,0.06650532830869404,0.07392547492368076,0.05932238358453601
2013-07-05,1.4210469613932857,1.57750780909808,0.06622939105612319,0.07352141373315949,0.05840780228712128
2013-07-08,1.4711816786531209,1.6161544827129424,0.06905526076074024,0.07586008638685321,0.05398808034359148
2013-07-09,1.4752840673613243,1.6134097547676058,0.06908413080473086,0.07555223634954038,0.0537509692536966
2013-07-10,1.3899106122661047,1.5433968157220814,0.06561268718028967,0.07285821949364338,0.06064432893252203
2013-07-11,1.255667112326014,1.42805002805307,0.060871660834372586,0.06922836164844406,0.07693908235370661
2013-07-12,1.294331863430887,1.459416236762969,0.0629657385376049,0.07099664605178685,0.07300766815446957
2013-07-15,1.2642984613436044,1.4396948036451929,0.0615104843504979,0.07004384439019214,0.07797274871123694
2013-07-16,1.2562229449257398,1.4357713812996604,0.060991241426291046,0.06970854918987611,0.092858458202973
2013-07-17,1.276131247464863,1.4509621545276097,0.061977238761519116,0.07046816545220745,0.0888448902857748
2013-07-18,1.304484791082728,1.4739265787209885,0.0634036653676458,0.07163927721697602,0.08665549075647183
2013-07-19,1.346944156468951,1.4932994695685016,0.06577659834536945,0.07292370581766194,0.07834481651761838
2013-07-22,1.3289413316967376,1.4813703545036163,0.06478163863614711,0.0722120658774526,0.07279254936291712
2013-07-23,1.2565356365773583,1.42315640948481,0.06172798621332049,0.06991332093323299,0.0828559111578786
2013-07-24,1.2660485810476656,1.4332441037283625,0.062085725063940375,0.07028482216690117,0.08562988021974594
2013-07-25,1.296052994706503,1.4631772967026537,0.06342668226952682,0.07160546820306556,0.0806163797090429
2013-07-26,1.3102648383106685,1.4778204543602294,0.06400101661846899,0.07218541526350317,0.0738223202458459
2013-07-29,1.3504949412055685,1.5116748346866566,0.06617115974407467,0.07406860545353368,0.07068159579759437
2013-07-30,1.3403628940879075,1.4948505787110766,0.0655558921554587,0.07311173993158998,0.07483291418011428
2013-07-31,1.3399160598139728,1.4984512841750157,0.06538818741645093,0.07312473993158998,0.0764763374685209
2013-08-01,1.2887889101939678,1.4569381296245947,0.06317601445740834,0.07141863466753445,0.08436210052715909
2013-08-02,1.290674891912342,1.4611019847879196,0.06312573753367849,0.07146117196484757,0.08662678118841605
2013-08-05,1.2615035129192125,1.4365286297082807,0.06170070000258589,0.07026125660296328,0.09251009838000313
2013-08-06,1.2494026845515722,1.4288131718382568,0.061004502519900965,0.06976456655618518,0.09573442552650535
2013-08-07,1.2523884718838185,1.4362977719714403,0.06103482121434796,0.06999759235325793,0.09368166301829728
2013-08-08,1.2426876534111206,1.4259547760033717,0.060426921797929904,0.06933846771585644,0.09524311903098859
2013-08-09,1.2382034957768087,1.424118330659252,0.06008641467818379,0.06910832093323299,0.09851875205230365
2013-08-12,1.1698192063235864,1.3584518011373063,0.05720546217812373,0.06642980617063701,0.10597953984553765
2013-08-13,1.1523864741080034,1.346458476311902,0.05623187821383646,0.06570182031905962,0.10872160086824989
2013-08-14,1.1580624665831982,1.349890246885641,0.05639457404150488,0.06573607872855489,0.11288047166805204
2013-08-15,1.1807308102743965,1.3687802719165947,0.05746008992662316,0.06661148911311737,0.10750504310767806
2013-08-16,1.2020581698255695,1.3858394538775223,0.05840456987691819,0.06733397705197994,0.10760226989689925
2013-08-19,1.1649215248790803,1.3607251921302532,0.05656845282639149,0.06607665597791464,0.11444984861258001
2013-08-20,1.1672734260768964,1.3588339314155504,0.056599634727529796,0.06588816506512919,0.10516711924075328
2013-08-21,1.1837628663028443,1.3735244990598594,0.05727431850383906,0.06645560683760685,0.10154715991583063
2013-08-22,1.1921525809161921,1.3900411566926676,0.05755558162413738,0.06710938560687432,0.1079480161701094
2013-08-23,1.2175897720697475,1.4222451441304436,0.058690753794047985,0.06855563466753445,0.10685797162670041
2013-08-26,1.1793399726455231,1.3906882756263097,0.05701870567160184,0.06723696924391284,0.11308999666227315
2013-08-27,1.1757714601772544,1.3923063581767177,0.05672540953604446,0.06717219378271552,0.12321996614872033
2013-08-28,1.177601320804144,1.3902135900158636,0.056709012994248596,0.06694764955524596,0.1204299116416796
2013-08-29,1.1872756879396968,1.4130635508834863,0.05706178244964562,0.06791339681852614,0.12784762124719107
2013-08-30,1.19308439606468,1.440137265534254,0.05721881885684453,0.06906716205274101,0.13959582496834644
2013-09-02,1.1904152330564055,1.4423380955672245,0.05697240943265811,0.06902925486764386,0.14625511684123071
2013-09-03,1.160093977316922,1.4127440816104748,0.05553860120463564,0.067634029386344,0.14892566970163612
2013-09-04,1.163293166354134,1.4136755784466384,0.055573358492333115,0.06753473843493299,0.14615221069877493
2013-09-05,1.1738646078467774,1.4216469613651312,0.0559669728329111,0.06778062506770666,0.14772059471452526
2013-09-06,1.1644908892831125,1.4139206701157707,0.05543058727789347,0.06730362068965517,0.1495757175544461
2013-09-09,1.0818372771077474,1.3120968355841571,0.0521050910044237,0.06319520178441748,0.1521477726018261
2013-09-10,1.0517178748225384,1.2927638797936827,0.05067033870585243,0.062283607822954196,0.16434772871094028
2013-09-11,1.0338826532550396,1.2757377744155858,0.04971027286103065,0.06133894660642776,0.16574033690927958
2013-09-12,1.0175490827076588,1.2615254254078967,0.04887514408578831,0.06059387009679063,0.17267138606300092
2013-09-13,1.0312103466092295,1.2797927941970177,0.04945735124509891,0.06137948668927948,0.17385988745356862
2013-09-16,1.046042834631104,1.2936096943773632,0.05007292359561305,0.061923677735382085,0.16955074183216867
2013-09-17,1.0938158992490432,1.3422108908888537,0.052498511868796886,0.06442041520344866,0.16005313964418466
2013-09-18,1.0970268654948196,1.3470208159589685,0.05254404963692707,0.06451795379122033,0.16335260038417942
2013-09-23,1.0739119365289542,1.32713203697272,0.051479464428834644,0.06361792263015972,0.16480764358668942
2013-09-24,1.0951111292060434,1.3477448249834505,0.05246306823461448,0.06456589366160294,0.1607001078756396
2013-09-25,1.1093061935308435,1.3605999084751366,0.0530538314287884,0.06507223939362038,0.1520803859576012
2013-09-26,1.150698369264198,1.3996755253159312,0.055123724948255605,0.067050871657754,0.1465010247715408
2013-09-27,1.142532728970789,1.3930402722841106,0.05462986410088106,0.0666078081023454,0.14729328811174436
2013-09-30,1.1344510819729354,1.3860043110598819,0.054150680280198246,0.06615805432937182,0.14571802508515375
2013-10-08,1.1096363809905399,1.3647401754566821,0.052962918635048255,0.06513901680672268,0.1535488985038147
2013-10-09,1.0941805362264756,1.3509549658689395,0.05212972817616183,0.06436315837956663,0.15568624367690953
2013-10-10,1.11832583294294,1.3758874872769937,0.05322756222502113,0.06548640359218172,0.15997240109214106
2013-10-11,1.0848054185864717,1.3404432882167387,0.05167100394498116,0.0638474414367517,0.16118586109876798
2013-10-14,1.0760158440926493,1.3309355842971649,0.051147988053093445,0.06326549719393057,0.15862749049139313
2013-10-15,1.0799619431266854,1.341439281840777,0.051232473957159,0.06363673600668338,0.16665516865382002
2013-10-16,1.111769123318882,1.3655987506258496,0.052835879734293885,0.06489891636671608,0.16086466093248908
2013-10-17,1.1210163874036423,1.3713091621470426,0.05317276615423088,0.0650448131029365,0.15366996993932758
2013-10-18,1.111160956440533,1.365911932130222,0.05261320157261425,0.06467559843518714,0.15844105144124843
2013-10-21,1.0725591557375271,1.3320721865145608,0.05087226775661609,0.06318116122640526,0.1657770222975583
2013-10-22,1.08998330758967,1.3479937278457617,0.05165368625795487,0.06388065267697488,0.16058303866204882
2013-10-23,1.10954280861323,1.3697614697461031,0.05254587832911836,0.06486934886194427,0.15575842326627054
2013-10-24,1.1170661439441467,1.3824955281361826,0.052826828525433016,0.0653791672032625,0.16181194926851683
2013-10-25,1.1405332258792469,1.408772481965073,0.053930883680020865,0.06661475802066338,0.15867704929165005
2013-10-28,1.147739732694805,1.4357384420287105,0.05416271011930046,0.06775358805445762,0.1676339858211644
2013-10-29,1.1424724331389042,1.4283139552403719,0.05380927257238894,0.06727211327569224,0.16977867643628297
2013-10-30,1.1126852160068348,1.4158869699498797,0.05242613082147047,0.06671201742160279,0.18247230237612522
2013-10-31,1.1495506583759998,1.4760088541322443,0.054169192624497244,0.06955257461024497,0.19504269599298274
2013-11-01,1.1479254626898148,1.4708259148066682,0.05399710272305032,0.0691859712070875,0.19116131590164098
2013-11-04,1.1509520790125254,1.473650755212676,0.05403331674274584,0.06918293078970719,0.19292201945483867
2013-11-05,1.1430249893433548,1.4659419586969964,0.053555139675012325,0.06868504808331487,0.18912572923467663
2013-11-06,1.1680355835140988,1.4850860231975869,0.054712264444353655,0.06956330814798256,0.18388445955717492
2013-11-07,1.1663249592892524,1.4773776378526475,0.054541371017831734,0.06908726529240419,0.17780332926239883
2013-11-08,1.1911251306512516,1.495680533087597,0.055705730073976736,0.06994897001923293,0.1773624040302706
2013-11-11,1.1685051100632284,1.4729078472055632,0.05454668887348722,0.06875643537108053,0.17885088942757754
2013-11-12,1.1458938789947795,1.4541092216643166,0.05344755613182998,0.06782354428395479,0.18747217191998056
2013-11-13,1.179768896273909,1.4838593583634512,0.05520641518156306,0.06943610402646289,0.18221906164004076
2013-11-14,1.1587692155369202,1.4667896083083132,0.05414688740489729,0.06854004292040422,0.18699085220212175
2013-11-15,1.0937290946254514,1.406260741388966,0.05122566918394016,0.06586333661483387,0.19751919682084051
2013-11-18,1.0047091100241832,1.3141980545898424,0.047512052320349184,0.06214758690450293,0.19757483323134073
2013-11-19,1.0184235270176945,1.3234890771207615,0.048090609099034454,0.062495999126256,0.19291225114445432
2013-11-20,0.9995878698769564,1.3030150950720718,0.04712232290318426,0.06142641373315949,0.19416595622894195
2013-11-21,1.0185965101264443,1.3118239489524646,0.047943943762562516,0.0617457580206634,0.18820136916330776
2013-11-22,1.0416512449253053,1.3297192317068762,0.04894665846320701,0.062482825613079,0.1863391613494212
2013-11-25,1.0594975845970385,1.354335963639286,0.049696575250089726,0.06352620346605242,0.19168323382095798
2013-11-26,1.065309535713311,1.3650233516083607,0.04987250064848195,0.06390361271167803,0.1997007024090105
2013-11-27,1.0552670833597477,1.3585923051906352,0.049372459031105834,0.06356404363001747,0.20468810281829075
2013-11-28,1.0615148308040512,1.3646569781394196,0.04962379152732842,0.06379510810810811,0.20534309075065682
2013-11-29,1.0796496609212833,1.3863291041227657,0.050374361316193085,0.06468342993285683,0.21225438101576866
2013-12-02,1.072548658807306,1.3527243066988877,0.04998286348897647,0.0630395962036238,0.19577135000731682
2013-12-03,1.062673773491521,1.3535895847293065,0.049477567962052306,0.0630224649763644,0.2056444598005449
2013-12-04,1.0402276974676392,1.3351180508404878,0.048426647907486076,0.06215494157709908,0.20959944988359713
2013-12-05,1.0332458942548728,1.3308111175587372,0.0480138360410199,0.061841374986649586,0.2112177321243358
2013-12-06,1.0440075124456436,1.336844913152348,0.04844274606458744,0.06203062514738984,0.2080818059065228
2013-12-09,1.0423064808366376,1.3367027723475913,0.0482719125108077,0.061906167203262516,0.20456601469478608
2013-12-10,1.0298645401753443,1.328523336778447,0.04760543628380055,0.0614109240519927,0.2086120952164865
2013-12-11,1.0591261974128325,1.3596503452327262,0.04900470382700527,0.06290965386294195,0.20599678017965006
2013-12-12,1.0705391942842928,1.3720632218653568,0.04943968075260647,0.06336467457108513,0.20960048693979938
2013-12-13,1.0869167646143727,1.3954078705906159,0.05010222445737301,0.06432234796444641,0.21846028231225945
2013-12-16,1.1176491450348947,1.3912673233193447,0.051559682545448876,0.0641823078779899,0.20419163305764765
2013-12-17,1.1281596167033299,1.4021435146449948,0.05195932875593378,0.06457812774165103,0.20599523506791573
2013-12-18,1.1262342042770177,1.4038857802501505,0.05177321628428425,0.06453691591260208,0.2027016115753808
2013-12-19,1.1457823450540245,1.4208420353319393,0.05263299662606344,0.06526821989761851,0.20729646166485116
2013-12-20,1.1930963232108889,1.4748068877848823,0.05500779797915871,0.06799608528103977,0.2036511079156902
2013-12-23,1.1894951197423764,1.4600317976763044,0.05474395131195525,0.06719481931393637,0.18954452106172992
2013-12-24,1.198519726068384,1.47030788118515,0.055057903488667244,0.06754337676733402,0.19134585821867578
2013-12-25,1.1823606083994744,1.4556272636539564,0.05424492905063081,0.06678199280332844,0.18734210462780876
2013-12-26,1.2215826215758694,1.494418391987743,0.056109585737854496,0.06864144545973727,0.18308007241013602
2013-12-27,1.1872793881670571,1.4623534689206328,0.054591141859066564,0.06723905633802817,0.18861370319367898
2013-12-30,1.1937732329752648,1.4744644897142851,0.05478970335346277,0.06767237676733402,0.1909395171175614
2013-12-31,1.1639359628859047,1.445477802106932,0.053417729433504424,0.06633882326621925,0.196059028819195
2014-01-02,1.1630435643085817,1.4463832908048766,0.053284682581546956,0.06626585358185494,0.18888533966206245
2014-01-03,1.1844466960216393,1.46755271589998,0.054264094203304816,0.06723427832708263,0.18512260472179065
2014-01-06,1.2286287764682198,1.5004089085716228,0.05647789705887625,0.06897115020219527,0.1789522932125156
2014-01-07,1.2352855184766174,1.5113694700170284,0.05667972795466754,0.06934753878212549,0.1805635834290349
2014-01-08,1.2450296697175154,1.5262007007225153,0.05702413726698939,0.06990217211026176,0.17861126143068162
2014-01-09,1.2657286890798654,1.5489219481026413,0.05791027436060073,0.07086707898118941,0.1758851059386477
2014-01-10,1.284676706293155,1.5666359599070407,0.058705041192867166,0.07158955098200635,0.17206333260777096
2014-01-13,1.2998972496002126,1.5710259657202101,0.059306983880069115,0.0716770588235294,0.16478257352831238
2014-01-14,1.2806303171534739,1.5552551979861675,0.058367704669545925,0.07088437222352115,0.16424221184304666
2014-01-15,1.2984112890959045,1.575891595510569,0.05907234549546734,0.0716965522213105,0.16501444061605075
2014-01-16,1.2905525280232601,1.573782331721901,0.0586096410988931,0.07147234663224594,0.16503477367541386
2014-01-17,1.32352511041467,1.5929448477239494,0.06013332157596811,0.0723741952662722,0.15851808316182403
2014-01-20,1.340506235577679,1.6168735663024438,0.06081400526273457,0.07335180916030534,0.15607176534404754
2014-01-21,1.3300634978439845,1.6104966650915342,0.06029216801837751,0.07300428564661296,0.15496055458239844
2014-01-22,1.274542522439463,1.5598200567210634,0.058058522613006584,0.07105361056297155,0.1587217490763808
2014-01-23,1.2934387461539862,1.5808547054777808,0.05882944261041687,0.07190197560406211,0.15761362600684792
2014-01-24,1.2752027372015373,1.565760026059318,0.05791865042927555,0.07111552144600722,0.16208295900538694
2014-01-27,1.31335293697574,1.60394998305696,0.05964729134989203,0.0728450588235294,0.16440809250183408
2014-01-28,1.3071060987819259,1.590855934901152,0.05925965693807167,0.07212389034676664,0.15310424143724766
2014-01-29,1.2999136672342404,1.5812578753323037,0.058836368786714874,0.07157050029168126,0.1485547492856092
2014-01-30,1.3293554362811253,1.6094427291232933,0.06013762492892405,0.07280826522917402,0.14475736127768846
2014-02-07,1.326655503001163,1.6126260568834816,0.05992179161369833,0.07283838367442953,0.1463457773321899
2014-02-10,1.264231189484809,1.5559932838809198,0.057353061730327747,0.07058912927054478,0.14944744848173763
2014-02-11,1.2472901003361998,1.5330738352686497,0.05651998834275819,0.06947005774728417,0.14208754208754226
2014-02-12,1.246418089703562,1.535542578787163,0.05638438104224188,0.06946354404204272,0.14597226115161344
2014-02-13,1.2602928757825629,1.543951300956791,0.05692581353899972,0.06973830096197894,0.1413188016085789
2014-02-14,1.2467111296875635,1.5335182367053026,0.056240851430169464,0.06917911396011396,0.15464519543382083
2014-02-17,1.2253578621133583,1.5132831454942386,0.0552072640141648,0.06817944759206801,0.15381319756383793
2014-02-18,1.249064765551589,1.5435889238888902,0.056264242256430765,0.06953111123879568,0.14778275970482158
2014-02-19,1.2211622610727468,1.5045258684679161,0.05498255724524213,0.06774094019030358,0.13913590414884047
2014-02-20,1.2479154939393418,1.5134883883313528,0.05613499415367533,0.06808126210729272,0.13852247346670654
2014-02-21,1.2746706395416367,1.5455542276199816,0.057295245329905375,0.06947120761642579,0.14256096829242115
2014-02-24,1.331354625029365,1.603791062401624,0.060019348010421275,0.07230116762328685,0.13704141486973231
2014-02-25,1.397544802042541,1.6547650370822025,0.0632901595491228,0.07493880916030533,0.13010671930694406
2014-02-26,1.390734596096255,1.6470835345287547,0.0628767990814317,0.074466645729241,0.12133062533648342
2014-02-27,1.416888098394178,1.654521290360978,0.06395890345497002,0.07468576212498518,0.11126713316330128
2014-02-28,1.382214250330404,1.6343769286003396,0.06236792999808224,0.07374595208308743,0.1157095858001922
2014-03-03,1.3656941191615466,1.6288568438166073,0.06153312313385907,0.07339026164916833,0.12195887274123862
2014-03-04,1.3650031230486561,1.6296221163259188,0.06140017661142517,0.07330319181161993,0.1276054513074607
2014-03-05,1.3855792682133856,1.6529344334896279,0.062268910703208426,0.0742840406164138,0.13182299646593854
2014-03-06,1.3781939438957622,1.6450484803337544,0.06184318183500732,0.07381764572924102,0.12893108466364578
2014-03-07,1.386820862959745,1.6510209893807652,0.0621267145982062,0.07396233539780847,0.13079764369424352
2014-03-10,1.4577836633156345,1.7074418942736573,0.06585368843195141,0.07713170983506414,0.12113872056991593
2014-03-11,1.445818222331132,1.703782168845504,0.06521946605213456,0.0768559709685289,0.12560676784206537
2014-03-12,1.4445434145394096,1.712451460812839,0.06505552915657316,0.07712086380847687,0.12999089945756115
2014-03-13,1.4153599546740827,1.6823260522901726,0.06372844660420804,0.0757489468599034,0.1305750513820616
2014-03-14,1.4395212728122435,1.7112582115315802,0.06474576850093891,0.07696776011701609,0.12422189772109782
2014-03-17,1.4204560551787633,1.6939603344054537,0.0638366843545957,0.07612823415578132,0.12205458852137419
2014-03-18,1.4226955000115897,1.6938975103828693,0.06383174006285361,0.07599969605231291,0.12917253902644377
2014-03-19,1.4444778489673773,1.705279787569961,0.06473794669338767,0.07642644853566655,0.11716125513038089
2014-03-20,1.4814733349712765,1.7348803862846578,0.06644138464480363,0.07780623001230011,0.10912919793811793
2014-03-21,1.389065007189471,1.6519725633078224,0.06289793871509866,0.07480259635666348,0.11883872871007983
2014-03-24,1.3691663682163404,1.6237261422746285,0.06193303770568317,0.07344782542694497,0.11961375447743805
2014-03-25,1.3732226361862752,1.6339108064736156,0.06201253857401838,0.07378479952409281,0.12433166662315753
2014-03-26,1.3840910460881088,1.6385517555034066,0.062399681607773205,0.0738716633781053,0.12831690310446153
2014-03-27,1.4003579330767022,1.6601335931251298,0.0630548664468086,0.07475196128490949,0.13196040542281984
2014-03-28,1.4074085267902647,1.6687506829376306,0.06326788548060525,0.07501612012012013,0.13358537029168582
2014-03-31,1.4187441143309396,1.7009528347011225,0.06367468199744096,0.07634049702705982,0.1459195661160979
2014-04-01,1.4030177394962382,1.6878962292910553,0.0629013364767339,0.07567326176115804,0.14383798497662958
2014-04-02,1.386597910086396,1.6726724851852235,0.06210147292139735,0.07491387682722261,0.1436063531910965
2014-04-03,1.4061052567441463,1.6960180553391802,0.0629001116276548,0.07586894685990339,0.13689239891588567
2014-04-04,1.3851400462747279,1.6779417772190661,0.06191252353016671,0.07500007673860912,0.13929875347040976
2014-04-08,1.334432993642115,1.6201244376555062,0.05986312795463356,0.07267934544176236,0.14042367960258417
2014-04-09,1.3296740076102613,1.6118308781650503,0.05955128053212904,0.07218806432748537,0.13198024473531977
2014-04-10,1.2977534179065406,1.5773378829162927,0.05815971743903324,0.0706894887044721,0.1341414663799272
2014-04-11,1.3045675010169906,1.5854946998895403,0.05836970350583117,0.07093910853250202,0.12252075138187157
2014-04-14,1.3153128909612972,1.5971959285447122,0.0587540640439319,0.07134557299734134,0.12301830949022174
2014-04-15,1.3603051313781522,1.644417530188384,0.06083043356944899,0.07353543629525154,0.1327006934035666
2014-04-16,1.368574156257901,1.6517175280144591,0.06110116779109473,0.07374234663224595,0.1333244415605106
2014-04-17,1.3983992482770815,1.6829736666501007,0.062337142246828625,0.0750227583323519,0.13554810534358808
2014-04-18,1.395940991957155,1.6867166238955345,0.06212588300479456,0.07506675442739079,0.1394858471611442
2014-04-21,1.4352877094054466,1.7225988509693235,0.06393625327309807,0.07673480076628353,0.13489784628884727
2014-04-22,1.427359959514046,1.711940867788888,0.06349128748638405,0.07614990813773383,0.13187548745959377
2014-04-23,1.425639308566476,1.7130869780547229,0.06331204670129054,0.07607747773665989,0.13376916093886004
2014-04-24,1.4302328963411757,1.7265635944087852,0.06341436743326789,0.07655322322178242,0.1385066721881658
2014-04-25,1.4589998172010052,1.757854772399509,0.06464678676850956,0.07788874357731458,0.13794448556916228
2014-04-28,1.4961115680275805,1.7982590935725198,0.06632140742746376,0.07971536117603642,0.13837942129347436
2014-04-29,1.4726366731853553,1.7938544561071723,0.06524977450531086,0.07948233321064901,0.14378819872338178
2014-04-30,1.479147203618529,1.8173537128123496,0.06543269114038339,0.080393853899309,0.149162956772529
2014-05-05,1.4845572786810168,1.8247608664482162,0.06556673588185163,0.08059211692003462,0.14797546768912273
2014-05-06,1.4909292767665105,1.833940101861696,0.06574248815647893,0.08086754167697253,0.14274934864992472
2014-05-07,1.5157435177517369,1.855765526182041,0.06678038969812335,0.08176102590931737,0.13848491778455574
2014-05-08,1.5296247597392656,1.8665863735722619,0.06728403220892351,0.08210605697934809,0.1437798310644074
2014-05-09,1.5594628023127564,1.8945731657680547,0.06848699971331151,0.0832040569793481,0.13710830074106917
2014-05-12,1.5029610289143176,1.8369554594253854,0.0661868067197344,0.08089512210012212,0.14298800514131327
2014-05-13,1.504837891368379,1.8363745069988575,0.06616690399909446,0.08074438875305624,0.1356026928580798
2014-05-14,1.5054462474872052,1.8371447383326112,0.06608863033391205,0.0806500927444023,0.11774946096539884
2014-05-15,1.5336187303335564,1.8582921180074103,0.06732029723104228,0.08157228081007656,0.11020226037732184
2014-05-16,1.533865426497756,1.85800386947263,0.06722509616980044,0.08143119119279635,0.1074337721271712
2014-05-19,1.5748180932779692,1.893981462914054,0.06903569393660886,0.08302693825620558,0.10323517891304257
2014-05-20,1.5756396567217035,1.892367178648891,0.06896254600501073,0.082825066035385,0.10313929541472455
2014-05-21,1.5532363142800758,1.8690974924529586,0.06793312345218341,0.08174778656126483,0.10416819309438763
2014-05-22,1.561181837846524,1.8751387060298577,0.0681750973265923,0.08188524916532708,0.10176675276614744
2014-05-23,1.5461284080752,1.8642237151674872,0.06745794773789116,0.08133652114060964,0.10461195222104558
2014-05-26,1.5373489033565297,1.8587339797686429,0.06697832018068403,0.08098023770391266,0.10875466984321913
2014-05-27,1.5521974570892654,1.8699488258749775,0.067527940582781,0.08135162999385372,0.10402146916624044
2014-05-28,1.5304733304666742,1.8499201783801231,0.06654517132159324,0.08043476011701609,0.10069810493382003
2014-05-29,1.555997173642691,1.8699797963656752,0.06757432995429101,0.08121006510034262,0.0977965741824196
2014-05-30,1.5675280260489624,1.8848864125889453,0.06796910217349712,0.08172998187829068,0.0976858773145588
2014-06-03,1.5890839515411974,1.898213451022349,0.06880095468318859,0.08218502080783353,0.09296942726595936
2014-06-04,1.6185463556231525,1.92200879381744,0.07003015654419228,0.0831601617357002,0.08820344319938234
2014-06-05,1.5883144586221862,1.8963751144259025,0.06868784574144685,0.08201015902140671,0.09223666868539815
2014-06-06,1.6003138954924692,1.9091006780926953,0.0691249881042256,0.08246292307692309,0.08973309665304274
2014-06-09,1.6013529575622472,1.9048375852226513,0.06906263037963427,0.08215121685710776,0.08654106711057907
2014-06-10,1.5724727130085787,1.8737425102598235,0.06781206197712407,0.08080416415735793,0.08414533423338133
2014-06-11,1.5759623206152225,1.8773277202667267,0.06785751619882653,0.08083365606023804,0.08487731927888031
2014-06-12,1.5860822120330855,1.8863461776033033,0.06819352994089636,0.08110336498660822,0.08331647908679507
2014-06-13,1.5551539947003357,1.8541783271876475,0.06683456928122555,0.07968549114137641,0.08631975074651543
2014-06-16,1.5431248326417475,1.8069623828757269,0.06625009659676537,0.07757728336682823,0.07358548086609762
2014-06-17,1.5704695587702548,1.8376612996069526,0.06737212537122927,0.07883447773665989,0.07788965225368427
2014-06-18,1.5828403490501097,1.853620528553418,0.06780727499794947,0.07940722322178242,0.0795098072299878
2014-06-19,1.624706715717858,1.893806626357362,0.06963835725889743,0.08117254711246201,0.07926832779213777
2014-06-20,1.6100799274554074,1.8936292137023685,0.06892690990902751,0.08106554711246201,0.0881831063391807
2014-06-23,1.6147093593334347,1.9044955927569707,0.06901974980062953,0.08140648256522799,0.09462581804830994
2014-06-24,1.6001633004499785,1.89415175450583,0.06832140292910661,0.08087368657441128,0.09495108266479346
2014-06-25,1.612932972383504,1.9071998392079963,0.06877284294128401,0.08131990432663011,0.09495806245920368
2014-06-26,1.5975555911790247,1.8954646171678733,0.06805024525734663,0.08074012121212121,0.09132569909016874
2014-06-27,1.5967532853068538,1.9077100602016592,0.06791410215783689,0.08113990878131841,0.09570312553253002
2014-06-30,1.577964350100012,1.8883951040017128,0.06704437405539268,0.08023392145015104,0.1016563549474343
2014-07-01,1.5760210927787823,1.8889533578252038,0.06686051553479269,0.08013623415578132,0.09282663101136546
2014-07-02,1.561284127752838,1.8732397155915506,0.06614153965456182,0.07935708608632747,0.10574726222998865
2014-07-03,1.543643435697767,1.8645981343669829,0.06531217316899487,0.07889189525644114,0.11208306566513393
2014-07-04,1.541689111441164,1.8630062675406907,0.06513130720183655,0.07870590291496027,0.10274334056863133
2014-07-07,1.5595986136098205,1.8781378274393052,0.06578930213974332,0.07922639576056846,0.1070695384524194
2014-07-08,1.55867405576194,1.8758960187900067,0.06565394605480776,0.07901586323759163,0.1061096081998345
2014-07-09,1.592402644816512,1.910537164209129,0.06709299465415211,0.08049701509985388,0.10911005227902293
2014-07-10,1.5986519274992335,1.9312893666459712,0.06725667388359169,0.08125101960784313,0.11532988675999567
2014-07-11,1.5885676583652042,1.929896145521494,0.06675326249276502,0.08109623994129878,0.11968684990182932
2014-07-14,1.5574776505970762,1.9040019704788513,0.06543004908901888,0.07998762765312312,0.11992218627381246
2014-07-15,1.5497283052103372,1.893990130187197,0.06500908531622554,0.0794504207914801,0.120199612756408
2014-07-16,1.5421470756132618,1.8842008497953784,0.06459605783368694,0.07892369605231292,0.12596003394574073
2014-07-17,1.546037792118944,1.8897828047360203,0.06467806701663062,0.07905854534388312,0.12924509305452192
2014-07-18,1.5273995865443124,1.8788466792003387,0.06381819696279112,0.07850244853566656,0.12279357210271291
2014-07-21,1.527682748823229,1.8852068465072813,0.06373611809160433,0.07865230283489477,0.10960986332656897
2014-07-22,1.5045115915958407,1.8665894652687172,0.06276218831469987,0.0778666247437598,0.11837308888931064
2014-07-23,1.4951550358820038,1.8566326664791126,0.06228306247624557,0.0773409884504331,0.11180201113837018
2014-07-24,1.4491293694600378,1.8079302985790855,0.06045076277834037,0.07541822552385463,0.1110905843319161
2014-07-25,1.4298716682420047,1.7859004514064412,0.059621882828077954,0.07446734544176235,0.11516773649202294
2014-07-28,1.3554528518291669,1.7007220233257108,0.05683478449778995,0.07131208551881414,0.11961825324533293
2014-07-29,1.3475529573182934,1.6965146008694414,0.05642624040065904,0.07103835154826957,0.1346719273283088
2014-07-30,1.3552579713111508,1.702665419220808,0.056671063040468594,0.07119814924691922,0.12998178705310592
2014-07-31,1.3329680100886399,1.6805250636248248,0.0557314265568034,0.07026279584462511,0.12166318569460333
2014-08-01,1.3575652776788567,1.7023085804676896,0.05671635590535666,0.0711190400181901,0.1195762832012055
2014-08-04,1.3101661471343122,1.655220475644086,0.054844956650236476,0.06928930001118194,0.12343579620444811
2014-08-05,1.317405857953621,1.6627314451821693,0.05507098631796338,0.06950649271463796,0.12344063661935789
2014-08-06,1.3283259280807347,1.6753109639983068,0.05544984088247522,0.06993443733842868,0.12831567291967705
2014-08-07,1.3617059111691598,1.712803446953297,0.056875553519428496,0.07154014924691922,0.13092713248216903
2014-08-08,1.3559059331373944,1.7048146365802042,0.05655294224322005,0.07110543683132256,0.12812779341258462
2014-08-11,1.3189521154256094,1.6663807372340598,0.05503501124802747,0.06953192731153802,0.12255199896344027
2014-08-12,1.3294541175290366,1.6795603134417034,0.05539904982040279,0.06998815848843767,0.12194272272933748
2014-08-13,1.3362969884089062,1.686517194684364,0.055604016802461374,0.07017686281140795,0.11835970329238821
2014-08-14,1.3716449232629968,1.727081294701115,0.05704024401581395,0.0718211665527455,0.1163057116204913
2014-08-15,1.3495055795085917,1.7066450740806167,0.056095836764343335,0.070941302462164,0.11693187844029507
2014-08-18,1.334074132960164,1.6945529896598317,0.055391081564920695,0.07035825112511251,0.11966370632955758
2014-08-19,1.329685012860094,1.6883674539441684,0.05512952405261223,0.07000070938729623,0.11719986008920813
2014-08-20,1.33774767094938,1.7035178619410423,0.05539028093149558,0.07053522498586773,0.11450081977319071
2014-08-21,1.352083827572987,1.7220127641775616,0.055916204246511496,0.07121482815876265,0.1123783322240568
2014-08-22,1.3419066115560425,1.712693850194186,0.055426504077912025,0.07074160888284613,0.11502827600585985
2014-08-25,1.366959611620412,1.7426079491158113,0.05642566628672787,0.07193176284765937,0.11861279883382014
2014-08-26,1.3895253572770554,1.7670640105974629,0.05730759099295679,0.07287825374855825,0.12107534947581433
2014-08-27,1.3920087554802358,1.781664466991914,0.05732935774062162,0.07337718186024988,0.11869489780701703
2014-08-28,1.4124214438861065,1.814044004273009,0.058112419261144806,0.07463670718877849,0.12531685057239672
2014-08-29,1.3825638099383417,1.797008049200518,0.056870334112543004,0.07391806976744186,0.1335892767348421
2014-09-01,1.365974341939343,1.7960262838824903,0.05613380657043579,0.07380650493898895,0.13718232180668588
2014-09-02,1.3331082150456925,1.7593930783922858,0.054787964646778056,0.07230738261967627,0.13544894078865743
2014-09-03,1.3089316989869921,1.7273850976067069,0.05375860403947554,0.07094473421172193,0.12781563282862285
2014-09-04,1.289714634639851,1.7063969663877279,0.05291785747233516,0.0700146133363421,0.12549774158178661
2014-09-05,1.2663937829807839,1.681325455479801,0.051927412265637934,0.06894133661483388,0.12908119417376307
2014-09-09,1.274018589382855,1.6909365795047662,0.05216787447777918,0.06923962331838565,0.12342735704247376
2014-09-10,1.2866963772109772,1.7076706655353107,0.05262587045270874,0.06984371512349159,0.11393760810311093
2014-09-11,1.2975406100657885,1.7207273537310914,0.053001461317588386,0.0702876376811594,0.11149646123644441
2014-09-12,1.2881684814825838,1.7079834860239493,0.052562714141050196,0.06969293925759279,0.10880855864633032
2014-09-15,1.2964889031794784,1.7173595479055261,0.05282828334187713,0.06997758065968705,0.11046403650335335
2014-09-16,1.3408935467435914,1.754214017394447,0.05474947807261241,0.07162559780621572,0.10640429132615847
2014-09-17,1.3458949239996048,1.7614035277066569,0.054889656737785675,0.07183535154826957,0.10647187493177523
2014-09-18,1.3549946836259283,1.770424154049119,0.05518791334853602,0.07210804292040424,0.1107570682411716
2014-09-19,1.3681590843542728,1.7888421005469435,0.055669321931372,0.0727865844831486,0.10639808847664134
2014-09-22,1.4170526781629182,1.84529955482837,0.05776101927003018,0.07521695190866107,0.10584902747181202
2014-09-23,1.4030478357941318,1.833419468547903,0.05714670404985096,0.07467591417440128,0.10572315491798112
2014-09-24,1.347684397614345,1.7759588215913826,0.05496272741508185,0.07242907967498025,0.10682412400771657
2014-09-25,1.3646213696954568,1.7903661167392795,0.05557850589968258,0.07291830246216399,0.10651501195302471
2014-09-26,1.365227932699459,1.791825931365184,0.055526303864332445,0.07287682060551287,0.1084820541729512
2014-09-29,1.3613854925139803,1.791867454975179,0.05530213852496062,0.0727891568981064,0.10972199557875895
2014-09-30,1.363277261511695,1.7921204968123479,0.05530327687673432,0.07269991133115787,0.10519768496953796
2014-10-08,1.3357834127229453,1.7711833129359082,0.05417004002808947,0.0718268171658471,0.11153536996553992
2014-10-09,1.332782524004301,1.7656752962107471,0.05397479997997629,0.07150601784320285,0.11218356467433743
2014-10-10,1.3461304487644996,1.7810169130117852,0.05445849606110892,0.07205208279111511,0.11500154937091711
2014-10-13,1.3640054112178546,1.8031596468386155,0.05511734298024099,0.0728628844765343,0.11456305435959102
2014-10-14,1.3976447410750894,1.835639156375478,0.05640527802197504,0.07408158448314861,0.11221638942242995
2014-10-15,1.4027914238561572,1.8408329396355065,0.05655899987253597,0.07422034967393748,0.10977076088934523
2014-10-16,1.4257287842500934,1.8570890409621852,0.057436801253231376,0.0748145477131564,0.10435729988633291
2014-10-17,1.4309987371977042,1.8683376437394352,0.05757116003792493,0.07516594019030359,0.10727297082002796
2014-10-20,1.4372751601697111,1.874702560598074,0.05775827673763488,0.07533671512349159,0.10679946092805914
2014-10-21,1.4625819279413161,1.8984112021808794,0.05873401069114972,0.07623593708834886,0.10493833673021724
2014-10-22,1.4641800724181637,1.8955974397065778,0.05873729144721684,0.07604410234784592,0.09921092950562249
2014-10-23,1.4840195873412745,1.9167655694698404,0.059497914740213195,0.07684774203931487,0.10401516636146702
2014-10-24,1.4942273885888866,1.9352526861316484,0.05982855421038629,0.0774871155001155,0.1090022044722323
2014-10-27,1.5247685984509312,1.968796018355166,0.06101296609843872,0.0787805342034728,0.1058072260101377
2014-10-28,1.4817321883311982,1.9272972078704973,0.05941483877563872,0.07728120761642579,0.10515550302423637
2014-10-29,1.4537574758836151,1.9067483164468295,0.05831518413331363,0.07648619595362582,0.11280079086047423
2014-10-30,1.4260220025647892,1.882268660001514,0.05714954045919203,0.07543417194570136,0.11561478294913363
2014-10-31,1.3916155314787613,1.8549762753577475,0.055813880493902325,0.07439800850873263,0.12005047121693257
2014-11-03,1.4039548265840143,1.8724691042768489,0.056234224779364836,0.07500016845878135,0.12256317903725988
2014-11-04,1.4207615509750195,1.8864147687697788,0.056831023789773574,0.07545733661483388,0.11205679294187298
2014-11-05,1.439420594494069,1.9111988379019786,0.05750778553363439,0.07635628759419638,0.11447291295294248
2014-11-06,1.4368595045091945,1.9091895314327567,0.057329019716666256,0.07617443733842869,0.10413893051429368
2014-11-07,1.4579129496216479,1.931001381377355,0.05809267860492223,0.07694358065968705,0.094976485015142
2014-11-10,1.407068661835569,1.8682814171422113,0.05629387683015666,0.07474603538072738,0.09681004983509922
2014-11-11,1.4195696937548017,1.8522398252586716,0.05672241986019609,0.074010825613079,0.08531271117309247
2014-11-12,1.3737261117927961,1.8210156457826123,0.05490509167309054,0.07278236186348863,0.09358916029266551
2014-11-13,1.3794018682088307,1.8205911252605793,0.055074067613269606,0.07268901183881829,0.09450568028523021
2014-11-14,1.3670457100861506,1.8088255948854928,0.05450830462651067,0.0721234233901618,0.09834221821154876
2014-11-17,1.377949017109441,1.8268428050820908,0.0548845708254219,0.07276429104232746,0.10494425388002382
2014-11-18,1.4159566636147138,1.8734419424898843,0.05637261132447978,0.07458619121389841,0.10629007035885563
2014-11-19,1.4204284193770782,1.881170270727836,0.056477380772833034,0.07479684877399312,0.10403200579255412
2014-11-20,1.4140918587430253,1.874105581253232,0.05615117877208338,0.07441754004881297,0.10815525175938223
2014-11-21,1.3713601656451664,1.8292459486498334,0.05453201060583329,0.07273979656943078,0.10839817416729347
2014-11-24,1.3538763032126453,1.8123290180213592,0.05405313180744974,0.07235672790573111,0.10893010326218322
2014-11-25,1.3131903564246732,1.7650068764489795,0.05243892561939238,0.07048107219110031,0.10407718211774086
2014-11-26,1.2832410279055297,1.7213480039173992,0.05125554783178685,0.06875453093480294,0.10437908434439125
2014-11-27,1.259298889909344,1.6932856502713594,0.05028648044917259,0.06761649393128985,0.10505869100659537
2014-11-28,1.2163392987816355,1.6185830079779167,0.04865934310888567,0.064751,0.10120437426398166
2014-12-01,1.213043323492267,1.6131601759274785,0.0484692355534443,0.06445659362549802,0.10422806737217494
2014-12-02,1.11822457614614,1.4951728229248014,0.04511591445536793,0.06032427708533078,0.09950002600766084
2014-12-03,1.0722282432384735,1.4662339943212395,0.04327852746433331,0.05918184732824427,0.10833616770630283
2014-12-04,0.9612914099148434,1.3218857240872832,0.03941018924099342,0.05419352134423251,0.10012465166791751
2014-12-05,0.9232403418345357,1.2407105412929256,0.03781254272645175,0.050814959255978745,0.0784104665934815
2014-12-08,0.8375072251473449,1.1510004573460275,0.034707012057705315,0.04769843835616438,0.08347591367184726
2014-12-09,0.9162013877521694,1.2730304579030942,0.03853472519078247,0.05354268123861566,0.1145750621110373
2014-12-10,0.8548101779614196,1.2126313449657335,0.036277357947783855,0.05146295925597875,0.11724629308244805
2014-12-11,0.872476167289979,1.2368393905241029,0.03702305162079681,0.052484606822262116,0.11467950019212791
2014-12-12,0.8631584886822347,1.2253406910440867,0.03658241766495023,0.05193243828264759,0.11334717465665944
2014-12-15,0.8442971171320024,1.1821934498427273,0.03575067628847993,0.05005846221441124,0.1051703084879354
2014-12-16,0.8032637068119243,1.12438564841039,0.03415002511841479,0.047802232081911256,0.1011899830721743
2014-12-17,0.7778840536814396,1.0865780335863255,0.03309978605280805,0.046235040133779264,0.09561987975488129
2014-12-18,0.7810258934238172,1.092123112491199,0.03319673363643503,0.04641961344537814,0.0974049983750922
2014-12-19,0.775536952701683,1.0638491845373976,0.03294933925878325,0.04519852674897119,0.0864811045326801
2014-12-22,0.773289879014924,1.0278383789397556,0.032813683054139765,0.04361516129032258,0.06519278170793719
2014-12-23,0.8166182174574956,1.0956831454705487,0.03472426729161826,0.0465906755407654,0.09406863206249905
2014-12-24,0.876640058464466,1.1667051452745725,0.03746529083352152,0.049861909871244635,0.09713787400238405
2014-12-25,0.8101154212072169,1.0805129731836824,0.03484575885311331,0.04647645695364239,0.09077086893067832
2014-12-26,0.7517950326557536,1.0112891821307353,0.03255301004008233,0.04378920512820512,0.09314047044456353
2014-12-29,0.7517245427190727,1.00512201518735,0.032509654130099076,0.0434682749003984,0.08934638691960983
2014-12-30,0.7522211840545472,0.9947186522058546,0.0324896921495161,0.0429635637371338,0.08767165893327666
2014-12-31,0.716755700770523,0.9431255529836913,0.03102432432749594,0.04082260246533127,0.08090869829869307
2015-01-05,0.6668917433314706,0.8691752696998811,0.029020494124417748,0.037823074074074065,0.06940578300488953
2015-01-06,0.6660403046845096,0.8717251150567251,0.028946781131330437,0.037886049740163324,0.07354009399760031
2015-01-07,0.6649390627548852,0.8652389014781794,0.028862296760368562,0.03755649704142012,0.06707678609501833
2015-01-08,0.6989379341189513,0.910386847774654,0.030425910582984828,0.03963062737642585,0.06940925548925292
2015-01-09,0.7068402699785274,0.9116504398859724,0.03073440801061713,0.03963984194528875,0.06286629370556085
2015-01-12,0.721735218326084,0.9372310881848718,0.03136502564031268,0.04073000231303006,0.06798560975297452
2015-01-13,0.7352426703875853,0.9507394765227066,0.03191178155886482,0.04126500231303006,0.06966596195082309
2015-01-14,0.7515602815242799,0.9657603491734754,0.03258250516995617,0.041868752704791345,0.07559371482863919
2015-01-15,0.7032537863323786,0.8940535501844548,0.03063042280469836,0.0389407619047619,0.06385974173489162
2015-01-16,0.7015569065020992,0.886161356459834,0.030532370170274277,0.03856651729212656,0.05883140614890503
2015-01-19,0.7999171280610156,1.0030275231212231,0.036291811925606515,0.045506821829855534,0.066010766491569
2015-01-20,0.7825510012281345,0.9817508104523731,0.035493393522363935,0.0445283026941363,0.06674556256023934
2015-01-21,0.7084412177453023,0.8859996697191492,0.03253229672096219,0.04068595026375283,0.06511960159353558
2015-01-22,0.7052580312544949,0.8853290265615217,0.03235053452152264,0.04061048009015777,0.0649978319911384
2015-01-23,0.704917838165447,0.8827675184401749,0.03229463282811338,0.040442518740629686,0.06284574787274977
2015-01-26,0.6950327592170547,0.869019474829638,0.03182201711821726,0.03978798443291327,0.05917808766913368
2015-01-27,0.7099752813122999,0.8921433236400707,0.032486878529361184,0.04082248009015777,0.07082679658082136
2015-01-28,0.7208594383608133,0.913393383893972,0.03299110307788095,0.041802678407350684,0.07393304544671353
2015-01-29,0.7355940634047861,0.9338408089224606,0.03366198345682507,0.04273407770007771,0.07342674461680909
2015-01-30,0.7555489071447787,0.9607232318869249,0.034579616877485626,0.043969941548183254,0.07057059413388456
2015-02-02,0.7967586563387398,1.0177477414542488,0.0365630832140413,0.04670422475570033,0.07755933708466745
2015-02-03,0.761682056759706,0.9714910254587683,0.035051264184464616,0.0447063026941363,0.07251794890957419
2015-02-04,0.777193722336849,0.9914137464764647,0.035749680129150634,0.04560346190858059,0.07554798343792402
2015-02-05,0.8063341633775142,1.0255173789184586,0.037073312246712196,0.04715083116883117,0.08013836353005899
2015-02-06,0.8251362208624357,1.0547207283647067,0.03796243709054097,0.04852504142502071,0.08523114222938744
2015-02-09,0.8123979400049324,1.0395593699145267,0.03735367798257967,0.04779845447087777,0.08714159464364823
2015-02-10,0.7830089800717763,1.0070789689043567,0.0360343742672517,0.04634616129032258,0.08520265468957722
2015-02-11,0.7796217060909665,1.0027841352304399,0.03584781203830856,0.04610905124099279,0.07979979789811154
2015-02-12,0.7792190512691892,1.000382946657159,0.03578631482727338,0.045943459696727855,0.08059333097255328
2015-02-13,0.7754785828443747,0.9915743169203519,0.03558361360981681,0.04549938339920949,0.07697490843829002
2015-02-16,0.7677770374570122,0.9881050383439153,0.0352022586894495,0.045304206136900074,0.08399081281416221
2015-02-17,0.7594309057181573,0.9770216309819322,0.034785362795439964,0.044752,0.08113064290948602
2015-02-25,0.7761852771697385,0.9893490862563714,0.03554930006029846,0.045312206461780934,0.0756105774639999
2015-02-26,0.7353686538362784,0.943364957085798,0.03377573518028584,0.04332907692307693,0.07496741295926479
2015-02-27,0.7308203391555368,0.9386380557428086,0.03352630107830003,0.04305991551459294,0.078471515410383
2015-03-02,0.717395640586014,0.928742045594594,0.032882375862680606,0.042569599388379196,0.09074411862998555
2015-03-03,0.7510901968901014,0.9722394603776994,0.034546396310024464,0.044718157480314956,0.09302629763485348
2015-03-04,0.7460479297365634,0.9711386723350048,0.034280989673425924,0.04462393563579278,0.09808570746090184
2015-03-05,0.7507771622909795,0.9838559505127596,0.03448089892297574,0.04518549482895783,0.11070822977356842
2015-03-06,0.751434730169237,0.9792337764274327,0.03447661522657052,0.044928274900398406,0.10689084615909139
2015-03-09,0.7226273621654778,0.938416437399468,0.033174606660976165,0.04308112012480499,0.1103430759347459
2015-03-10,0.7244952924488263,0.9501208242714579,0.033226624074849116,0.04357420646178093,0.10878041478655565
2015-03-11,0.7408573203254835,0.9624956900250683,0.03393610902983062,0.04408859544383346,0.10132190591308121
2015-03-12,0.7134316363455282,0.9257168420715535,0.03271687772534647,0.04245195080707148,0.09816052565333999
2015-03-13,0.6944146408924808,0.9086920347575058,0.03181488840470812,0.04163209410864575,0.10047170540163397
2015-03-16,0.6495425605036065,0.8635036485914651,0.029834088690039395,0.03966151874062969,0.1041221768009688
2015-03-17,0.6279203284255713,0.8378545178527518,0.02883976015142113,0.038481830007390985,0.10510149144449676
2015-03-18,0.5927516377976536,0.7980016187655959,0.02728682452319131,0.03673533526011562,0.1143968235338324
2015-03-19,0.5999366631743961,0.8083473454266479,0.027585462741582342,0.03716831617113851,0.11260302283601242
2015-03-20,0.5904155150450826,0.8021577008353675,0.027145737169134737,0.03688108045977011,0.11299224811138098
2015-03-23,0.5636634239141026,0.760149212538683,0.02595091587066617,0.03499706993006992,0.10441209418510544
2015-03-24,0.5665092900097757,0.760933156359249,0.026050848580754793,0.03499140223463686,0.10202722663715336
2015-03-25,0.5741111034576392,0.7787059993309683,0.026382608938790582,0.035784529745042495,0.10657283865115574
2015-03-26,0.5632438425334362,0.7503521612300478,0.0258529207135842,0.03444120195667365,0.09572239070169353
2015-03-27,0.5518086326968124,0.729089506345751,0.025301747625614587,0.0334305003455425,0.09456845339375253
2015-03-30,0.5085266087850829,0.6790395881852728,0.023414146216687533,0.031265093959731545,0.09855248213321466
2015-03-31,0.5072567409924038,0.6844858025504087,0.02334242022479726,0.03149796532970768,0.09404801068383506
2015-04-01,0.4950007419702004,0.6718076983687306,0.02279527030175333,0.030937404283801873,0.09905971506988975
2015-04-02,0.5079299353047778,0.6847555943481259,0.023363031601712388,0.031496404283801877,0.09683704680852556
2015-04-03,0.4884769237983279,0.6692754255919838,0.022457306180335306,0.030769361702127657,0.10440675649568187
2015-04-07,0.4557988318486666,0.6277428079011168,0.020988352943769863,0.028905926670992864,0.09951263903531915
2015-04-08,0.4256195494531395,0.5921893818351363,0.01958291281052371,0.027246852374839536,0.09618528650167346
2015-04-09,0.4337459762201646,0.6039618470856686,0.01994266921737442,0.027768813998703817,0.09004161123015764
2015-04-10,0.41229603228310274,0.5793803450918985,0.01897610362180193,0.02666623155216285,0.0885461287170679
2015-04-13,0.3969580792316424,0.5554395268538859,0.01828242834742924,0.025581500622665017,0.08290828177172749
2015-04-14,0.4034425498273245,0.5646771826035283,0.01856043233416506,0.025978054726368167,0.08504966983765061
2015-04-15,0.4249610207954921,0.5753084025595996,0.01955100356006287,0.026467972534332085,0.07273174301622265
2015-04-16,0.3957176678275495,0.5411322924978624,0.018286360141080933,0.025006060606060608,0.07267726988708123
2015-04-17,0.3742631669583981,0.5144337881665189,0.017308321021871978,0.02379070647653001,0.0722706779828508
2015-04-20,0.4163564555770336,0.5613696476603585,0.01926786450983095,0.025978687651331718,0.07373743970605662
2015-04-21,0.40242074325516547,0.5510332751925305,0.018651736507683384,0.02553975566150178,0.07942685727527099
2015-04-22,0.3728167085642045,0.5211229318731379,0.017329425179977674,0.024223058275058273,0.08282146197198625
2015-04-23,0.3712354859690849,0.5217947610563308,0.017235884069586795,0.02422611617046118,0.08577064557256975
2015-04-24,0.3743216427235172,0.5252297749033153,0.017367717364252674,0.024369529411764707,0.0854908098226661
2015-04-27,0.36047914006071785,0.4912806049358898,0.016754479446259164,0.022833917092561044,0.07108043918696616
2015-04-28,0.37905303415319835,0.492993186288082,0.017620825569806507,0.022917497447532617,0.05278449578974298
2015-04-29,0.36798480800978695,0.5032472704187357,0.017090342970059264,0.023372346528973034,0.07525162044330092
2015-04-30,0.38471815400425613,0.542740928233509,0.01785040272082819,0.025182446009389674,0.09519693328626566
2015-05-04,0.3701307493409541,0.5263875730205618,0.01715918405890217,0.024403217694994178,0.09391175082337755
2015-05-05,0.4080541659946328,0.5708674142363472,0.01909254552530408,0.026710454159077114,0.0921598210899428
2015-05-06,0.40767235140361535,0.576071094329534,0.019065257701567764,0.026940615006150054,0.09590378231262098
2015-05-07,0.43237596126292593,0.6102604240952981,0.020243062532049175,0.028571292191435768,0.10188168169186995
2015-05-08,0.4245153111186803,0.5987591296225633,0.019896807271554212,0.028063522544780728,0.09319935701437454
2015-05-11,0.39018331604708506,0.5622810533040412,0.01835630165708163,0.026452695966285376,0.08973214170030275
2015-05-12,0.37209756645458697,0.5434440609358631,0.017499123608144762,0.02555726146515784,0.09053358899647157
2015-05-13,0.3795456513657591,0.5537975830380794,0.017834206734443192,0.026022009603841538,0.09122285348789494
2015-05-14,0.38867686207872637,0.5624513299815872,0.018244651216432012,0.026401695966285374,0.09278625319679246
2015-05-15,0.4064645096830903,0.5840668312203904,0.01909795294069542,0.027442693251533742,0.09506415725107842
2015-05-18,0.4132201177305059,0.5954860192241809,0.019404971450765515,0.027964246430788334,0.0986935190341589
2015-05-19,0.3696449184294494,0.5467642257810643,0.017456718216514157,0.025821291040288637,0.09773612929270747
2015-05-20,0.3654395473646603,0.5533290982930559,0.017240385484628813,0.026104473429951695,0.10937846380337168
2015-05-21,0.34669071251570943,0.5352096897266769,0.01636698356728502,0.025266809523809518,0.1134578588176185
2015-05-22,0.32457115726580393,0.504175611751699,0.015350370663483118,0.023844640371229707,0.1142041778565761
2015-05-25,0.29025264186388233,0.46326344167743383,0.013781545104303829,0.0219963063063063,0.11402248737035503
2015-05-26,0.2519643508452192,0.421550023277175,0.011974877091055207,0.02003461878453039,0.11801601575849263
2015-05-27,0.2587922190762189,0.4246984214010591,0.012286498174057914,0.02016311154058531,0.11516203790772583
2015-05-28,0.3098400330290055,0.4719447269675636,0.015099266270052092,0.022999026392961877,0.10440092319539174
2015-05-29,0.3029218035972948,0.4698181281359842,0.014745448678872598,0.022869529411764705,0.11021347322664865
2015-06-01,0.2427827244629835,0.39944672311840856,0.011962214526157706,0.019681249579360634,0.10726467076867108
2015-06-02,0.23740585467738698,0.3966962114083497,0.011701265533062846,0.019552372505543238,0.11109359968458232
2015-06-03,0.23613624233391065,0.3961755809560028,0.011626554056660625,0.019506352614015572,0.11351315399783823
2015-06-04,0.23365776587609322,0.386293153915133,0.011494303983053088,0.01900288193300384,0.10548485429099408
2015-06-05,0.2271064963737092,0.3770238140105518,0.011164155023084425,0.01853382608695653,0.1073979799403959
2015-06-08,0.20916249424698163,0.3450111166849043,0.010300704302704869,0.016990892688058916,0.09573315807348926
2015-06-09,0.21698458207528418,0.35304632585351586,0.010677597875116185,0.01737306246691371,0.09880508384887832
2015-06-10,0.2118164577139122,0.35441306964112823,0.010411932943264528,0.017421333333333337,0.10879009986842925
2015-06-11,0.20690039693447881,0.3530728586969674,0.01015899303387481,0.01733619057815846,0.10939100525584133
2015-06-12,0.20172419422123997,0.34644731637938303,0.009894895987887169,0.016993797764768497,0.10938684744616589
2015-06-15,0.2128030723952396,0.3383258962593868,0.010456243215213448,0.016623904051172707,0.0896125126555678
2015-06-16,0.2532559359260408,0.38192398860933957,0.012496924587016539,0.018846054945054945,0.08901026029613401
2015-06-17,0.24032115820948372,0.3654285718249545,0.011858131557571774,0.01803128826392645,0.08763023266437964
2015-06-18,0.28562951663960745,0.41344653763992084,0.014215140022813183,0.020576306306306302,0.0873418491233422
2015-06-19,0.3404403655865102,0.47220648031704593,0.017265369315057733,0.02394786312014345,0.08535692138250628
2015-06-23,0.30149819260111654,0.4269061790303376,0.015360343037595932,0.02174946820809248,0.09710871410708521
2015-06-24,0.28159479355024875,0.400441077590462,0.014358296726619528,0.020418175141242938,0.09301783389371177
2015-06-25,0.3173663943096393,0.43696933457437387,0.016281496474221425,0.022417353594389247,0.08958288841088202
2015-06-26,0.3905474453889291,0.5066873553930229,0.020697652022541264,0.026852662051604775,0.08327341787220499
2015-06-29,0.42663930936035366,0.5278369654973267,0.022723686651282403,0.02811368184733804,0.061250804797822855
2015-06-30,0.3505732257791755,0.4484008912842624,0.019084838097946415,0.024410473429951694,0.06414657171000071
2015-07-01,0.39559908012051903,0.49914695894206834,0.021784221506751092,0.02748623155216285,0.06380924456391579
2015-07-02,0.42910162271560437,0.5142541254526989,0.02374750991317786,0.028460053040103496,0.045182863243913296
2015-07-03,0.4915655449502043,0.5797403438304636,0.027551721175561344,0.03249382401091405,0.04279102029454673
2015-07-06,0.47273189674580374,0.5385240133275546,0.02657367624964578,0.030272048239895703,0.020837538927561683
2015-07-07,0.5012462850779674,0.5392035280559786,0.02818753151910211,0.03032205304010349,-0.004643512542557127
2015-07-08,0.5702087349701637,0.6008824425759087,0.032754153445852356,0.03451612456985547,-0.012881619800715893
2015-07-09,0.49014771455399997,0.5307092566214805,0.028671546792999866,0.03104422367560497,-0.0017506181979402013
2015-07-10,0.4208079813407165,0.4729462126635439,0.024920432876918773,0.02800808176100629,0.008118601297819827
2015-07-13,0.3927741803237901,0.46328333133894234,0.02330278339429699,0.027486000000000003,0.027565506828632236
2015-07-14,0.41064200091242786,0.48605599932148263,0.02440341305146785,0.028885075786769424,0.032096566707499496
2015-07-15,0.4428496626730112,0.5000931947253358,0.0264460179819365,0.02986447712418301,0.0135495100444607
2015-07-16,0.44021287010469057,0.5053309289024182,0.02626609123562198,0.030151477124183014,0.022587625863792926
2015-07-17,0.40068811550451605,0.47678860905122145,0.0240451076995193,0.028611862970044616,0.03130979256324107
2015-07-20,0.4011209964778137,0.47785147512644627,0.024045128517221452,0.028644723742838954,0.028455486536022034
2015-07-21,0.39663118116008617,0.4763005096635846,0.023750265510955923,0.028520862970044622,0.02819221555729512
2015-07-22,0.4001111295912147,0.48204949430072164,0.02393325815326485,0.028834526551503516,0.031032576952615187
2015-07-23,0.3846397548423316,0.46929078218315284,0.023033391714174428,0.02810255122564425,0.03682691892636947
2015-07-24,0.40438784571590825,0.49105389156317303,0.024226421186910797,0.02941848655569782,0.03761723080933321
2015-07-27,0.4806381909439432,0.5726501817003492,0.029733848834421157,0.03542601120448179,0.034713103370222154
2015-07-28,0.4867385714446904,0.5844965670585034,0.03007958925959235,0.03612086177715092,0.037659569701100404
2015-07-29,0.4555723607860889,0.5576731220923723,0.02823959627535666,0.034568523415977964,0.04168360104504276
2015-07-30,0.4832585584671162,0.5810505496553356,0.030040815458846806,0.036119861777150916,0.03537794832119312
2015-07-31,0.47807143962350435,0.5800594427706517,0.029686354768248262,0.03601940835102619,0.03768135922897242
2015-08-03,0.47631028336282794,0.5782844358529173,0.02954605949625249,0.03587163020465773,0.03761742733408191
2015-08-04,0.4440928789997013,0.5484724104771915,0.0276291684708592,0.034123124569855466,0.042785204518904996
2015-08-05,0.46501785746061935,0.5712698664992534,0.02895673873005033,0.035573068868587486,0.04097359617193397
2015-08-06,0.4765993324376773,0.5853037696117231,0.02965818503997846,0.03642272727272728,0.04356174803974189
2015-08-07,0.45748570993213955,0.5666461973493518,0.02848306836398612,0.03527940223463687,0.04440603611624616
2015-08-10,0.40745434156341775,0.5129540918190967,0.025561035955209012,0.03217940428380187,0.04872427741322638
2015-08-11,0.40434666949812803,0.5112030165688718,0.02534171717625995,0.032038751009421274,0.04658308816779577
2015-08-12,0.4146064413069955,0.5222124131141271,0.025976112434931246,0.03271789100817439,0.04651314768871817
2015-08-13,0.4047193359882583,0.5124051865940378,0.0253511727404169,0.032096495628782785,0.048089084490199996
2015-08-14,0.4073272588795526,0.5174629649632104,0.025487431355136515,0.03237888334457181,0.05083553614054348
2015-08-17,0.4050654051708365,0.5204129006010749,0.025318923471515688,0.03252880704129993,0.056804267192650526
2015-08-18,0.4627544686261092,0.5709982120363654,0.02937939861788131,0.03625158743754462,0.043555695843154885
2015-08-19,0.4460590501008606,0.5626883257404666,0.028317042086498406,0.035720985815602846,0.05276935922810466
2015-08-20,0.48019184297207884,0.5981407552788516,0.030588480047621935,0.03810188953913679,0.05096225915330055
2015-08-21,0.5271749702743276,0.6436826580645713,0.033846454544222346,0.04132665064836004,0.04508300203995286
2015-08-24,0.6150066859877021,0.7366994670199196,0.04071506997571051,0.04877145409015025,0.04135710450206331
2015-08-25,0.6908649441522559,0.8249031186112147,0.04662898435091345,0.055675707581227446,0.04385746027795201
2015-08-26,0.7029888431489679,0.8311214039853334,0.04740399286662171,0.05604423667570009,0.0395536990763925
2015-08-27,0.6330689960195521,0.7626824585524536,0.043231399962723266,0.05208252278589853,0.046085335273491124
2015-08-28,0.5852591707908745,0.7061048684371118,0.040200775544889836,0.048501526748971194,0.04308791683705393
2015-08-31,0.5863997643948283,0.7167312495756706,0.040243769178947966,0.049188230832646326,0.051360057540815074
2015-09-01,0.592411180325277,0.7045038377118074,0.040614053878526714,0.04829881300813008,0.03486048130298425
2015-09-02,0.5921555167316476,0.6900003725002214,0.04055389613389095,0.04725482182985554,0.023049952853761102
2015-09-07,0.6232356468003143,0.7353025845857034,0.04283691072299065,0.05053961744966443,0.02807075764168432
2015-09-08,0.5913450684346685,0.705606549265949,0.040701753001097456,0.04856626869350863,0.029414277703730063
2015-09-09,0.5723136187789464,0.6859629963749464,0.03940687789123155,0.04723225020177562,0.02461790861691937
2015-09-10,0.5864369595584972,0.7009853690926415,0.04036238407131312,0.04824634640522876,0.01762000355451776
2015-09-11,0.5914158211523698,0.7082506254031733,0.04066449365886319,0.048697806239737275,0.018566844625167445
2015-09-14,0.6146080414890176,0.7282617806669964,0.04228117239393367,0.05009983569641367,0.015594886936462604
2015-09-15,0.6594894367532992,0.7637925793665136,0.04559540211893181,0.0528066529209622,0.004517719539114173
2015-09-16,0.6008494014307334,0.7087629912285452,0.04188299297954443,0.04940525082508251,0.011905710936897851
2015-09-17,0.623233628132799,0.7306177298295171,0.04347950018638683,0.05097108417508417,0.009323268352840364
2015-09-18,0.6207454724834809,0.7317399695329495,0.043263425892532105,0.050999289318755255,0.012232869410781388
2015-09-21,0.6007669420876083,0.715247894774406,0.041873203998029726,0.04985247840531562,0.016881241223413612
2015-09-22,0.590888651464578,0.7042536973057102,0.04115393192333381,0.049049526748971194,0.017255140367122612
2015-09-23,0.6138799041249737,0.7310314700190456,0.042795943137862384,0.05096303204047218,0.018322872626179487
2015-09-24,0.6099570328497633,0.7270770995023229,0.042484662316883914,0.05064229673093043,0.02450486013653075
2015-09-25,0.6292788704975382,0.7414702582685223,0.04383042689038776,0.051644762711864405,0.01744140085063406
2015-09-28,0.6293927865184653,0.7450172237415822,0.043794387117409274,0.051839762711864405,0.020396407366330305
2015-09-29,0.6580403094926763,0.7763793202931634,0.04580993716655825,0.05404819031141868,0.01802018849002862
2015-09-30,0.6518703224347837,0.770913817607349,0.04534220352502992,0.05362252278589853,0.019300068614419574
2015-10-08,0.6185966371255193,0.7356255310941484,0.043116108959272016,0.05127300836820085,0.018770819196647803
2015-10-09,0.6183111299059411,0.7352773606942987,0.04307791488042219,0.051226985938792394,0.017887488454002787
2015-10-12,0.5835093582954126,0.6990028600984457,0.04076475291075815,0.048833285140562246,0.02167006541004568
2015-10-13,0.5913365207157363,0.7085730283072474,0.04126936431496182,0.04945129790660226,0.02303069365655519
2015-10-14,0.6131823583364806,0.7295132369178386,0.04277221362066515,0.05088681300813008,0.019199584552268556
2015-10-15,0.5829722315538227,0.6998868339235711,0.040704100888616424,0.04886727490039841,0.022962356911154558
2015-10-16,0.5641180452929003,0.680034582320951,0.03937194908508388,0.047462206136900074,0.019403299593897305
2015-10-19,0.5650624585295021,0.6816478943445938,0.03939753590247418,0.04752615748031496,0.02093626746322852
2015-10-20,0.5619613254979304,0.679141906864497,0.039161366302655265,0.047327322681215894,0.023255451482118605
2015-10-21,0.591085242519488,0.6979762793912461,0.04128343935160828,0.04874907936507936,0.010695164027978432
2015-10-22,0.5780575324114913,0.6897635413712323,0.040362420402278415,0.048162206136900074,0.017692485236457056
2015-10-23,0.5670437517777612,0.682047148634405,0.039576518846156566,0.047603120124805,0.021117283831996403
2015-10-26,0.5657631198761174,0.6794851255250675,0.039449847369221205,0.047379519006982146,0.024317812610654466
2015-10-27,0.5714219896338083,0.6850555872434518,0.03980392756859432,0.04771937984496124,0.02254709701153046
2015-10-28,0.5898076137824692,0.7022018031066145,0.041100133612092506,0.04893220646178093,0.01889684657354951
2015-10-29,0.5792695706391586,0.6867652943279786,0.0403253194886599,0.04780853563038372,0.016771362933724054
2015-10-30,0.5785065300820218,0.6635554155708593,0.04023137305411233,0.04614597083653109,-0.0008661239251833708
2015-11-02,0.5968994827561678,0.6791912981771411,0.0415123753807567,0.047235497667185065,-0.0034613210839098407
2015-11-03,0.5969695951042809,0.6820155044339145,0.0414771372863263,0.04738608287724786,-0.003577083456737684
2015-11-04,0.5388532121819816,0.6225686500045337,0.03769857257949643,0.04355536704119851,-0.0001803050567140696
2015-11-05,0.5211171060061395,0.6008085804720328,0.03647805997330503,0.04205644216691069,-0.006147964490537894
2015-11-06,0.49727515329989147,0.5793195212119792,0.03484077520071742,0.04058908045977011,-0.006824637806529754
2015-11-09,0.4741493561214972,0.5501017286931239,0.033203683764326475,0.03852246892655367,-0.013900861998283998
2015-11-10,0.4780467079107529,0.5556219450034393,0.033443640843792505,0.03887072218284904,-0.017637352207406587
2015-11-11,0.4898125188518238,0.5687094214842143,0.03423232457241448,0.039746320794889996,-0.018232641336337396
2015-11-12,0.4980772972647538,0.5781930795811868,0.0347891700492504,0.040385011477761835,-0.016621989190618858
2015-11-13,0.5123935106239632,0.5925057721743298,0.0357769478406869,0.04137064124909223,-0.018895318443715947
2015-11-16,0.5071638698619397,0.5878489066726992,0.03537850956660302,0.04100690014471779,-0.018143649576430665
2015-11-17,0.5108566503461118,0.5891130410894445,0.03560098606825536,0.04105457989877079,-0.02035994201618896
2015-11-18,0.5202990375857969,0.5955659794447219,0.036241559700620374,0.041484297376093285,-0.024573722588461355
2015-11-19,0.505388019654234,0.5835876096358713,0.0351978789075542,0.04064410951008646,-0.009690598419998198
2015-11-20,0.5085100150167509,0.5878344971973901,0.035380005583817764,0.04089907215007216,-0.01620171120999714
2015-11-23,0.5138912853628745,0.5928752836503306,0.035723664818906084,0.04121431617113852,-0.013648117489645006
2015-11-24,0.5178048969646379,0.5974641964014814,0.035959861865339775,0.04149194049346879,-0.01308336489637174
2015-11-25,0.5146855290365957,0.5936537617990406,0.03571357367737568,0.04119310951008645,-0.014693861634223593
2015-11-26,0.526135065788837,0.6037150060232628,0.03647723935396684,0.041855900144717795,-0.017795840943916286
2015-11-27,0.5744181542682647,0.6524622057315418,0.040211292381085166,0.045674650648360036,-0.02134305509452783
2015-11-30,0.575460094663874,0.6518019882227889,0.04024486343237853,0.04558384194528875,-0.022324783187354758
2015-12-01,0.5677075814352807,0.6484449795706434,0.03966937132516598,0.04531101137225171,-0.020382372910960456
2015-12-02,0.5316788583927751,0.607369335684418,0.03728419382380137,0.04259201899196495,-0.027260702445146667
2015-12-03,0.5275030574921373,0.5972264424645727,0.03696073956824017,0.04184607215007216,-0.032328561839176095
2015-12-04,0.5470226889983615,0.6212541315488731,0.03834349344690069,0.04354673800738007,-0.026687885837319958
2015-12-07,0.5448335638275374,0.6214871559575222,0.03815293455652058,0.04352073800738007,-0.02465542797957654
2015-12-08,0.5663992334269038,0.6443050052893802,0.03967003751404985,0.04512648009015777,-0.015972202365283628
2015-12-09,0.5642482493190344,0.6414307066215109,0.03948167526298657,0.04488229940119762,-0.01607644313051959
2015-12-10,0.5679032170468815,0.6469493432690107,0.0397006358199582,0.04522654477050414,-0.012563952554699331
2015-12-11,0.5741432281352344,0.6536672563089098,0.04010050707553532,0.04565478987150416,-0.022050635658881212
2015-12-14,0.5401936360756293,0.6055191578272108,0.03779756561781958,0.04236841860465117,-0.02867124782014563
2015-12-15,0.5475736851275405,0.6157994548124824,0.03827990022693081,0.04304944216691069,-0.007818245609300223
2015-12-16,0.5528047399609516,0.6193019025131818,0.038608801004834395,0.04325307326007326,-0.015482795458925058
2015-12-17,0.5367001811458296,0.6046699775741212,0.037492817283673256,0.04224105335255949,-0.02814569199060246
2015-12-18,0.5408718780629344,0.6101942309224871,0.03774814426355767,0.04258624046076313,-0.034573489229835164
2015-12-21,0.5246466895809936,0.5968734955412474,0.036663490194197026,0.041710861777150915,-0.031009679498315346
2015-12-22,0.5257369053404553,0.5996148283186765,0.036704369617825895,0.041862163495419304,-0.028626062889162807
2015-12-23,0.5311984758806763,0.6044691790415999,0.03705086844987755,0.042161468926553675,-0.019215388016485924
2015-12-24,0.5473703560468298,0.6192258446629647,0.03815554653183024,0.04316437722419928,-0.01804280015374582
2015-12-25,0.5453033973473588,0.6176386102782492,0.03797479843805199,0.0430122054015636,-0.014129864154633243
2015-12-28,0.5739948976112601,0.6445379474796248,0.040055681415989364,0.044978460247994165,-0.018027331022779203
2015-12-29,0.5644119424077513,0.6352384681889386,0.03935886303697271,0.044297900144717794,-0.00728723620698557
2015-12-30,0.5615596417827703,0.6299878653266389,0.039121914867350574,0.043889072150072164,0.007730737239185714
2015-12-31,0.5718101205711285,0.6393874963332006,0.03981041795689673,0.04451527272727272,-0.003861786171825865
2016-01-04,0.6283256026926803,0.6913148499310692,0.04447151053832925,0.048929751552795026,-0.013625927731888088
2016-01-05,0.623516002996592,0.6865788111384588,0.04408913089516039,0.04854833384972889,-0.008961623224798099
2016-01-06,0.6067214158518889,0.6672721092752885,0.042902923005969984,0.047184627376425856,-0.00999049968713217
2016-01-07,0.6768860007088328,0.7312301198293848,0.048622589122535816,0.052526277147487845,-0.015391512098822724
2016-01-08,0.6575754001618502,0.7097566309147197,0.04725333848555259,0.05100307936507936,-0.010374343601509572
2016-01-11,0.7105805670623689,0.7605471189660699,0.051458492248610974,0.055076946711074104,-0.008504041832053222
2016-01-12,0.7076791437905084,0.7595871391084822,0.05120702562372617,0.05496304142502072,0.002959938898136283
2016-01-13,0.7375419290936098,0.789627636385482,0.05338135821865646,0.05715118565400844,0.000477756820105979
2016-01-14,0.711029283939661,0.7661306231271003,0.051484733412724096,0.05547455186721992,0.007347756349554091
2016-01-15,0.746143587008545,0.8041155085285134,0.05416457199682595,0.05837290987124463,0.004368492884930353
2016-01-18,0.738731859600345,0.7997055106555969,0.05357712962065157,0.05799929331046312,0.0114733411188086
2016-01-19,0.7028557002346196,0.7620248388994116,0.05107005646657291,0.055369333333333326,0.0066196101205553415
2016-01-20,0.7179407537069675,0.7736176167317553,0.05215812865562572,0.05620303204047218,0.002966354973296781
2016-01-21,0.7529031954804434,0.805927502454493,0.05480627465616687,0.05866608658008658,0.0006986549575238588
2016-01-22,0.7443605494110354,0.7975814231762445,0.0541505918664317,0.058022293310463116,0.010937424313349098
2016-01-25,0.7281222273993516,0.7815709263946216,0.052922272615157306,0.05680709649871904,0.014167031462984703
2016-01-26,0.7911081334634742,0.8453095497127889,0.05814443541484056,0.06212810163339383,0.006063523365138934
2016-01-27,0.7908192953482616,0.8440028451218342,0.0580704997133312,0.06197581073703366,0.005923143742948334
2016-01-28,0.8239391451244169,0.8748990450594326,0.06058360319473384,0.06433064492078285,0.00966133908333977
2016-01-29,0.7903471096711858,0.8433700054357971,0.05825264982333052,0.06216071014492755,0.010779265042954123
2016-02-01,0.8097710900634577,0.8611237626800644,0.05967499799356382,0.06345936455463727,0.01014329044204798
2016-02-02,0.779365630006552,0.8322075828073803,0.05745762737994506,0.06135332551848513,0.01363402515953771
2016-02-03,0.7840781394356722,0.8404776679310131,0.05775420345229651,0.06190852134423251,0.012333210989609045
2016-02-04,0.7755526555108438,0.8314917480138188,0.0570982238798834,0.06121660682226212,0.007737460673562735
2016-02-05,0.7849284556594323,0.8400528725465534,0.05774395992211887,0.061799236675700094,0.004738071770049146
2016-02-15,0.7949498440415969,0.8530513589389486,0.05843291977574699,0.06270368123861567,0.004378575300342025
2016-02-16,0.7585480983798344,0.8151776694282518,0.05587031913347383,0.06004132979664013,-0.001825067803588598
2016-02-17,0.749939886027377,0.8055796077541714,0.05519628293384794,0.05929141893076249,0.0007109496916504199
2016-02-18,0.7545226979655667,0.8094504654372524,0.05548338125336778,0.05952246221441124,-0.0013251088783727827
2016-02-19,0.7577062926367437,0.8147345037730779,0.05566513138344584,0.0598547268722467,-0.0011886901200000022
2016-02-22,0.7305731715617999,0.784036944149097,0.0537025367041876,0.05763251979345956,-0.007041687489798942
2016-02-23,0.7416781330395245,0.7953847011584971,0.05448462017774114,0.058429973066898344,-0.007203732817810171
2016-02-24,0.7321933959091669,0.785816592044055,0.05374378537608628,0.05767978583765112,-0.007744215136886945
2016-02-25,0.7972017854127669,0.8476372382085127,0.05918003113591343,0.06292409157509157,-0.0130395313655155
2016-02-26,0.7872921581794651,0.8360968986053797,0.05840796343168525,0.06202871014492754,-0.013066521590003988
2016-02-29,0.8162351842476983,0.8584766350768291,0.06061214875726094,0.06374892250922509,-0.01721405547480559
2016-03-01,0.7943124483020916,0.8388647206911344,0.0589907813577083,0.062299521344232514,-0.018206303665986412
2016-03-02,0.741756318941977,0.7864448877427515,0.05532728620186261,0.05866058741258742,-0.01567300870168753
2016-03-03,0.7367546495257509,0.7807491492588599,0.05490345807929327,0.05818195815170009,-0.01219444053632912
2016-03-04,0.725178607726143,0.7617797960200736,0.05401172509061155,0.056737802913453296,-0.018577345481763485
2016-03-07,0.7174524430730772,0.7557810179514529,0.05338804156169598,0.05624019931565441,-0.01708254532055742
2016-03-08,0.7167157111347212,0.755826973905959,0.05328351165996219,0.0561911993156544,-0.019452061605870985
2016-03-09,0.7359821377992659,0.7718317030902972,0.054689367150819845,0.05735327696289906,-0.02551102314372289
2016-03-10,0.7617056237165596,0.797783029398795,0.05661618026705913,0.05929774758135445,-0.028934584969058097
2016-03-11,0.7587098616334701,0.7980978779382073,0.05634136637178138,0.05926629824561403,-0.03334422336169218
2016-03-14,0.7454215548538593,0.7832282542772251,0.05534413827968142,0.05815111265164645,-0.02665240685999204
2016-03-15,0.74437126540389,0.7822588414823298,0.055215997575002174,0.05802642350907519,-0.022003921652206992
2016-03-16,0.7444374610549704,0.7796480220077178,0.05517331090784417,0.05778290987124463,-0.029095571877972626
2016-03-17,0.7314998613049736,0.7698581482801745,0.05418360345205453,0.057024875638841566,-0.023934663922510646
2016-03-18,0.7141950888652989,0.7622042344985451,0.05288968965903096,0.0564450050804403,-0.012328784710542884
2016-03-21,0.6867291512633678,0.739611983686428,0.05090080972471524,0.0548205195344971,-0.008970900737161003
2016-03-22,0.6953649060046001,0.7486308162257211,0.05150290062782645,0.05544809380234507,-0.01231896281335454
2016-03-23,0.6927924394607935,0.7454853120029153,0.05126621396522986,0.05516545409015025,-0.01212457149531121
2016-03-24,0.7113602191236621,0.7578286200983567,0.052640532090137235,0.056079185654008434,-0.01875382472258391
2016-03-25,0.706745874807023,0.7536547850383977,0.05225433178133529,0.05572261344537814,-0.019911566108065548
2016-03-28,0.7123565650064417,0.7589958388759303,0.052634675240815706,0.05608076271186441,-0.024474495665896656
2016-03-29,0.727162223884933,0.7732821709611598,0.05370050710156884,0.05710643835616438,-0.018552462964337102
2016-03-30,0.7006916891431136,0.7549384181328701,0.05180258851264806,0.05581308417508417,-0.009048857881061134
2016-03-31,0.7002373510667411,0.7510363419795456,0.051721463750552685,0.055473617449664434,-0.01755023212189366
2016-04-01,0.6998156719535107,0.7497797012600154,0.05164299154600735,0.05533009380234506,-0.0072169054241193464
2016-04-05,0.6833081811975696,0.7349403862658753,0.05040438030836166,0.05421304142502071,0.0007003065047257451
2016-04-06,0.6857917102794228,0.7386310634303095,0.05054230140260584,0.054436519534497095,0.002265651551976555
2016-04-07,0.6974788986230195,0.7490910265008132,0.05139394309919276,0.05519699831508003,-0.0030057465144616158
2016-04-08,0.7048672592785449,0.7568959834288294,0.05190067280479668,0.05573164346349746,-0.005023678673996335
2016-04-11,0.6911637728125084,0.7416595997683351,0.05087418448731828,0.05459100836820085,-0.005729893904835026
2016-04-12,0.6958001684117732,0.7440851941891875,0.05117126853027994,0.05472229673093043,-0.011924916962496868
2016-04-13,0.6796357416453885,0.7232504352874266,0.04996292828403174,0.05316923083264633,-0.0122250865375082
2016-04-14,0.6746216433222025,0.7190819635559874,0.0495516149864199,0.052817268693508626,-0.008524663646363506
2016-04-15,0.6793951644935246,0.7233914456197093,0.04985718955867052,0.05308584210526317,-0.010651703579439675
2016-04-18,0.6958750260007136,0.7380933695871374,0.051050472307975284,0.0541476755407654,-0.01299337818711721
2016-04-19,0.6932519964142003,0.7376275370393056,0.05081294755467328,0.05406551953449709,-0.007013954330205463
2016-04-20,0.7103700048962401,0.7520657498712243,0.052073678743746035,0.05513018565400843,-0.01241035227393461
2016-04-21,0.7190520739093308,0.7601670843548191,0.0526700011551927,0.055681643463497466,-0.0037661361566748708
2016-04-22,0.7134510733266597,0.7545323212791815,0.05221524608849755,0.05522185376162299,-0.0038197605905664345
2016-04-25,0.7181426557715422,0.7573831468330691,0.05251429558055043,0.055383762711864404,-0.003663441471234874
2016-04-26,0.7150108850192952,0.7512823993986416,0.052242118806396426,0.054892289318755255,-0.008128685398647972
2016-04-27,0.7218768551323246,0.759182224501876,0.05269943642601747,0.05542285376162299,-0.012760208218992819
2016-04-28,0.7278741598287516,0.7632180598645246,0.053089928576118245,0.05566785376162299,-0.017636810756929355
2016-04-29,0.7147629611730131,0.7506073990663328,0.052086947115060976,0.05469904013377926,-0.031240632503870436
2016-05-03,0.6986714791794035,0.732003754068947,0.050917658380920924,0.053346842105263165,-0.0295388740880016
2016-05-04,0.7110456700917265,0.7344202287098381,0.051773262574077855,0.053475230832646325,-0.015444646344108581
2016-05-05,0.709676411228021,0.7324989298679094,0.05162724367835804,0.05328752674897119,-0.0009247158310913273
2016-05-06,0.7336304512135705,0.7583135403027299,0.053432263082420176,0.055229998315080034,-0.021339117211672587
2016-05-09,0.7403360213631197,0.7855401683725853,0.0539465967379367,0.057240519793459566,-0.03827538590517565
2016-05-10,0.7361219187451105,0.7817129235415571,0.05359151392229557,0.0569106529209622,-0.03863477794447956
2016-05-11,0.7293506311216307,0.7762906729065688,0.05305373134907089,0.0564681993156544,-0.03991513052936113
2016-05-12,0.7264555164062763,0.7763422810619365,0.05279648455142129,0.05642209649871904,-0.04245591590285669
2016-05-13,0.7242445884363565,0.780979470202642,0.05259331050257842,0.05671329331046312,-0.048038999539935845
2016-05-16,0.7153512930216419,0.7714281996049834,0.051907430763844985,0.05597649190110827,-0.04773008714009819
2016-05-17,0.7131055315690786,0.7737586547081678,0.05169977689398329,0.05609709649871904,-0.05149261257145543
2016-05-18,0.7158566992089499,0.7780013096278496,0.05185871857280098,0.0563606529209622,-0.05240251581259647
2016-05-19,0.7158167608357967,0.7800367326463342,0.051810322602411946,0.05645851979345956,-0.054012051359973334
2016-05-20,0.7146437497839658,0.7769614389696722,0.05168299150977518,0.056189802913453296,-0.05259448908092379
2016-05-23,0.7093258544426849,0.7728914232964312,0.051254016085650965,0.055847096498719044,-0.05378497163702711
2016-05-24,0.7145455340269407,0.7833064839139147,0.05159559224427791,0.0565606529209622,-0.05779330627660495
2016-05-25,0.7148025850728774,0.7853383316789085,0.05156878249607827,0.056657519793459565,-0.05913112739557047
2016-05-26,0.7010249871982124,0.7829574683048134,0.05053018151888482,0.05643590987124464,-0.0688017353049919
2016-05-27,0.698223334616394,0.7839797680212914,0.050283755706164904,0.056459652920962194,-0.07188744358024046
2016-05-30,0.6918432506152271,0.776066318602108,0.0497803209108411,0.05584043835616438,-0.07078217176137613
2016-05-31,0.6593936136509382,0.7375468560464544,0.04756762554689582,0.053205478405315615,-0.06787974841537436
2016-06-01,0.6622378026283138,0.7406154138870285,0.04773211065443555,0.05338133333333333,-0.06779067214677337
2016-06-02,0.6627099099934111,0.7369081087215404,0.04772436897484253,0.0530676755407654,-0.06422654492239277
2016-06-03,0.6675405156862954,0.7304152108140577,0.04803649641887538,0.052560985938792396,-0.054701078295796735
2016-06-06,0.6659795903013037,0.7344928531650136,0.04788303061206031,0.052809041425020714,-0.05945695051243194
2016-06-07,0.6658589255468492,0.7347213526247869,0.04783227775959879,0.05277904142502071,-0.05970743744164253
2016-06-08,0.6660335644180049,0.7400517126890059,0.04780497655422914,0.0531176755407654,-0.0638586418181658
2016-06-13,0.675296174344347,0.7634055451130735,0.04857306538976466,0.054910643463497465,-0.07465666970857232
2016-06-14,0.6823052615678119,0.7645834029684428,0.04903527992695929,0.05494836886632826,-0.06989271126334118
2016-06-15,0.6765157368929611,0.7537283937702672,0.04860111133243034,0.05414809380234507,-0.06623097069078177
2016-06-16,0.6971626960515599,0.7642317169408555,0.05004733684870433,0.054862032040472186,-0.05710228497436687
2016-06-17,0.6960753033728272,0.7609636538900025,0.049929603500725325,0.05458405625524769,-0.055434532306361306
2016-06-20,0.6858351701153257,0.7582427703921688,0.04915203143772696,0.05434129673093043,-0.061907934947917354
2016-06-21,0.6851703886681022,0.761920036944406,0.04906231992440936,0.05455805625524769,-0.06545421970028442
2016-06-22,0.6790309615656293,0.754009849384994,0.04859145731086949,0.05395694671107411,-0.06443952769645733
2016-06-23,0.7057123475223978,0.7594818133231295,0.05046037532804244,0.054305040133779264,-0.04598219107661217
2016-06-24,0.7300452774702295,0.7826563598235339,0.05217756041649553,0.0559377627118644,-0.04437038708535268
2016-06-27,0.7279158836314654,0.7759436613934705,0.052010452186744535,0.05544209380234506,-0.04097380089027025
2016-06-28,0.7202044262029483,0.7664924570115986,0.051418623265916404,0.054723333333333325,-0.03965652080900317
2016-06-29,0.7164515600278959,0.7616386451130442,0.051109244944392895,0.05433273963515754,-0.03887534597062159
2016-06-30,0.7258621329366207,0.7666876684589593,0.05173564822080833,0.05464547840531562,-0.03503435542146782
2016-07-01,0.7341856231995858,0.7716242590668657,0.0522834404285841,0.05494955186721992,-0.03212664283556166
2016-07-04,0.7138819235731191,0.7488072539170052,0.05083180272435434,0.053318653061224484,-0.03046391662665926
2016-07-05,0.7163470047131216,0.7438406489839879,0.05096323815761572,0.052919224755700336,-0.024019515424479
2016-07-06,0.7322181911754846,0.7447002652671136,0.05204854497441842,0.05293581300813008,-0.007763033184240431
2016-07-07,0.737457048681672,0.7514190954605545,0.052375613425885044,0.053367224755700333,-0.01114012031071332
2016-07-08,0.7433217173230128,0.7631044119568957,0.052749401069099186,0.05415326869350863,-0.007896308621258563
2016-07-11,0.7362925482306526,0.7526159849579711,0.052207230743428715,0.05336465306122448,0.007315061277796131
2016-07-12,0.7103127573293267,0.7259735420177522,0.05039314985430182,0.05150420447284344,0.0073825145163350925
2016-07-13,0.7037368216922985,0.7202942407501007,0.049886766146494135,0.05106049482895783,0.025255294021353958
2016-07-14,0.7079400577030268,0.7267878782152305,0.050142243971360176,0.051477204472843444,0.0531170732480144
2016-07-15,0.7099667568636883,0.7273665409180241,0.05024247964374251,0.05147381658692185,0.0597904091581869
2016-07-18,0.7155347008209383,0.7306471721507983,0.050596427842432984,0.051665051159072745,0.04594366816045303
2016-07-19,0.7215838454754617,0.7368236938881598,0.05098305977719618,0.05205982182985554,0.03203721706898843
2016-07-20,0.7288241028021558,0.7448548704131722,0.05145246053609844,0.05258417727639001,0.01324260617836881
2016-07-21,0.7271053900256141,0.7444777331512379,0.05128984412039883,0.05251528514056225,0.011304963252704026
2016-07-22,0.7356859286520215,0.7499535620640712,0.05186263854577128,0.05286844426494346,0.027317094904999895
2016-07-25,0.7318738344389513,0.7446113791594094,0.05155011875886119,0.052447297906602255,0.018138006177712773
2016-07-26,0.7211282400730277,0.7343950992979491,0.05077078573387605,0.051704834394904454,0.005437407763256408
2016-07-27,0.7382853160081159,0.7482740119756732,0.051974961488060724,0.05267816129032258,0.0016376864268330404
2016-07-28,0.7395026593254768,0.7512606040840069,0.052016202951652296,0.05284325020177562,0.00028582523733078347
2016-07-29,0.745778522222122,0.7532523993551621,0.05241694968697677,0.05294225020177562,-0.006508473378357804
2016-08-01,0.7359067375663201,0.7556200155891911,0.05169145172136975,0.053076148867313926,-0.01711485672387003
2016-08-02,0.7314184563373272,0.7521342272999177,0.05133425090221602,0.052788177276390014,-0.018043226303499194
2016-08-03,0.7341411277191049,0.7538284616925808,0.05148160412017267,0.05286217727639001,-0.017132912868657035
2016-08-04,0.7303276053192552,0.7538776713878961,0.05117123569791299,0.052821297906602255,-0.02049377263192098
2016-08-05,0.7269662675618284,0.7568017952411098,0.05089260706295397,0.05298129790660225,-0.025941540278111686
2016-08-08,0.7271423662486174,0.7489662552314674,0.05087333161694882,0.05240020447284345,-0.019116448155800825
2016-08-09,0.7201596631973868,0.7463113595655557,0.050348787970593945,0.052177141157811274,-0.02305553369081037
2016-08-10,0.7251731934860454,0.7530145716632871,0.050659536936415644,0.052604494828957835,-0.024448120709255172
2016-08-11,0.7177423347216676,0.7547050050700462,0.05009944727607171,0.05267949482895784,-0.03243119773977843
2016-08-12,0.7010274796749711,0.7365588321730707,0.048943323384567125,0.051424,-0.03175266067754079
2016-08-15,0.6764896827752417,0.7097660816922385,0.047317107835445696,0.04964462737642586,-0.030606881963889276
2016-08-16,0.6837323567948556,0.7159152607410919,0.047786817490154704,0.050036116564417185,-0.029330859928382802
2016-08-17,0.6801758693874326,0.7146186083077972,0.047498677933048274,0.04990391551459294,-0.03131619331171143
2016-08-18,0.6866244973706412,0.7208797997851732,0.04790980939709875,0.050300002313030064,-0.0310008021196293
2016-08-19,0.6836505767975658,0.7177673290511777,0.047662084012578654,0.05004060246533128,-0.030873169516729138
2016-08-22,0.6859040782092799,0.726207037268755,0.04779027737796477,0.05059838080495357,-0.03628069627669517
2016-08-23,0.6732104659108247,0.7176388194239077,0.04686654791480084,0.04995949382716049,-0.040084579024180944
2016-08-24,0.6715558680421102,0.721070389742041,0.0467140571949584,0.050158333849728884,-0.04446561161308715
2016-08-25,0.6868790360336026,0.7273488658936,0.047746357557474306,0.050559497667185066,-0.03617698181088047
2016-08-26,0.6627849200128795,0.7224077642569477,0.04603296608249021,0.05017400231303006,-0.053709239910102013
2016-08-29,0.6503651294764756,0.7142290680145751,0.04513247635588085,0.04956435249042145,-0.05783598355575492
2016-08-30,0.6300623259190982,0.697248711984609,0.043686993129053706,0.04834553414264037,-0.06139957055907219
2016-08-31,0.6244365077169391,0.6918376340726506,0.04326316261674261,0.04793295026375283,-0.0619680820758256
2016-09-01,0.6241675761117738,0.698482258928462,0.0432174521196768,0.0483630113722517,-0.06786992654146295
2016-09-02,0.6287857466802451,0.696555951623739,0.04350230870693281,0.04819096520423599,-0.061984038894348226
2016-09-05,0.6188399892067328,0.6947429642688251,0.04277873365987475,0.04802570090634441,-0.06946984634325815
2016-09-06,0.6188378825731888,0.6893116838988044,0.04274832768619685,0.04761654477050414,-0.064698605050444
2016-09-07,0.6065375549360408,0.6866251505993785,0.04186381996734495,0.04739154477050414,-0.07346346263398551
2016-09-08,0.6251775083865101,0.6894680426493265,0.043114497523253914,0.047548204819277115,-0.05887963289118803
2016-09-09,0.6431948284618069,0.6968213123245934,0.04432649744786875,0.0480222271006813,-0.04882058871365391
2016-09-12,0.6457400736023642,0.7110678416118297,0.044504661309967955,0.04900707692307693,-0.05853140297041659
2016-09-13,0.6477313072132137,0.7171825096798623,0.0446049588120537,0.049387602465331276,-0.06207871461954284
2016-09-14,0.6551216850848202,0.7265767879039267,0.04508322425420095,0.05000051900698215,-0.06338392936334969
2016-09-19,0.6502410818005673,0.7197320488524768,0.044717105678622984,0.04949600231303006,-0.06198228934825978
2016-09-20,0.6527889004481525,0.7245841053632387,0.0448557410137075,0.04978907722007722,-0.06388670387248796
2016-09-21,0.6563544176765281,0.7221692448422812,0.04506425999480257,0.04958300231303006,-0.058608087867410674
2016-09-22,0.6620371017380408,0.7158175114268022,0.04542369638832391,0.04911367840735068,-0.048191165168489536
2016-09-23,0.6557091931854853,0.720937070995471,0.044955900011169087,0.049427970836531096,-0.05827108285446703
2016-09-26,0.6754098527507655,0.7407016372378642,0.04630866949603485,0.0507853226812159,-0.05743546036587288
2016-09-27,0.667392485604858,0.7352509934127621,0.04572608574381558,0.05037537984496124,-0.059975893904778976
2016-09-28,0.6663349834028371,0.738776657442444,0.0456176192009968,0.05057701167315175,-0.06372819326719126
2016-09-29,0.6607065254208528,0.733510925586662,0.04519699809000277,0.05017733384972889,-0.06429613465806427
2016-09-30,0.6598028770859174,0.7327015119575889,0.04509876228197707,0.05008152049497293,-0.0644270636940365
2016-10-10,0.6539925833287246,0.7268006324767369,0.044684529905249994,0.04965919404125286,-0.06511835354027762
2016-10-11,0.654657032275925,0.7216503607721303,0.044694733414105375,0.049268500761035006,-0.060099302938655286
2016-10-12,0.650543737579132,0.7209286283590074,0.04437819846112148,0.04917965064836004,-0.06294703817469738
2016-10-13,0.652508584665571,0.7228117700371685,0.04447570768349015,0.049267650648360035,-0.0628223722694442
2016-10-14,0.6501284736932716,0.7225501811891228,0.044277163648016975,0.04920946230007616,-0.06476108130153713
2016-10-17,0.6566210205781968,0.7322622808861357,0.044693392808253574,0.049841970836531094,-0.06708597170845598
2016-10-18,0.6410369178321216,0.7170743125621749,0.04361869032090683,0.04879257575757576,-0.06829528776402982
2016-10-19,0.6433789966594544,0.7229251486812891,0.043742742162395064,0.0491510113722517,-0.07133507087800917
2016-10-20,0.6451072056137118,0.7256656931729998,0.04382439124606523,0.0492970113722517,-0.07218385946439965
2016-10-21,0.6433407680299097,0.723016266622543,0.043669398949654784,0.049077700906344404,-0.07160591790657078
2016-10-24,0.6256678972310303,0.7079015308504423,0.04245222687787701,0.048031865671641784,-0.074767159836448
2016-10-25,0.6275496941687005,0.7078805656311333,0.04254520709313216,0.04799129940119761,-0.07275979323575421
2016-10-26,0.6290785993618256,0.7092060840683498,0.042616378525444865,0.04804454477050414,-0.0721403293968379
2016-10-27,0.6343506850516504,0.7159105843164879,0.04293983004507834,0.04846070090634441,-0.07309633020316275
2016-10-28,0.6633243793787219,0.7264454521368898,0.044865153488721464,0.049134462300076155,-0.056056024693087014
2016-10-31,0.6716565687071455,0.7324113170484355,0.045392128343584276,0.04949807692307692,-0.05337733153340418
2016-11-01,0.6637501726095792,0.7275561942515241,0.04482690299891681,0.04913609410864575,-0.05632112780415732
2016-11-02,0.6728941249535186,0.7367875104609612,0.04541655907726041,0.04972900231303006,-0.055932388767932384
2016-11-03,0.6661225426550138,0.728640797600821,0.04493433316931096,0.049151599388379194,-0.05516184214541242
2016-11-04,0.6720475433696276,0.7321172978654218,0.04529913526661525,0.04934811656441718,-0.05279871612333731
2016-11-07,0.6739145172786757,0.7298185907257692,0.04538820775073653,0.04915335249042145,-0.049135138852888116
2016-11-08,0.6885460727652462,0.7228019096966963,0.04633827632379595,0.048643650648360036,-0.03022345739503518
2016-11-09,0.7001876733553539,0.7300240665997685,0.04708843855462362,0.049094970836531096,-0.0261451156332545
2016-11-10,0.6807449978386217,0.7132733827254415,0.04575996254982208,0.04794653414264036,-0.028819013593344822
2016-11-11,0.6664491648873634,0.7018918838248192,0.04477025849622611,0.04715120481927712,-0.031618967170117473
2016-11-14,0.6553279041342168,0.6901910332824172,0.043989164649941466,0.046329367041198506,-0.031241701923281573
2016-11-15,0.6569178580885359,0.6943954495062092,0.044060400543421765,0.04657407507507508,-0.033482144761622035
2016-11-16,0.6602984853419832,0.6927012544632226,0.04425152395709528,0.04642307507507508,-0.028925060891490828
2016-11-17,0.6519133374653278,0.6855547973666206,0.04365475068063923,0.04590751874062969,-0.030051925920272615
2016-11-18,0.6584046641883905,0.6942421173333008,0.04405879731859903,0.046456950263752836,-0.031823489582191056
2016-11-21,0.646837114783934,0.6853607330826087,0.0432554387822703,0.04583159895444361,-0.03449478470540068
2016-11-22,0.6397809939731844,0.6782936379437919,0.04275645175359737,0.04533024500370097,-0.0347719468088995
2016-11-23,0.6414354657854617,0.6807597291697474,0.042832888830564464,0.04545883000739098,-0.03552898412246264
2016-11-24,0.644713949827541,0.6788800863383431,0.043018979184470854,0.045298738007380074,-0.03089073205041981
2016-11-25,0.6345184541569648,0.6657260951557773,0.04231484021204419,0.04439601899196494,-0.028491337497115188
2016-11-28,0.624528431132482,0.6620874551089468,0.041616813789183624,0.044119641249092234,-0.034463934122941575
2016-11-29,0.6093731997263507,0.6477892167445821,0.04058176006821654,0.043140109510086455,-0.03550989025315432
2016-11-30,0.6164961546757884,0.6510596399667701,0.041030842493446185,0.04333121194464676,-0.031584072564983856
2016-12-01,0.6028010184818551,0.6376820266264096,0.04009357029505732,0.04241357989877079,-0.032085732819357116
2016-12-02,0.6044194076302083,0.6442722447418117,0.04018279092505131,0.04283227272727272,-0.03643037478054423
2016-12-05,0.611340382598072,0.6534058423304536,0.04064742158325907,0.043444312684365785,-0.037925843331007236
2016-12-06,0.6081652608606052,0.6460580814597543,0.040405535183796776,0.04292307407407407,-0.03398677501874359
2016-12-07,0.6112070018441056,0.6465452997725746,0.040577650513677926,0.04292373800738007,-0.031789485539663986
2016-12-08,0.6098485237007325,0.6505650294257908,0.040455800538250514,0.043156830007390984,-0.036544928717470615
2016-12-09,0.5956811270968017,0.6380767957527455,0.03948936247872449,0.042299889539136784,-0.038419904915836134
2016-12-12,0.6126885240182597,0.6530328645437854,0.04065900003289433,0.04333631563201197,-0.03579570956020306
2016-12-13,0.6086805962470776,0.6508228790082542,0.04036132001908378,0.043155754688672165,-0.037249814145613236
2016-12-14,0.604298598671758,0.6523122375386012,0.04004691381954988,0.043228781297134235,-0.04219156275276836
2016-12-15,0.608096496578477,0.6529450156554647,0.04028366519305477,0.04325467840735068,-0.03880143257870461
2016-12-16,0.6183846520948886,0.6611938263987188,0.04093299289814856,0.043766678407350684,-0.03700793275017966
2016-12-19,0.610298807236532,0.6574571282003326,0.040369526967055785,0.04348891551459294,-0.04061443888893368
2016-12-20,0.6109643564549281,0.6586797965335419,0.04038661591845467,0.043540752704791345,-0.04081453001519664
2016-12-21,0.6218017624051182,0.6596389418964961,0.04107947232638905,0.043579194041252864,-0.03272135724756764
2016-12-22,0.6303298439255333,0.6730125519614586,0.04161024521378636,0.04442787786259542,-0.03691098769939871
2016-12-23,0.6405076643295191,0.6834957587465559,0.04225872837522925,0.04509495080707148,-0.03689925383826764
2016-12-26,0.6373995834807461,0.682843549902253,0.04202263735200628,0.04501867840735068,-0.039128296182797895
2016-12-27,0.6395949864143333,0.6857730254094643,0.0421348282801658,0.04517691551459294,-0.03960797579224129
2016-12-28,0.6442898779820477,0.6969152149258299,0.04241367081570757,0.04587800231303006,-0.04493237952027285
2016-12-29,0.6542289686590027,0.7097939691176426,0.04303448708042121,0.04668949382716049,-0.04736888743774115
2016-12-30,0.6580382662215927,0.712132045651335,0.043252520332035596,0.046808076923076924,-0.046222235683537116
2017-01-03,0.6347213118711611,0.686619301727147,0.04169802330675043,0.04510746230007616,-0.044765933982366723
2017-01-04,0.6159368527885929,0.6674349175335443,0.04043889636002791,0.04381996520423599,-0.04469773012043088
2017-01-05,0.6092286242545961,0.6604700805814493,0.039967190939281416,0.04332878129713423,-0.04457468814512844
2017-01-06,0.6104479099558823,0.6664151666257946,0.04002076975530041,0.04368996520423599,-0.04850676383492858
2017-01-09,0.6124515000636431,0.6656645767950647,0.0401230947825718,0.04360920481927712,-0.04629554128744673
2017-01-10,0.6141298542355743,0.6663836242223359,0.040202146849906695,0.04362278129713423,-0.04535761277023731
2017-01-11,0.6242476099615666,0.6697683534523484,0.04083947953342447,0.04381753414264036,-0.03925075974946546
2017-01-12,0.6278301509607881,0.6763180649416757,0.041045516830903225,0.044215500761035004,-0.04165358884193171
2017-01-13,0.6230991322341609,0.6721404813284152,0.04070447674402589,0.04390814426727411,-0.0421923012811789
2017-01-16,0.6152597824646954,0.6601267225289951,0.04016109913142715,0.043089789871504164,-0.03874657849121865
2017-01-17,0.6124180614844379,0.6558811123543785,0.03994483039057914,0.042779698113207545,-0.03756199732482646
2017-01-18,0.6147398915566026,0.6530356209360755,0.04006656500465844,0.04256254477050414,-0.033171571088089435
2017-01-19,0.6175161875549007,0.6585127965708075,0.040217666186272386,0.04288769811320754,-0.03537792303189091
2017-01-20,0.6156547579256083,0.6541730828021457,0.04007167766417665,0.042578754688672164,-0.033419336736525085
2017-01-23,0.6183555285822105,0.6565727395536864,0.040216891529596815,0.04270248009015777,-0.033083183741066335
2017-01-24,0.6028689476267992,0.6464771863084846,0.039179284486372305,0.042013299401197614,-0.037862439262066006
2017-01-25,0.5858853312519693,0.6330236779088746,0.03804707675594556,0.04110821551081282,-0.041049870702769775
2017-01-26,0.578394123642739,0.6274968073672703,0.03753264767831681,0.040718976261127596,-0.04295170929628944
2017-02-03,0.5781464079429907,0.6240197322844516,0.03749364628958866,0.04046859895444361,-0.03983461618240769
2017-02-06,0.5694390039110451,0.6112540012898395,0.036900941436348984,0.03961064828614009,-0.036364265924196615
2017-02-07,0.5736338971928173,0.6157559895140374,0.03714485853066491,0.03987241554559042,-0.036494712859703404
2017-02-08,0.5750554114368601,0.6161384100070806,0.03721075983478615,0.039869163812360386,-0.03570236541882188
2017-02-09,0.5798549432313048,0.6191719897690487,0.037493716004119035,0.04003597626112759,-0.03426966826447542
2017-02-10,0.5717962300998197,0.6102734843885823,0.03694653546634681,0.03943273800738008,-0.03368804443100071
2017-02-13,0.5704417181287703,0.6058564856551357,0.0368349561887259,0.039121782991202336,-0.03119231758577856
2017-02-14,0.5764391913475841,0.611820079622406,0.03719363332948544,0.03947651729212656,-0.031024393052292765
2017-02-15,0.5766019327498366,0.6138532463086303,0.03717783215862039,0.03957970250368188,-0.0326173992859351
2017-02-16,0.5818185693507798,0.6186635090658714,0.03748840351010916,0.03986243906020558,-0.0323343641923135
2017-02-17,0.592817410524384,0.6313548032165938,0.03817204006696621,0.04065349704142012,-0.03354929829461706
2017-02-20,0.5853891259737954,0.6232881359245586,0.0376875116470446,0.040127460247994164,-0.03345169531901848
2017-02-21,0.5791478293376577,0.6165066322445121,0.037258033072101446,0.039661418604651166,-0.03307058492788428
2017-02-22,0.5771151661275004,0.6172219076669924,0.037099105895564304,0.03967731617113852,-0.03555351970016829
2017-02-23,0.5831831206631911,0.624524155172353,0.03746347843658684,0.04011921194464676,-0.03646322106566258
2017-02-24,0.5840451230679493,0.6235101507673748,0.03749017836738648,0.040023460247994164,-0.03473129458313129
2017-02-27,0.5994919796175394,0.6362859859501824,0.038460445777720516,0.040820967575534266,-0.03203228079633269
2017-02-28,0.5958518067466054,0.6342962240112209,0.03819797986839361,0.04066251729212656,-0.03349306358853088
2017-03-01,0.5932026435020356,0.6287658629811209,0.03799930711722005,0.04027741176470588,-0.030982223205807347
2017-03-02,0.5939058609683818,0.6314820951328471,0.03802123839585815,0.04042683000739099,-0.03254765450403929
2017-03-03,0.6000406063014381,0.6356907057303463,0.038385461549162274,0.04066604974016332,-0.030719522932784016
2017-03-06,0.604504794794572,0.6320307809154099,0.03864457329026955,0.04040424500370097,-0.023773164848458372
2017-03-07,0.6027208659766873,0.6295003986876774,0.038501577456820264,0.04021224372230429,-0.02316242123465362
2017-03-08,0.5962086257725417,0.6204426127678456,0.03805706861108959,0.03960396757553427,-0.02099141894751433
2017-03-09,0.6003532061025777,0.6275543989663097,0.038297756637168584,0.04003297626112759,-0.023390760530967558
2017-03-10,0.6004290869992068,0.6288164038061527,0.0382735386894412,0.04008304974016332,-0.024374113853227186
2017-03-13,0.5973937949615639,0.6245092730137408,0.03805920940610006,0.03978670250368189,-0.02345935626516127
2017-03-14,0.6070161856580336,0.628091670063867,0.038643024187835814,0.039984702503681885,-0.018219991529189627
2017-03-15,0.6063955827572641,0.628888241910838,0.0385745882397059,0.04000541176470589,-0.019459199939999783
2017-03-16,0.6067057831914487,0.6301162630413558,0.03856770767504719,0.04005588953913679,-0.020343446082105032
2017-03-17,0.6199042276781132,0.6410053233003694,0.039390421989073485,0.040731243722304286,-0.01815472626794512
2017-03-20,0.6215373526107342,0.6412212176808273,0.039464419702507685,0.04071424372230429,-0.016922617228046
2017-03-21,0.6184614659475677,0.6365327157859331,0.039241779295589814,0.04038841176470589,-0.015594201579978484
2017-03-22,0.6259675756187879,0.6458392389330914,0.03969122655954538,0.04095124500370097,-0.017022849180541755
2017-03-23,0.6237175980835099,0.6433965971514559,0.03951984207600232,0.04076673800738007,-0.016895439870168505
2017-03-24,0.6315801392657946,0.6457566025684008,0.039994716668540736,0.04089243906020558,-0.012226978974475111
2017-03-27,0.6391934054244153,0.6543036023551964,0.040448072498178216,0.041404243722304286,-0.012946558374667072
2017-03-28,0.6320646271493752,0.6563420843292304,0.03996782928826642,0.04150298443291327,-0.02070924290128595
2017-03-29,0.6152211176726479,0.6514064214380307,0.038873812589401396,0.041160243722304285,-0.030958277539505086
2017-03-30,0.6197111160439486,0.6573639172609734,0.03913685974657036,0.0415147619047619,-0.03195900500609439
2017-03-31,0.6175114499051149,0.6535470648088373,0.03897182678316398,0.041246074074074074,-0.030702338427286313
2017-04-05,0.5990643153377972,0.6305183608683783,0.03779961750198723,0.039784297376093285,-0.027229807872735323
2017-04-06,0.5968444902642412,0.6283464292984534,0.037632023814409846,0.039618272727272724,-0.027310922551864736
2017-04-07,0.594592015677606,0.6277379288799093,0.03746197438610196,0.039550316171138515,-0.028798233215654112
2017-04-10,0.593554439199903,0.6275134956531656,0.0373703472690252,0.039508418604651166,-0.029419861578213302
2017-04-11,0.5796896705072414,0.6230991723283652,0.03647118653757078,0.03920229616220129,-0.037716623916147496
2017-04-12,0.5811531096613523,0.6232090140314352,0.03653673922686799,0.03918076811594203,-0.036487598669221466
2017-04-13,0.5863562725939946,0.6255117569123698,0.03683646425851572,0.03929631617113852,-0.033921357875068225
2017-04-14,0.5821045306191664,0.6265488052509487,0.0365498424944382,0.03934046024799416,-0.038259369401252186
2017-04-17,0.576691736129078,0.6214664054209635,0.03618357640713049,0.038992889539136794,-0.03840331051452617
2017-04-18,0.5879782431052673,0.6302749722152703,0.03686742671079179,0.039519517292126556,-0.0360419110003396
2017-04-19,0.5993399232115728,0.6393807794599604,0.03755500028301301,0.04006398443291327,-0.033846196182154564
2017-04-20,0.5976360272570278,0.6344023139695179,0.03742229508601475,0.03972449704142012,-0.031125770437080647
2017-04-21,0.5875614595521603,0.6245389505164476,0.03676425248741667,0.03907796757553427,-0.03139711374575582
2017-04-24,0.5924985121253048,0.6283914919576105,0.03705825240014574,0.03930320505200594,-0.030217062694038233
2017-04-25,0.6016694981165547,0.6356149104479809,0.037604602193598013,0.03972620505200594,-0.0285567744741706
2017-04-26,0.6046249639504638,0.6368697507518851,0.03776138196593443,0.03977520505200594,-0.027106058738522343
2017-04-27,0.6150886300840734,0.641290761646208,0.03838642670422457,0.04002164828614009,-0.02194467362930619
2017-04-28,0.6557925102702863,0.670023838812314,0.04089709311256204,0.041784599388379196,-0.0007496166541737237
2017-05-02,0.6578132058151203,0.6862915519454559,0.040994978447725886,0.04276975155279503,0.013685105571933809
2017-05-03,0.6575931608578982,0.6860151938091477,0.040953269049764984,0.0427233226812159,0.014177709001689465
2017-05-04,0.6565641299255592,0.6836710198327226,0.040860064894110336,0.042547012490242,0.0128052468715254
2017-05-05,0.6638073415798671,0.6877931984939665,0.04128608438300796,0.04277790595611286,0.011786056218261898
2017-05-08,0.665813306641373,0.6849128315730463,0.04138712097440204,0.04257435220125786,0.01004384350154508
2017-05-09,0.6637167947957977,0.6838467046146302,0.04122683509980525,0.042477206461780936,0.009940064032800455
2017-05-10,0.6598921607965782,0.6790642074760148,0.04096132172133639,0.042151383399209486,0.010757678999672393
2017-05-11,0.6612316730540378,0.6785622787821857,0.04101787429764493,0.04209293563579278,0.02160819503930167
2017-05-12,0.6487604461948859,0.6641137344028011,0.04022317322624375,0.04117507770007771,0.01889581757810732
2017-05-15,0.6510145259201034,0.6675475388781097,0.04033499571252106,0.04135933384972889,0.018736670170956593
2017-05-16,0.6387144023578106,0.6620158991823039,0.03955214108690675,0.04099507722007722,0.024777268963315446
2017-05-17,0.6451282388751941,0.669382553182212,0.03992408719777994,0.04142507770007771,0.027983213907681215
2017-05-18,0.6530724386987821,0.6760149383118157,0.04038779276778329,0.0418066199376947,0.02653373256340208
2017-05-19,0.648714905614764,0.6726944956297952,0.04008912677159778,0.041571011673151755,0.028094902880698047
2017-05-22,0.6408422262000423,0.6616397246900656,0.03957402291005147,0.04085833384972889,0.02543454866497541
2017-05-23,0.6346778413443723,0.6504434486511674,0.039166053105598224,0.04013895080707148,0.020768203241792405
2017-05-24,0.637219548916433,0.6538886829634204,0.03929417397446248,0.040322076923076926,0.022256359848802587
2017-05-25,0.6171793840569249,0.635946677662166,0.03806668887885541,0.03922422710068129,0.02368267725641582
2017-05-26,0.6190286026559513,0.6350702091695792,0.03815325561762586,0.039141965204236,0.02247061884235113
2017-05-31,0.621680366897122,0.6373650767371006,0.03828991335358563,0.03925595026375284,0.02192928446232134
2017-06-01,0.6196736328714374,0.6315043540874675,0.03813861760407841,0.038866754688672164,0.01881566997966444
2017-06-02,0.6220424921610487,0.6354225891522757,0.03825802247685129,0.039080950263752835,0.019308297925185736
2017-06-05,0.6304450165401372,0.6499971528645064,0.03874974597518638,0.039951500761035,0.02469167858404475
2017-06-06,0.6195678469495779,0.6409556797779012,0.038058428599668015,0.03937222710068129,0.02813625401803299
2017-06-07,0.6039759065844488,0.627543122293041,0.037088327543179464,0.03853551874062969,0.029867920752869814
2017-06-08,0.5943423497132533,0.6206913754132485,0.03647611697481077,0.038093215510812815,0.03343971700653903
2017-06-09,0.5921566274853671,0.6194456030861502,0.03631754547230537,0.03799120505200594,0.034104618730159686
2017-06-12,0.6007532582222678,0.6176054148205976,0.03681815533381114,0.03785096757553427,0.027314961145064487
2017-06-13,0.599939410253397,0.6176964768284662,0.03674202321978209,0.03782951729212656,0.025227190000433053
2017-06-14,0.6201799339620876,0.6378415873116676,0.03796945734024488,0.0390507619047619,0.024550596570960037
2017-06-15,0.6194795912554265,0.6395671031504677,0.037899648633106076,0.03912859895444361,0.02618481142689011
2017-06-16,0.6198357291541152,0.6416214886436573,0.03789446620381451,0.0392263670411985,0.026331535312208
2017-06-19,0.6192609215616284,0.6447295429500817,0.037842400541926245,0.0393987619047619,0.0304168813398773
2017-06-20,0.6242546971115919,0.6490466811084642,0.03812070237957834,0.039634648286140085,0.030316556328191302
2017-06-21,0.6019803538348981,0.6298455383307973,0.0367481992521169,0.03844924372230429,0.032624883991257514
2017-06-22,0.5982336284140929,0.6234385136471376,0.03649316596887628,0.03803070250368189,0.042002912151896554
2017-06-23,0.5904664872555492,0.618258214580292,0.03600139707849637,0.03769588953913679,0.04476617254653781
2017-06-26,0.5815308805244914,0.614153450106529,0.03544647335901602,0.037434940493468793,0.04626702009982564
2017-06-27,0.580796652413201,0.6136864787716758,0.035376442109616914,0.037379768115942034,0.04621053584480994
2017-06-28,0.5861661308792669,0.6168552140258229,0.03568498818554468,0.03755329737609328,0.042752802406248014
2017-06-29,0.5765147589111487,0.6078191770980235,0.035076153267327936,0.03698076811594203,0.04441424279859718
2017-06-30,0.5741375574172585,0.6066949962721367,0.03490650806102772,0.03688594049346879,0.045970745817365044
2017-07-03,0.5739360753056411,0.603934253884873,0.034871621769776935,0.03669427272727272,0.04300135673437189
2017-07-04,0.5845132379744845,0.6116330205580928,0.03549693102847333,0.03714388953913679,0.04072568310393976
2017-07-05,0.5748538268225432,0.6063081159334796,0.034899351910168616,0.03680894049346879,0.04295899546912452
2017-07-06,0.5763141340508777,0.6075233063236714,0.034962964741238334,0.03685631617113852,0.040464808207159475
2017-07-07,0.5730231048487203,0.6049163441950767,0.03473847153255019,0.036671940493468794,0.040742681415144144
2017-07-10,0.5732060374711879,0.6068588629923232,0.034724735498397455,0.03676341860465117,0.042549449306123144
2017-07-11,0.5681548181823879,0.6041329569850418,0.03439711490779832,0.036575296162201294,0.04182436468749051
2017-07-12,0.5734684117636892,0.6085880552135932,0.03469518110836475,0.03681994049346879,0.0414341623317902
2017-07-13,0.5658515766946041,0.6011548834560811,0.034216484462826886,0.036351240460763136,0.04247726957195286
2017-07-14,0.5601721524970446,0.5982174359320247,0.03385141791122233,0.03615050897343862,0.04626114337139864
2017-07-17,0.5730416905062399,0.5994602130431,0.034617151219697634,0.036213080459770106,0.03415429881841092
2017-07-18,0.5682906346349846,0.5978708799615985,0.03430578652380962,0.036091446043165464,0.03553412390890087
2017-07-19,0.547712218138763,0.5825644469469834,0.0330680094507651,0.0351722054015636,0.03542699151103035
2017-07-20,0.5452754663507722,0.5806108537657235,0.03289943238511641,0.03503140835102619,0.03900096914018625
2017-07-21,0.549858949698677,0.5845033194438878,0.03315522961188011,0.0352442054015636,0.038452614064312884
2017-07-24,0.5467297364151185,0.5808832436631911,0.032944413013137046,0.035002408351026186,0.03718332408628533
2017-07-25,0.5519274357846203,0.581208855763315,0.03323857867444883,0.03500198581560284,0.030579141228489037
2017-07-26,0.5525910195237909,0.5766011055951242,0.03325671743286033,0.03470172218284904,0.02712128999054353
2017-07-27,0.5532113152651557,0.5794829439476868,0.03327071841903073,0.03485072218284904,0.031215529965949562
2017-07-28,0.5504912513049843,0.5779999346231478,0.03308415493630886,0.034737408351026185,0.0322197219482907
2017-07-31,0.5422981816624955,0.5721244458044623,0.03257012046028021,0.03436146892655367,0.03361848123228195
2017-08-01,0.5308362564324633,0.560643591902194,0.031865699378396506,0.03365501120448179,0.032471825472945026
2017-08-02,0.5348697901296038,0.5620613026802683,0.03208584298677033,0.03371701120448179,0.032939759520267176
2017-08-03,0.5461325815394428,0.5730303654446071,0.032746651131870884,0.03435946892655368,0.0337584488926681
2017-08-04,0.5527097840647334,0.5775543441883179,0.03312092146256224,0.034609722182849044,0.031125605232807052
2017-08-07,0.5411198544383021,0.5676665666184508,0.03240568368625258,0.033995468926553675,0.03577295005843939
2017-08-08,0.5411088196117037,0.5678700693143784,0.03238234998770663,0.03398386177715092,0.034307878976611805
2017-08-09,0.5408842002727975,0.5739230695703896,0.032346181629434916,0.03432198581560284,0.04473743375550754
2017-08-10,0.5497423629636211,0.5814339579711061,0.032854742323911584,0.034748755334281636,0.04988375879455398
2017-08-11,0.5747597704592461,0.6028233185593642,0.03436141598595416,0.03603916606498195,0.04653771741461399
2017-08-14,0.5638437823334943,0.5974290237058133,0.033700853281831616,0.03570823782234957,0.050327466230045026
2017-08-15,0.5628300572394834,0.5922301314938078,0.033617337026794106,0.03537337722419928,0.04510854778674167
2017-08-16,0.5616231050884876,0.5912075584621647,0.033522008607527846,0.035287837491090525,0.04369079138659382
2017-08-17,0.5568982811613863,0.5866873620254716,0.03321906284289679,0.03499598581560284,0.043028249998446455
2017-08-18,0.5555405419602831,0.5875224880539457,0.03311492569246424,0.035021320794889996,0.045201512736035676
2017-08-21,0.5470893818063726,0.5789942528271392,0.032589821982540894,0.034490378091872796,0.046349976465767995
2017-08-22,0.5437446370102821,0.5757057701900158,0.032368550602830115,0.03427116349541931,0.04940390434360653
2017-08-23,0.5438772950969918,0.5736015418818484,0.032353850476893056,0.034122068868587485,0.046707259084321606
2017-08-24,0.5491288124815584,0.5755890642286748,0.03264703746299604,0.03422016349541931,0.040939457668415
2017-08-25,0.5290914846973603,0.5497516347903036,0.03145773962753606,0.03268611249137336,0.03216383119190924
2017-08-28,0.512445777176402,0.542173343150001,0.030459530135899172,0.03222652233676975,0.04062940436822671
2017-08-29,0.5180755235325647,0.5474871145853055,0.030773108833133972,0.032520124569855466,0.038952194366164816
2017-08-30,0.518598999442374,0.5550947472888303,0.03078277850732551,0.03294907756232687,0.04552836448477704
2017-08-31,0.5233060488965467,0.5758315143987028,0.031041796679222168,0.03415753521126761,0.06383472244327537
2017-09-01,0.5197951219509503,0.5764182193497009,0.030812363450996708,0.03416886177715092,0.06931868296277832
2017-09-04,0.5135336747072041,0.5692396298494625,0.030421448842992624,0.033721438596491224,0.06820767087608504
2017-09-05,0.5074893159419246,0.5606713967583681,0.030043055723187696,0.03319140223463687,0.06871937098013148
2017-09-06,0.5116394613520817,0.5649994637820002,0.03026826274060626,0.03342500629811057,0.07852995496071968
2017-09-07,0.5245864895810832,0.5787517468737045,0.031015523348195413,0.03421797677691766,0.08551308574444483
2017-09-08,0.5287496052511942,0.582526864662549,0.031240204118687068,0.034417535211267614,0.09459726550934255
2017-09-11,0.5267723670069269,0.5803725072679676,0.031101858954926946,0.03426653521126761,0.09670083891209935
2017-09-12,0.5231643495987585,0.5769852534202959,0.030868137540576622,0.0340437191011236,0.0991811004907146
2017-09-13,0.5192870153929054,0.5744156177826177,0.030618224004938216,0.0338687191011236,0.0988495893850363
2017-09-14,0.5298407335066344,0.5870233045356665,0.031220217149395255,0.03458963020465773,0.10019280494558913
2017-09-15,0.5298917843822141,0.5908217639338788,0.031201663164848903,0.03478940835102619,0.10029083262328409
2017-09-18,0.5228036511367593,0.5854733243441935,0.030763666770469975,0.03445137809187279,0.10272953850688715
2017-09-19,0.5275939986032457,0.5877621992018415,0.031025166637182,0.03456335785007072,0.09992830080666426
2017-09-20,0.5240134347180346,0.5847425355773246,0.030793860175932518,0.03436263020465773,0.10195921236888617
2017-09-21,0.5237245923328147,0.5804732251283257,0.030755947792074557,0.03408853521126761,0.09921660982672598
2017-09-22,0.5263434232226891,0.5821581017236787,0.030888489629228667,0.03416397677691766,0.09749255147472269
2017-09-25,0.5365455580444195,0.5871675904129291,0.031468539560587205,0.034437535211267606,0.0922223397641504
2017-09-26,0.5326189256293371,0.5835347164353178,0.031216801662930636,0.034200976776917656,0.09115284352505681
2017-09-27,0.5318812767368326,0.585401909723229,0.03115217001248314,0.03428686177715092,0.09381326519430266
2017-09-28,0.5336322473943392,0.5874953970699325,0.031233273980098827,0.03438586177715092,0.09265150462925287
2017-09-29,0.5298878033378942,0.586182967307017,0.03099376447362781,0.03428653521126761,0.09449301063315896
2017-10-09,0.5107917940403909,0.5696011932880758,0.029867869380405067,0.03330667062107467,0.10013041614418028
2017-10-10,0.5091080579010575,0.567612765952069,0.02974921903800134,0.033167883008356554,0.1013046872146337
2017-10-11,0.5045927738124097,0.5626517372008103,0.029465878342767336,0.03285625260235948,0.10011827880959956
2017-10-12,0.4981857620392723,0.5591736062587734,0.029072233134836693,0.032631252602359474,0.10208895994150913
2017-10-13,0.4967144395716084,0.5591554831661335,0.028966769197856033,0.03260812760055478,0.10407568971277947
2017-10-16,0.49390766668291913,0.5533154210648137,0.02878390921591059,0.03224606930006929,0.09984470427545
2017-10-17,0.48833749352014827,0.5500761931316493,0.028439894034933924,0.03203544444444445,0.10191766440755612
2017-10-18,0.480483792582186,0.5396127549679323,0.027968010999144456,0.031409790921595605,0.09994496496428384
2017-10-19,0.48796877196902844,0.5441928881124802,0.02838552389986059,0.03165612456985547,0.09676676148028984
2017-10-20,0.48869954448792985,0.5469681221873998,0.02840886892800916,0.03179611249137336,0.09775789144051861
2017-10-23,0.4877306893008383,0.5487413032490759,0.028333269474454012,0.0318775003455425,0.10099189808455855
2017-10-24,0.4800968812549268,0.5418720398145722,0.0278746269769468,0.03146131868131867,0.10309237659266346
2017-10-25,0.46609731936956295,0.5327714448295122,0.027044645710677016,0.03091331868131867,0.1077511948853973
2017-10-26,0.46182131048052594,0.535540547158315,0.026779403689925596,0.03105412456985547,0.11554583705193022
2017-10-27,0.44573827724812193,0.5272595362690202,0.025832591212677745,0.030557124569855466,0.12265318270140146
2017-10-30,0.43485934718837216,0.5253343888947986,0.025185945329843924,0.03042602920723226,0.1320793512385383
2017-10-31,0.4395381553582877,0.5426283169371103,0.025439788877041604,0.03140648804500703,0.1440884377020124
2017-11-01,0.44772112988485147,0.5479434677051105,0.025896547935742892,0.03169348804500703,0.13783555595080443
2017-11-02,0.44647955391548055,0.5476482148427115,0.025807260075927166,0.03165497677691766,0.13708919011713294
2017-11-03,0.44644671941617003,0.5480353583557219,0.025788099483644036,0.031656163495419304,0.1362339844297087
2017-11-06,0.44108913899195107,0.5470184205222822,0.02546463677265575,0.03158006886858749,0.1334472519087886
2017-11-07,0.43022509610849724,0.5358858947321795,0.02482510465906297,0.0309220069735007,0.12414921831924453
2017-11-08,0.4338664093460748,0.5394564184027116,0.025018623286729845,0.031107402234636865,0.12237672988832116
2017-11-09,0.4242682320826939,0.5331452738447154,0.024451581121917233,0.030726422407794017,0.1261788608688439
2017-11-10,0.412600292982288,0.5285010589499507,0.023767949911809604,0.030444444444444448,0.13257415355150926
2017-11-13,0.40004510626312473,0.51431839058214,0.023029967203034775,0.0296085003455425,0.13173506265696977
2017-11-14,0.4075602064576823,0.5199841956173791,0.02345066457337032,0.029919444444444443,0.129375518522302
2017-11-15,0.41525189159675635,0.529994037308891,0.023880391340899983,0.030479006298110574,0.13121700582758433
2017-11-16,0.4119760944878294,0.5325038792388934,0.02367967356982735,0.03060740223463687,0.13668042227474309
2017-11-17,0.40860421601909325,0.5231767732634762,0.023470853867427977,0.030052077562326876,0.1319330107182175
2017-11-20,0.39944050665273173,0.5125328464189923,0.022930799201660683,0.02942312456985547,0.1309067379167952
2017-11-21,0.37874226978434844,0.4968218900961608,0.02174715087305369,0.028527210884353747,0.13940894093663148
2017-11-22,0.3705379388119437,0.48145161670492226,0.02126199758600738,0.027626383265856952,0.1304031176677216
2017-11-23,0.40234323178698556,0.510522397494358,0.02313324977908124,0.029353152249134956,0.12511296417213158
2017-11-24,0.4090120172106766,0.5167844040689719,0.0235009293295486,0.029693293222683256,0.12424944653139058
2017-11-27,0.4232128444732206,0.5313561466709328,0.0243140562616199,0.030527011204481792,0.12371226906109789
2017-11-28,0.42027899789638734,0.5316793336208101,0.024129416154997037,0.03052522720897615,0.12929692067440102
2017-11-29,0.42996755333105047,0.5398915013722992,0.024669236979068948,0.0309760847932726,0.12909705562111817
2017-11-30,0.4468932000834689,0.5538613915796323,0.025634510997138947,0.031770378091872796,0.12488821267275263
2017-12-01,0.45039596407992105,0.5585710519300993,0.025818655643329462,0.032019722182849035,0.12296871834498857
2017-12-04,0.44408158256146657,0.5536669187034764,0.02544134656247573,0.031719468926553675,0.12591941894960335
2017-12-05,0.44114136828566564,0.5471106201911792,0.02525776370880905,0.031325084793272596,0.12530178879250387
2017-12-06,0.4482633236013933,0.5551795254971432,0.025651637311066185,0.031769861777150916,0.1253945900744331
2017-12-07,0.4581156908723909,0.56544905600546,0.026208391151698263,0.03234883749109052,0.12078195987953322
2017-12-08,0.44618960415420955,0.5564796975040059,0.025513503797062048,0.031819985815602844,0.12389553469720793
2017-12-11,0.4243764932968251,0.5296141522226127,0.024268320025035088,0.03028642240779402,0.12590317138362117
2017-12-12,0.4380207793686205,0.5446732011590282,0.02504558435984678,0.031143861777150915,0.12949407124887635
2017-12-13,0.43017406193564833,0.5367470883767338,0.024585177114104233,0.030676006298110577,0.12864334398415922
2017-12-14,0.44064619597844057,0.5474199419977478,0.025169992197587227,0.03126897677691766,0.1270377935405551
2017-12-15,0.4571762381485759,0.5624424669881279,0.026107415016682005,0.03211872727272728,0.12480023798995643
2017-12-18,0.45631611318502185,0.5601687403414911,0.02604105813716682,0.03196772218284904,0.12763116906664984
2017-12-19,0.44063982305560795,0.543743291182089,0.025140492562357328,0.031023011204481796,0.13079278697468544
2017-12-20,0.44237709119955343,0.544098808500424,0.025223119849708542,0.031023011204481796,0.12740324304934214
2017-12-21,0.4323201342024581,0.5374911150701989,0.024638941411061793,0.03063288300835655,0.13426382509531698
2017-12-22,0.4402889182424309,0.5434799547166514,0.02507755146490217,0.030955006973500697,0.12792610460177367
2017-12-25,0.4451382259759245,0.5463890601353824,0.025338031132357566,0.031101402234636866,0.1239823420172963
2017-12-26,0.43950849020737126,0.536435938143545,0.02500151769468273,0.030515252602359474,0.12258699490512748
2017-12-27,0.45578754677664557,0.5487721193898455,0.02592958138153941,0.031219438596491227,0.11753410377517204
2017-12-28,0.4499843635435064,0.5413543513983033,0.02558567417819016,0.030780883008356547,0.11963899963960811
2017-12-29,0.4478602261972092,0.5383290200361213,0.02544858084889618,0.030589252602359472,0.1208886672771119
2018-01-02,0.428816764048788,0.5189625720654505,0.02436346585435188,0.029485150684931502,0.12357253469609009
2018-01-03,0.4199248726087839,0.5099750521150709,0.02384457561638302,0.02895789100817439,0.1233007745333412
2018-01-04,0.4128212370824179,0.5034485425855278,0.023426750615350343,0.028569662593346916,0.12282050620662677
2018-01-05,0.4123932020810401,0.5024190389087448,0.02338733014091271,0.02849280704129993,0.12307313650809992
2018-01-08,0.4088325062409859,0.4988821599286419,0.023171646268920647,0.028275444743935306,0.12409624769794614
2018-01-09,0.40506531286461583,0.4987021456951959,0.022945886487128968,0.028250167226326395,0.12743838162566812
2018-01-10,0.39544450353273564,0.4851498720956164,0.022387199387027816,0.027465666666666666,0.12444057206667392
2018-01-11,0.3902538301850942,0.47779938099668046,0.022078934014528498,0.02703189613848203,0.1212889186624897
2018-01-12,0.38924008850246095,0.4778786822074295,0.02200823732300196,0.027020000663570007,0.1263009784798219
2018-01-15,0.38395191853814786,0.47109547848809263,0.021695042060752498,0.02661905235255136,0.12821802288470274
2018-01-16,0.3766841864082312,0.4660978248853872,0.021273807934906304,0.026323578114700062,0.130746390137088
2018-01-17,0.3796021245532233,0.4633015461150447,0.021425137463730544,0.026149219592373436,0.1252174548158771
2018-01-18,0.37043704609357586,0.4456453990385071,0.020895695409724892,0.02513806493506493,0.11860910616041975
2018-01-19,0.3679862196045663,0.43999675795169757,0.02074435499653749,0.0248037792123951,0.11801934120181978
2018-01-22,0.3595985357067227,0.43761599537991164,0.020265999629753194,0.024662852374839533,0.1266325093689864
2018-01-23,0.35057077461626884,0.4174622586058603,0.019750181970710004,0.02351866205160478,0.12161875299700542
2018-01-24,0.3475003093663591,0.41467589066245986,0.01956451762987286,0.023346551225644246,0.12142966263315813
2018-01-25,0.3550135978483335,0.4225337544206588,0.019976741850641216,0.023776125158027808,0.12043911325343326
2018-01-26,0.35247166698877763,0.41908814160848057,0.01982144638708907,0.023567662051604772,0.11983863063332478
2018-01-29,0.3717555757904745,0.4331433389389634,0.020913439869181538,0.024366862970044617,0.1117635934056711
2018-01-30,0.38485581839464017,0.45073438480420136,0.021644239407237705,0.02534924111182934,0.1108242153582113
2018-01-31,0.3828544052271556,0.44705711480521515,0.02151876607521931,0.02512735218508997,0.11358233158065945
2018-02-01,0.39206936263500536,0.44932627786087026,0.022026047889889787,0.025242681672025716,0.10685109069698395
2018-02-02,0.3854652602547341,0.44471359630587687,0.02164286076584962,0.024969499039077518,0.11099768800580012
2018-02-05,0.38373388357328825,0.43423584560723766,0.02153168663183619,0.02436540152477764,0.1028533889568699
2018-02-06,0.4217637701308347,0.4727379218066265,0.02371146789789122,0.026577223675604972,0.10165545631526163
2018-02-07,0.45063962347176917,0.5080890795426009,0.025361552426505493,0.02859475100942127,0.10581733323245279
2018-02-08,0.4600302514912438,0.5302844885547507,0.025880759313733306,0.029833179821551134,0.11546798655738466
2018-02-09,0.5090597056755102,0.5790361164291621,0.02877525196845153,0.03273075822603719,0.11274787643573347
2018-02-12,0.49497540985602667,0.5737318294254868,0.02797346875794845,0.03242437722419928,0.12160572801186142
2018-02-13,0.4824621799436874,0.5597183450429399,0.02725859731906187,0.03162348804500703,0.1211285558949502
2018-02-14,0.47356815130644225,0.5538537837249364,0.026743148618358525,0.031277006298110574,0.12054976213664204
2018-02-22,0.4480075421217595,0.5246612363617565,0.02531592109446764,0.029647452804377562,0.12271936258275096
2018-02-23,0.4441871110105296,0.519268858838072,0.025085041170469266,0.029325210884353747,0.11868514736308433
2018-02-26,0.43589267963907113,0.5124793009473179,0.024609533960317828,0.028933444743935305,0.1191227155563328
2018-02-27,0.4568377598549,0.538211308831617,0.0257919523359377,0.030386105624142665,0.12203747002676235
2018-02-28,0.46712461958396584,0.5570285262027228,0.02636215956778558,0.03143588300835655,0.12970717503513352
2018-03-01,0.46036241205012096,0.5513607121951586,0.025966381424772617,0.031099069300069296,0.1315495916170184
2018-03-02,0.4672916796207383,0.5583631553330021,0.02634581077719339,0.03148040223463687,0.13146231698152566
2018-03-05,0.4654956625610682,0.5569291893303153,0.026227707065501177,0.031379402234636866,0.13010373536971875
2018-03-06,0.4556418266086846,0.5494696453265713,0.025665911968726855,0.03095115224913495,0.13086517716892
2018-03-07,0.46530420261584565,0.5548809822050912,0.02619800617065747,0.031241444444444447,0.12595101193445735
2018-03-08,0.45413833281355603,0.5491191313234554,0.02555979495353987,0.0309055003455425,0.13086172716544864
2018-03-09,0.4445566466011444,0.5413018938749374,0.02500819274874954,0.03045052233676975,0.13509246188289348
2018-03-12,0.4404587397580791,0.5397297273476327,0.024762998673385064,0.030344105624142664,0.1352853441198021
2018-03-13,0.4486396878108481,0.5471008662688261,0.025213084399545414,0.0307465003455425,0.13098916032182029
2018-03-14,0.4531135895525994,0.5533458763316446,0.025449969922099358,0.031079703266157055,0.1323588126229216
2018-03-15,0.4499595014317535,0.5530053464387419,0.025258569514965523,0.031043069300069295,0.13978385964731155
2018-03-16,0.46318170254442736,0.5671281230037487,0.025991940802675632,0.031825006298110574,0.1394238295548058
2018-03-19,0.4594895261320342,0.5631395377321828,0.025769433969742017,0.03158241114982578,0.13848544384234018
2018-03-20,0.462487037400568,0.5627140099917027,0.025921021116123592,0.031538444444444445,0.13476734693932357
2018-03-21,0.4725003842234703,0.5801377650298858,0.02646695451943805,0.03249622720897616,0.14169293867051858
2018-03-22,0.4870642164505982,0.5927380042034592,0.02727399365080095,0.033191378091872795,0.1384046736561919
2018-03-23,0.5289237124900776,0.6349054499663312,0.029671325260944126,0.03561664124909224,0.13622305249877154
2018-03-26,0.5316361325521849,0.6489268084371087,0.029808544189261037,0.03638496757553427,0.14643808143620252
2018-03-27,0.519595248442415,0.6411977243161621,0.029120428084365983,0.03593557153338225,0.1499397205257631
2018-03-28,0.5418514054568958,0.6658950272213007,0.030378094152303005,0.03733241554559042,0.14982491725134084
2018-03-29,0.525274537751021,0.646440799525054,0.029444043649757362,0.03623596757553427,0.1466589920139989
2018-03-30,0.5252794202458778,0.6545457682923748,0.029425687774271833,0.036667074074074074,0.15337154504183492
2018-04-02,0.5302224177776095,0.6617386702387865,0.02968476042559784,0.0370477619047619,0.15185562786329032
2018-04-03,0.5355674333029894,0.6693591581658446,0.029968897549588577,0.03745551874062969,0.15023081364077684
2018-04-04,0.5433382281954512,0.6786850682625281,0.03038499553957167,0.03795396992481203,0.14988228490186395
2018-04-09,0.5493690467576123,0.6789947234936904,0.03070290259564614,0.037947367041198506,0.15056456986070144
2018-04-10,0.5228654151340574,0.6476382024311022,0.029232694605020912,0.03620857153338225,0.14959281415402437
2018-04-11,0.520871723789577,0.6412698882499732,0.029103305699380633,0.03583046024799416,0.14482956722930962
2018-04-12,0.533270096388141,0.6578671283267845,0.02978667285221387,0.036746243722304284,0.1502901788028581
2018-04-13,0.543035492016945,0.6688613900085473,0.030317858658226463,0.037342761904761906,0.14986043688564266
2018-04-16,0.571831869694571,0.7050531133633349,0.03193026305101823,0.039369144267274114,0.1567712673563415
2018-04-17,0.5925129923147432,0.7236258681962824,0.03308904388677656,0.04041107692307693,0.1548776213352765
2018-04-18,0.614024816151826,0.7414256476578778,0.03427057068175236,0.04138119404125286,0.15245632789859576
2018-04-19,0.5985854723972447,0.7282550451532842,0.03340073694976355,0.04063622710068129,0.15756075186862217
2018-04-20,0.6127273863505168,0.7390968330896861,0.03418686883961412,0.0412375993883792,0.1509085694632557
2018-04-23,0.5970403904353606,0.7240929994012059,0.03329078120383346,0.04037519404125286,0.15423724253938453
2018-04-24,0.5748849274375352,0.7030163204020616,0.03207184436448696,0.03922007507507508,0.15634680309110327
2018-04-25,0.57534700517766,0.7088898571205491,0.03207913067395079,0.03952496520423599,0.15956093818487171
2018-04-26,0.5950376339496172,0.7285247427137891,0.03319216621592193,0.04063829407236336,0.15461769921111568
2018-04-27,0.5946408314336697,0.7361048408814048,0.033149235821947516,0.041035380804953565,0.15873061808315447
2018-05-02,0.5875585634805344,0.74528041308983,0.032734078852776,0.04152108287724786,0.1751805015561494
2018-05-03,0.5819709789679834,0.7404606994395713,0.03240746553211969,0.04123307770007771,0.17952426262577048
2018-05-04,0.5903878757689923,0.7500780621794576,0.03285757908510526,0.041745012490242005,0.17674320881044658
2018-05-07,0.5676484960756362,0.7270334019004909,0.03159345308605666,0.040464294072363356,0.1773433162570046
2018-05-08,0.5467178337373948,0.705218787130689,0.030420224499410876,0.039239462300076154,0.1742786650109034
2018-05-09,0.5465444521840916,0.7050066979778427,0.030391963407839645,0.03920365064836004,0.146663191685944
2018-05-10,0.5429932304116419,0.7008037590021831,0.030177906585464737,0.038948534142640365,0.13376273914413184
2018-05-11,0.5505172139904514,0.7040106839259128,0.030579705180634548,0.03910584194528875,0.1296571437116123
2018-05-14,0.5386188553900437,0.6940032061565786,0.02990694395416659,0.03853469811320754,0.1336930344506846
2018-05-15,0.5307117491367958,0.6874848639990294,0.029450483915809025,0.03815020481927711,0.13831648097471305
2018-05-16,0.5421000943931691,0.7015074688307024,0.030069691526896397,0.03891184194528875,0.1440456321939083
2018-05-17,0.5507380538636143,0.7083590785161977,0.030535068793992967,0.03927419404125286,0.14070910503792278
2018-05-18,0.5392952047661378,0.6902947127083854,0.029889941262442217,0.03825895026375283,0.13744823558372143
2018-05-21,0.5370092302152526,0.6894880827820852,0.029746292713965797,0.03819248009015777,0.1408706543372531
2018-05-22,0.5462821011210977,0.7013759669640784,0.030242587875850116,0.03882870090634441,0.14427995840207286
2018-05-23,0.5681858179675242,0.7277877673900585,0.03145225751841767,0.04028711656441718,0.14523852141167404
2018-05-24,0.5755837523950722,0.7359306179309004,0.03184707727787101,0.04071907722007722,0.1385974989412606
2018-05-25,0.5855976883630412,0.7474816377658534,0.03238167137735246,0.04133333384972889,0.13882578366291498
2018-05-28,0.5811698125072496,0.746196058772856,0.032118346033016616,0.04123852049497293,0.14324756129214866
2018-05-29,0.592764089715941,0.7570528572875855,0.03274461077944119,0.041820011673151754,0.14068888431332183
2018-05-30,0.6199167452582702,0.7883369269246681,0.034268391794113444,0.043578494828957835,0.14417561073712504
2018-05-31,0.5904084253578615,0.7603415511455661,0.0326575024596376,0.04205708287724787,0.1530363988007326
2018-06-01,0.5999832663203816,0.7682296954415927,0.03317368887213594,0.04247620613690008,0.14976609475696256
2018-06-04,0.5822796000362419,0.750328975254886,0.03218293313426076,0.04147112012480499,0.14872807103099395
2018-06-05,0.5687198270909166,0.7416518353895913,0.03142273289463864,0.04097751900698215,0.15678425262514062
2018-06-06,0.5718163089960085,0.745374207360248,0.03157487874878371,0.041158497667185066,0.15729259176808008
2018-06-07,0.5709082057537741,0.7429260165201069,0.03150534300675106,0.04099807770007771,0.15963000458348353
2018-06-08,0.5916062519490138,0.7686371382857786,0.03264325976901748,0.042411353312302835,0.1605438408461719
2018-06-11,0.5911108264027807,0.7592553757051572,0.032595847565104925,0.04186790595611286,0.1476383980071816
2018-06-12,0.5699980875982574,0.7387247033997919,0.03142447767304549,0.040726519006982154,0.14797549175208768
2018-06-13,0.5866537339636901,0.7540710644554784,0.032332219467470884,0.04155908287724786,0.14332570311991377
2018-06-14,0.5993373975049395,0.7639800723661881,0.03301269098500347,0.042081535630383714,0.13778676701023618
2018-06-15,0.6079989336689902,0.7713796295738125,0.033470725172181574,0.04246493563579278,0.13530888427943544
2018-06-19,0.6599263260611093,0.8169783911860997,0.036436045586420274,0.045107250201775625,0.13609132347132147
2018-06-20,0.6468860598688518,0.8092741658597871,0.03569557383665356,0.04465625020177562,0.1398636160590363
2018-06-21,0.6678192837918218,0.8316239636711622,0.03684275392054418,0.04587965306122448,0.13980456551193243
2018-06-22,0.6643922618388127,0.831167806179994,0.0366334957482283,0.04582922475570034,0.1404990881263155
2018-06-25,0.6787195956998285,0.8483628474052067,0.037420322920997354,0.04677338315441784,0.13945375802596605
2018-06-26,0.6900251952473845,0.8636882317987317,0.03802806925661559,0.04759883569641367,0.1377684366629499
2018-06-27,0.722430394466691,0.8925310374174716,0.03983691749609705,0.0492167627118644,0.13329097449843696
2018-06-28,0.7407437789298892,0.9113546730864115,0.04083412907233891,0.050239199315654404,0.1292459787807012
2018-06-29,0.7143681062262501,0.8863937586298373,0.03943076043002363,0.048926008368200845,0.1362677569033599
2018-07-02,0.7553219992347102,0.9306698158786751,0.041768173135458234,0.05146464427217916,0.1325127843498024
2018-07-03,0.7500958891921852,0.9233645472582591,0.041453871477735646,0.051029522785898535,0.1261040998183025
2018-07-04,0.7660697679552038,0.934201352959815,0.042332443080188034,0.05162326886383348,0.12049701181265382
2018-07-05,0.7767785206902973,0.9406128648037531,0.042902694311491345,0.05195152173913043,0.11900515759947194
2018-07-06,0.7624914847314149,0.9282835258067363,0.04209358741277225,0.05124619031141868,0.12046001422822439
2018-07-09,0.7199928216994503,0.879023820357739,0.03980871961972842,0.048601613445378146,0.11787236514009125
2018-07-10,0.7166177133868119,0.8757367303056297,0.03959872780377673,0.048391296730930435,0.12077404485830168
2018-07-11,0.7461360388298128,0.9072455849469138,0.041239784659206496,0.05014449190110827,0.12317821704847853
2018-07-12,0.713480128703611,0.8734048824863445,0.03946783858633176,0.04831445409015025,0.12077096304086199
2018-07-13,0.7135461326279416,0.8843799971178048,0.03944932229891199,0.048894093802345065,0.1296374201169228
2018-07-16,0.7214518877457939,0.8998508845236645,0.039865101348897515,0.04972285376162299,0.1339817090346207
2018-07-17,0.7292950016939198,0.9160001764131148,0.040277694444556374,0.050589096498719045,0.1377101598827173
2018-07-18,0.7385740076761257,0.9235959480819372,0.04076873071448675,0.05098180291345329,0.133370921131992
2018-07-19,0.7457919862310664,0.9335755181601679,0.04114238139170837,0.0515016529209622,0.13618484284437105
2018-07-20,0.7072156585945314,0.8835306203592609,0.03902768024286869,0.048757617449664434,0.12990606383705372
2018-07-23,0.6941706773913767,0.8652850309700281,0.03829335654765447,0.04773273963515754,0.12447904983751745
2018-07-24,0.6657503296985072,0.8365653444137395,0.03672772574708744,0.04615114881439084,0.13776789553819357
2018-07-25,0.6678025699255001,0.8395135129059054,0.036818900433972325,0.0462860819000819,0.13526114798533606
2018-07-26,0.6881401750888971,0.8590260501659129,0.03793226513728442,0.0473519859387924,0.12756525292669219
2018-07-27,0.6966859901342216,0.8671892444777842,0.038382115401888676,0.04777555186721991,0.1261393883931734
2018-07-30,0.6996264427469076,0.8664339977339428,0.0385213380440368,0.04770573963515754,0.12397385419079221
2018-07-31,0.7064477372176987,0.872994974461276,0.03887349487437547,0.04803804142502072,0.12421714901213332
2018-08-01,0.7365587151299718,0.9062303311754447,0.04055151874376413,0.04989285376162299,0.12906576480687892
2018-08-02,0.7658230510770974,0.9359157975831905,0.042196290846352354,0.051568276962899055,0.13195108962147684
2018-08-03,0.7919506594709091,0.9547804588714707,0.04364357724376258,0.05261695815170009,0.12266656002094556
2018-08-06,0.8105390694909701,0.9702132037502017,0.04466189027320486,0.05346016901408451,0.11784204826957922
2018-08-07,0.7630431981497019,0.9192930489746983,0.042116217893725306,0.05074043835616438,0.11662786338174658
2018-08-08,0.7792099622265805,0.9358383791804844,0.043012968208646876,0.051658973066898345,0.1150454150954312
2018-08-09,0.7394000574332616,0.8994271321171811,0.04085968478118996,0.049702875638841564,0.1231813711945755
2018-08-10,0.7362319949587988,0.9003858902776182,0.0406606042253365,0.04972649190110827,0.12708128213210323
2018-08-13,0.7374621718231099,0.9060258004766654,0.04070651651321021,0.05001090987124464,0.13198812795366832
2018-08-14,0.7509205084768542,0.9160754021987161,0.041427989235812146,0.05053951979345957,0.1272368071589034
2018-08-15,0.7789119387607475,0.9438076218924834,0.043015388431368234,0.05212174758135445,0.12421301241516836
2018-08-16,0.7806202688669927,0.9471096988698267,0.04308683848336512,0.05227632979664013,0.11890922913189228
2018-08-17,0.7947330384532699,0.9602674730508415,0.04386491895151044,0.05300151477170993,0.11813360726985978
2018-08-20,0.7820644762297045,0.942596049819774,0.04315495880666197,0.052013222614840995,0.11995332077700072
2018-08-21,0.7568037292344467,0.920499370612455,0.041772646077038664,0.05080801393728222,0.1188851072556143
2018-08-22,0.7694761127133685,0.9431250676789608,0.042450787098509996,0.052030726872246705,0.1291979641809191
2018-08-23,0.7638742967440503,0.9417729458738906,0.04211825141752878,0.051927169014084514,0.13266177733425155
2018-08-24,0.7585834885616554,0.932115582585304,0.04180189756335745,0.05136441893076249,0.12953274734887588
2018-08-27,0.7238820195994697,0.9074165085245064,0.03992908588102914,0.05005278583765112,0.13796761662027945
2018-08-28,0.7308423058354905,0.9170390994751335,0.04028954085048616,0.05055411265164645,0.13965985568390882
2018-08-29,0.7371307410701449,0.9326736366554659,0.04061412278821263,0.05138806386701663,0.14580332680241703
2018-08-30,0.7578435046196645,0.95664993889959,0.04174383955540058,0.05269457522123894,0.1489165208947505
2018-08-31,0.7664669435686075,0.9695151409185666,0.04219697082513007,0.05337555971479501,0.15464818687516768
2018-09-03,0.7689841688972551,0.9707537714066707,0.04231238639400706,0.05341450491510277,0.158599222448516
2018-09-04,0.7489155208019778,0.9495482895906031,0.0412006594337932,0.05223822261484099,0.1503744259590123
2018-09-05,0.7768749892344339,0.9794271301608269,0.04275946247479422,0.05390800090009001,0.1495031306395651
2018-09-06,0.791933071322334,0.9930818167192677,0.043575140108868766,0.05464310163339383,0.1402342524663318
2018-09-07,0.7825105717521316,0.9840190760519391,0.043033201997376605,0.05411491320072333,0.1258684995870396
2018-09-10,0.7995063054087083,0.9975009523993869,0.04396813862195892,0.054856678244972576,0.11764740357996573
2018-09-11,0.7992882553644879,0.9974865305953338,0.04393067090424214,0.05482409157509157,0.11821987510916676
2018-09-12,0.8135114657869114,1.0107927228981746,0.04469196912565167,0.055530031307550645,0.11901034490559992
2018-09-13,0.7986995977233449,0.9902071660926627,0.043865318611497825,0.05438309090909091,0.11654823240283685
2018-09-14,0.8001437662908422,0.9924716276416483,0.04391888655054809,0.05447552134423251,0.11686382950299534
2018-09-17,0.8179871301636727,1.0082915279104456,0.04488869129203578,0.05533202841429881,0.1145295186803863
2018-09-18,0.7863956453983725,0.9769614932069226,0.043175458569889066,0.0536380900900901,0.11761360901396345
2018-09-19,0.7629118569823239,0.9516521053843925,0.041880069801983666,0.05224097153024912,0.11778379598422095
2018-09-20,0.7596295821650941,0.9457384753791144,0.04167542838006185,0.05188588888888889,0.11463787523809099
2018-09-21,0.7208432312192466,0.8997630340137543,0.03962068464952457,0.049454896551724144,0.11203140000597966
2018-09-25,0.7339347848793311,0.9136871854117021,0.0403260301570349,0.05020252173913044,0.10805133991437654
2018-09-26,0.7235997928122299,0.9021630751835966,0.039747097660755244,0.04955551979345956,0.10690222309966524
2018-09-27,0.7343455744053994,0.9112595051731587,0.040315676900238746,0.050028276962899056,0.10775780406039659
2018-09-28,0.7222950460647917,0.8959318318615584,0.039641562090579556,0.04917123208191126,0.10612403367549605
2018-10-08,0.7811188389338705,0.9594221780170109,0.04306247125002858,0.052892195013357075,0.10838758426909201
2018-10-09,0.7827724491727397,0.9585271990515337,0.04312841236146448,0.052811971530249115,0.10746232951231138
2018-10-10,0.7865782329070995,0.9576378368388645,0.04331339151680571,0.05273288888888889,0.10907758339518892
2018-10-11,0.8610309493647373,1.0347707995571025,0.04768244842707594,0.0573038696461825,0.10561619666611932
2018-10-12,0.8386820685309939,1.006621962270585,0.046444019485849336,0.05574409157509157,0.10117047701448456
2018-10-15,0.8595738902610476,1.0292272689611535,0.04759894648186558,0.05699351067780874,0.10052877839456742
2018-10-16,0.8743681923538343,1.0392641681278416,0.048399064584846566,0.05752658208955223,0.09420271717391193
2018-10-17,0.865735031995959,1.0295075108633374,0.04789668590011674,0.056957378478664195,0.09119042427956603
2018-10-18,0.9072399431264035,1.0786021087607705,0.05024051757974376,0.05973009523809523,0.0938883400627244
2018-10-19,0.8585835767620338,1.0279022428683504,0.04762785995719451,0.057020405931417995,0.09635123038534132
2018-10-22,0.7886864069509061,0.9566503699923911,0.043938605081334424,0.05329606601248884,0.09800516276442472
2018-10-23,0.8304429965843039,1.0029709955687574,0.04632567587759522,0.05595002841429881,0.09683643913339379
2018-10-24,0.8342934023622428,1.0029277711075817,0.04651350232545617,0.055915200913242015,0.09740534374070098
2018-10-25,0.8321680606856253,1.0020104280345743,0.0463682838047934,0.055831875912408756,0.09637333738334486
2018-10-26,0.8423172612518648,1.0024556362223382,0.0469121114117837,0.05583087591240876,0.0912253553451503
2018-10-29,0.8926999912692695,1.0503368563296922,0.04981343777764013,0.058609712277413316,0.08953220598473566
2018-10-30,0.8759687493777398,1.0341460274854157,0.04886564099997624,0.05768951067780874,0.0892675254491111
2018-10-31,0.8568297346961709,1.0371285602299085,0.047793774142296845,0.057850802973977704,0.10293073938780584
2018-11-01,0.8493202723244957,1.035652528705569,0.047353523089099556,0.057742405931417995,0.10678951978677964
2018-11-02,0.7872758938420983,0.9771820375053888,0.044012439934170415,0.0546290900900901,0.10930254913966952
2018-11-05,0.8024820083933633,0.9948792148190905,0.044845308364059665,0.05559709090909091,0.10316151220699799
2018-11-06,0.8154171196047423,1.0063456763700243,0.04554655186032313,0.05621120091324202,0.09373196158526298
2018-11-07,0.8309719861002791,1.0227021494103241,0.04639422527749367,0.05709876470588234,0.08557301492770208
2018-11-08,0.8358472808217756,1.0263020116831603,0.04664058698270399,0.05726803130755064,0.07322809176667189
2018-11-09,0.8579506951048972,1.0566191774072762,0.047872318912780834,0.05895771227741331,0.07964724633090592
2018-11-12,0.8391838722687793,1.0409799445392889,0.04681446625842554,0.0580718029739777,0.08245725675356441
2018-11-13,0.8274046915611765,1.0312672937615552,0.046142069459585176,0.05751092250922509,0.08495191627224297
2018-11-14,0.8519896626922334,1.0610235310900913,0.04749892134535243,0.05915268160597571,0.08253883300770681
2018-11-15,0.8408486007137144,1.0481478921617418,0.04686676701562355,0.05842110341643582,0.08254769924233196
2018-11-16,0.8419469775800748,1.0497819360073801,0.04690323680943645,0.05848132014719412,0.0838128943487173
2018-11-19,0.821648411229667,1.027405427437066,0.045760481040310476,0.05721981073703366,0.08047117797991232
2018-11-20,0.8550215265570498,1.059885447396001,0.0476601066012279,0.059079510677808734,0.06983881172294937
2018-11-21,0.8531100343197991,1.0599250208259314,0.0475267242499926,0.059048378478664204,0.07252348461303293
2018-11-22,0.8557345564355308,1.0630855587508654,0.047647514006624564,0.05919286964618249,0.07478294107400818
2018-11-23,0.8884367798299625,1.0940168545953712,0.04950454291987233,0.06095966034155598,0.06952261070206966
2018-11-26,0.886090285698411,1.09044215391542,0.04934550404903702,0.06072566034155598,0.06282893658302324
2018-11-27,0.8915048853365903,1.0986416277623665,0.04961879698810283,0.06114747859181732,0.06929925558926442
2018-11-28,0.8775941026016517,1.0848815882020868,0.048837882761677685,0.06037337723424271,0.0719738174632063
2018-11-29,0.8992953852465906,1.106106170109793,0.05003982887618339,0.06154747859181733,0.06369293290331624
2018-11-30,0.8841309097986082,1.0911808645885428,0.04918283754887538,0.060700706880301616,0.07162450234521911
2018-12-03,0.8439343771595579,1.0500923802633224,0.047012107160675734,0.05849632014719412,0.08023338452211992
2018-12-04,0.8498440466479453,1.055734942638746,0.04731452121833105,0.05877736455463727,0.08075034593479313
2018-12-05,0.8629755985368972,1.069271032153177,0.04802135536440895,0.05950092250922509,0.08136339463681974
2018-12-06,0.8947677456277731,1.0996699163916503,0.04982420059072727,0.06123396240601503,0.0747948411107826
2018-12-07,0.8936960479587551,1.0984670901000753,0.04973603096406055,0.06113196240601503,0.07615886064563515
2018-12-10,0.9147208877084676,1.1178651733957834,0.05089559560127911,0.06219866034155598,0.07743949548278573
2018-12-11,0.9088437010948547,1.1124644758904776,0.050542276030904276,0.0618659584120983,0.07759538105392938
2018-12-12,0.9036560104089483,1.105750514331482,0.05022630022260673,0.06145895856873824,0.07544721481877237
2018-12-13,0.8702783880404359,1.072743200175712,0.04837229235227065,0.0596258029739777,0.08053037781529682
2018-12-14,0.8925824776442263,1.0933614283451154,0.04962090091952415,0.060782706880301615,0.07719695435291007
2018-12-17,0.8912035609124308,1.0705959224808128,0.04951638153694012,0.05948364492078285,0.06417544568688571
2018-12-18,0.9074256174060028,1.0882516216478557,0.05040380830502377,0.06044795856873824,0.06072761363088475
2018-12-19,0.9316139407947657,1.1116347677300455,0.051737885650353,0.06173547859181732,0.06179121183821645
2018-12-20,0.9515316363984092,1.1342573234272106,0.05282259638953051,0.06296628982725527,0.06266123033984394
2018-12-21,0.9684151620867303,1.1482127439143912,0.05375161069043588,0.06373122480620154,0.05889486802628263
2018-12-24,0.9590352566611228,1.1397893558840717,0.053201626256932755,0.06322879883945842,0.06025016834669783
2018-12-25,0.9772679675770574,1.1588470380675506,0.05418943727767779,0.06425798344693281,0.06238227042955646
2018-12-26,0.9878933568526671,1.1664083595770118,0.054751504910543605,0.06464525,0.061187659545987705
2018-12-27,1.000272686584799,1.1793856850959086,0.055408532751828374,0.06533021568627452,0.060726079309826764
2018-12-28,0.9974763320751963,1.176689188983402,0.055228235581967204,0.06515088693957116,0.06292180868696917
2019-01-02,1.0302454566293562,1.2133801613436228,0.05703883983042404,0.06717796834817014,0.06009534069083933
2019-01-03,1.0395349706544181,1.2199133859044364,0.05752101542348959,0.06750196834817013,0.06039878879206051
2019-01-04,0.9994944387347233,1.1806376348614904,0.05535412910272332,0.06538622480620154,0.06565807658956713
2019-01-07,0.9909283465409306,1.1745549048552668,0.05485335306040174,0.06501809652509652,0.07149690572501566
2019-01-08,1.000527003615961,1.1839270018920052,0.055354188132008764,0.06550079883945842,0.07592248548548541
2019-01-09,0.9874175928916061,1.1694532292037683,0.05461151926800353,0.06467944061302683,0.07720834708120128
2019-01-10,0.9930111085508893,1.1802487934187627,0.05489048843978676,0.06524039076034649,0.08090319539222723
2019-01-11,0.9817280426262172,1.168173221681096,0.05424276355768175,0.06454429445506692,0.0804895596847588
2019-01-14,0.991655314837019,1.1792837174103417,0.0547717934867453,0.06513501542912248,0.07994440877754294
2019-01-15,0.9600415010387161,1.1507404656363038,0.0530467570952157,0.0635837616334283,0.08350908277467184
2019-01-16,0.9721313645939007,1.16131169066839,0.05368446643779776,0.06413166034155598,0.08304322624132898
2019-01-17,0.981131508362846,1.1681423195971756,0.054155636497384016,0.06447809523809524,0.08071290769523731
2019-01-18,0.9509259991124833,1.1344581699832743,0.052502245478516105,0.06263536950420955,0.07696869120103211
2019-01-21,0.9411345688405627,1.1216895417198642,0.05193597891080223,0.06189980297397771,0.07903584146465126
2019-01-22,0.9611654693804387,1.1433750426800342,0.05303671021561124,0.06309095856873824,0.08074933508012605
2019-01-23,0.960964774385038,1.1418579201554246,0.05299594011692333,0.06297195856873825,0.07858533079051377
2019-01-24,0.9504851070446241,1.1317269094838327,0.052392355841193526,0.062382712277413314,0.08096296620794541
2019-01-25,0.9378204363442944,1.1153030896591432,0.05167332621299219,0.061452510677808735,0.07688997415865129
2019-01-28,0.9389867940713144,1.1097083527479734,0.05170856346672784,0.06110993802035152,0.07812117420568598
2019-01-29,0.9377104268235693,1.1068551444344432,0.05161038860587662,0.06091989861751153,0.08509408638253735
2019-01-30,0.9522036540912429,1.1198855233059675,0.05238792975472885,0.0616133784786642,0.08620255172140423
2019-01-31,0.9391187475535123,1.1006671079877663,0.05165272617550749,0.060538091575091574,0.07692429178882221
2019-02-01,0.9183669640204879,1.0827245716517913,0.05050836677396159,0.059547710144927546,0.09037191208443862
2019-02-11,0.8985262336078651,1.0684062219217416,0.04942995660748517,0.058775438282647585,0.09586760742622391
2019-02-12,0.8873656355516962,1.0573351395835122,0.048794582615264065,0.058140888888888895,0.09690212290866373
2019-02-13,0.8594328648023397,1.0277947065196016,0.04727911449456279,0.056541034904013965,0.09896250315373156
2019-02-14,0.8579663123521274,1.0296251159947294,0.04717220082931467,0.05661024454148472,0.10775928097310694
2019-02-15,0.88364944440067,1.0576801073118844,0.048602027461717975,0.05817397153024911,0.103664898201975
2019-02-18,0.832010580435143,1.0067814991908228,0.045854051885812847,0.05548608658008658,0.10976465117854106
2019-02-19,0.8319360079688563,1.0053356429930693,0.04582487691283618,0.05537611265164645,0.11586512255257952
2019-02-20,0.829228174678128,1.0019408052881287,0.04565144795419167,0.05515978583765112,0.11365454968093491
2019-02-21,0.8307519282854153,1.0049177246189647,0.045710897104142265,0.05529411265164645,0.12304527618705463
2019-02-22,0.7981050946218878,0.975777599060786,0.04394494330659402,0.053727875638841564,0.12956825923027737
2019-02-25,0.7091341625832616,0.8775793233235842,0.03937524484879514,0.04872829790660225,0.12641904124315362
2019-02-26,0.7235131283053805,0.892621781636398,0.0401669065493158,0.04955522475570033,0.11418402065380162
2019-02-27,0.7298448113060793,0.8917500035644931,0.04049632508945711,0.04947983116883117,0.11124272290909798
2019-02-28,0.732990720429619,0.8998343504805635,0.040649091256008824,0.04990165306122449,0.10619065157595031
2019-03-01,0.7023986423526738,0.8650541258586142,0.038976385689386786,0.04800220447284345,0.1064655429793655
2019-03-04,0.6851720859771712,0.8488234452557023,0.03801189380748662,0.0470909240506329,0.1055960655761965
2019-03-05,0.6762950136523309,0.8413396068824855,0.03750130225998274,0.04665320646178093,0.1091939323441784
2019-03-06,0.6687086395327729,0.8306626750619698,0.03706602110181877,0.046043012490242,0.10907820655782574
2019-03-07,0.6901505604825892,0.8534331384361223,0.0382441724782748,0.04729235331230283,0.1067209400030904
2019-03-08,0.7426770790525231,0.9125658823960259,0.041299035316941644,0.05074626869350863,0.10383335796424209
2019-03-11,0.7182363042104183,0.8903848999401303,0.03995551535572081,0.04953214886731393,0.10123659560288312
2019-03-12,0.7093145392484743,0.8805301982509273,0.03944141112363778,0.048961852090032155,0.10001633455011794
2019-03-13,0.7214583176199807,0.897004553634841,0.04010207589180487,0.049859768480909825,0.10289375783382826
2019-03-14,0.7292409035141195,0.9063493110905279,0.04051766480103515,0.0503580605564648,0.10289728754636251
2019-03-15,0.7153909164306257,0.8939701933465963,0.0397409520295746,0.049661277147487845,0.10264881574070972
2019-03-18,0.6792557077947509,0.8558592795464021,0.037787383777545536,0.047611941548183254,0.10975055992582239
2019-03-19,0.685688211595803,0.8607804482979903,0.03812658245443552,0.0478623026941363,0.10232931312115401
2019-03-20,0.684542829314023,0.8610189188255497,0.038041889385070075,0.04784914115781127,0.10128899007839065
2019-03-21,0.6876911838760551,0.8644108015551626,0.03819577270743839,0.04801114115781127,0.09894748588249458
2019-03-22,0.6932079811790467,0.8709547412811334,0.038481105130501445,0.048348117553613984,0.10122311633504188
2019-03-25,0.7278307191026605,0.9107356724543145,0.040439673931827166,0.05060222475570034,0.10095868157797572
2019-03-26,0.7465827360188204,0.9301738560010434,0.04147296719385898,0.05167152674897119,0.09704740347183693
2019-03-27,0.7277176279495561,0.9102218644359966,0.040415440242096985,0.050551224755700334,0.09803283855889422
2019-03-28,0.7379958142581163,0.9163428932576512,0.040965663216758146,0.05086559250203749,0.09436099590909186
2019-03-29,0.6873558551294062,0.8641928676350157,0.03827272770278732,0.04811920646178093,0.10189842090909074
2019-04-01,0.643658436715836,0.8157641339079388,0.03587927502134737,0.04547291551459294,0.09590325671630073
2019-04-02,0.6388778668405959,0.8110052319745291,0.03559334279373921,0.04518295080707148,0.09857093445811538
2019-04-03,0.6123742583170001,0.7827088863336369,0.034111013813821936,0.04359914426727411,0.10122497284746035
2019-04-04,0.5948444083335359,0.7603448953204623,0.03312387112976578,0.04233975468867217,0.08990398483445894
2019-04-08,0.600090347956103,0.7653102320361715,0.03339781982833096,0.04259307507507507,0.08522679066542627
2019-04-09,0.5882406369723231,0.7585079034338962,0.032721717526765684,0.04219307507507508,0.08974879419766446
2019-04-10,0.5849895728672634,0.758015806032958,0.03252341084614438,0.04214307507507507,0.09344034916116706
2019-04-11,0.6135796516549014,0.7838885530888772,0.03413537238551911,0.04361019404125286,0.08174656598432661
2019-04-12,0.6070538617648221,0.7775682443114673,0.03375444629486535,0.04323567840735068,0.08020029781817528
2019-04-15,0.604443363765036,0.7717893317662345,0.033592065544329947,0.04289235249042145,0.0762312267400378
2019-04-16,0.5676862951554851,0.7282096844497843,0.03159041306900393,0.04052316381236038,0.07370938014929851
2019-04-17,0.5678855237395793,0.7265988439045329,0.03158424117116947,0.04041144237918216,0.07706544453658348
2019-04-18,0.5790532525632458,0.7392373792199793,0.032189094873974484,0.04109359895444361,0.07978022609315083
2019-04-19,0.562813396346996,0.7257153208818403,0.031279475231639174,0.04033307407407407,0.08702974755586634
2019-04-22,0.5839321525496501,0.7490985151339458,0.03247964423897406,0.041666575757575756,0.08360943638420748
2019-04-23,0.5883053387863735,0.7533296713247565,0.03270540702143702,0.04187953414264036,0.08310770174072402
2019-04-24,0.5793312944437925,0.7463957136694578,0.032189405152605446,0.041472011372251705,0.08085815930104356
2019-04-25,0.6087411055122499,0.7759995262682335,0.0338467482208719,0.04314652049497293,0.0816205003476238
2019-04-26,0.6283436089353927,0.8039506846854878,0.03493395027248698,0.044697157480314956,0.08892200168129105
2019-04-29,0.6214314873902956,0.803682422051258,0.0345313750584355,0.04465859826361484,0.09144591845719141
2019-04-30,0.625225093724795,0.8203173227823555,0.034724005883311995,0.045559117553613984,0.10595686308851326
2019-05-06,0.7023445043199271,0.898012944470848,0.039318443621450316,0.050272296730930435,0.09821255051572897
2019-05-07,0.6901934501960351,0.8895481525178912,0.03862572285141288,0.049782333333333324,0.09943668457405974
2019-05-08,0.7115269872282993,0.9119180973553432,0.039819018574512755,0.05103345945945946,0.09429637671402369
2019-05-09,0.7418060677662212,0.943082888987245,0.04152699019323538,0.0527946529209622,0.09447062100496639
2019-05-10,0.6953655557090889,0.8964698708221279,0.03902891355120538,0.05031633333333333,0.09377815479850948
2019-05-13,0.7227067739679339,0.9244232619705137,0.0405698241774755,0.051893368866328254,0.07911299280153816
2019-05-14,0.7291605162292116,0.9311287506547422,0.040914566022800594,0.0522473829787234,0.07691092075910855
2019-05-15,0.7017143825982634,0.9043845253496209,0.03940048490103462,0.050780188805346696,0.08050942201809863
2019-05-16,0.6984016235480545,0.8991935427162248,0.03919490332012346,0.0504635195344971,0.07811971572122367
2019-05-17,0.7312931324919979,0.9308606496078299,0.041084846291960464,0.05229676720475786,0.0730755590891794
2019-05-20,0.7422273907297552,0.938011778916766,0.04168456243991955,0.05268009649871904,0.06956271984026241
2019-05-21,0.7199748655173903,0.9165593301038732,0.040430243777429535,0.05146945945945946,0.07198231297619473
2019-05-22,0.7220416295033218,0.9184956866332765,0.040527001126344345,0.05155364206955047,0.07535043129614771
2019-05-23,0.7477258645832641,0.9420385366052251,0.04197612304233201,0.05288452278589854,0.06903907827224187
2019-05-24,0.7439790814751268,0.9381419462858318,0.0417439911546231,0.052638293310463116,0.06787964299376581
2019-05-27,0.721337134954604,0.9173417165800218,0.04046614586936499,0.051461767204757855,0.06992085870150433
2019-05-28,0.7160524443726262,0.9120013679589655,0.04015697607488578,0.051145998315080037,0.07367403228385805
2019-05-29,0.7236219100737723,0.9177598118141138,0.040560265337421714,0.05144203204047218,0.07613414435114207
2019-05-30,0.7338977944397366,0.9254989691671712,0.041117646172764435,0.051852368866328255,0.07191440929880377
2019-05-31,0.7380831393288162,0.9323770862314495,0.041330795806030454,0.052210767204757855,0.07193461298264592
2019-06-03,0.74379873579697,0.9378424769899472,0.0416285118340463,0.052488643463497464,0.07003562431707566
2019-06-04,0.7621064637124019,0.9538730410702876,0.042639767818089244,0.05336908547008547,0.06758104901265294
2019-06-05,0.763092297970051,0.953097366026251,0.04267203466515391,0.05329709649871905,0.06551765486507888
2019-06-06,0.774756605585747,0.9646094488056971,0.04330957824592714,0.053922519793459564,0.06145308202624
2019-06-10,0.7559543979455121,0.9469617549316042,0.042252034102459896,0.05292787563884156,0.06559955854001331
2019-06-11,0.7081297242005108,0.9040040688833024,0.039646427742035625,0.05061294671107411,0.07306503496557282
2019-06-12,0.7194308540048259,0.9152235085754798,0.04026358687805579,0.051221296730930434,0.06808927454562452
2019-06-13,0.7248569683531475,0.9209038529939126,0.04054589717419984,0.05151205625524769,0.07045004694566481
2019-06-14,0.7386485087431516,0.9340619807702129,0.0413021466868564,0.05222885376162299,0.06790034109851595
2019-06-17,0.740243348444665,0.9140282504781962,0.041369199704606674,0.051081333333333326,0.04775710880842232
2019-06-18,0.7354123214721823,0.908643004773242,0.04107825470848997,0.05075447840531562,0.04771678122918388
2019-06-19,0.7142334573795374,0.8917525661602436,0.03989431271451833,0.04980984210526316,0.05398030111904406
2019-06-20,0.6767092230421313,0.8539544003341493,0.03785986539744784,0.04777620512820512,0.055906087544873584
2019-06-21,0.6764215975123508,0.8529913371161765,0.03782369120608357,0.047697,0.06233045473265664
2019-06-24,0.6719357462802129,0.8473299844593695,0.03755305103721274,0.04735545969672786,0.059841757357882
2019-06-25,0.6873052033454379,0.8631503517149672,0.038402104359764634,0.04822717727639001,0.06119001914115496
2019-06-26,0.6881750541220397,0.8641413444346235,0.03843055998103584,0.048257250201775626,0.06378461864844698
2019-06-27,0.6729009389181084,0.850994868704489,0.03756806552514265,0.047511051240992794,0.06838628342251418
2019-06-28,0.6808799250294905,0.8614087952377643,0.03799363285331169,0.04806728514056225,0.07871082323760037
2019-07-01,0.6450741525786765,0.8263763191723293,0.036046325111546214,0.04617737254901961,0.07919365312715021
2019-07-02,0.6552213029052428,0.8355631672518338,0.036593876920620924,0.04666590595611286,0.07896715154913769
2019-07-03,0.6714015612752805,0.8517810410839445,0.037488281285403435,0.047559924050632904,0.07496203643191457
2019-07-04,0.6798142165301112,0.8591443821428313,0.037940644739735,0.04794911755361398,0.0731492603877133
2019-07-05,0.6690628106170932,0.8509761264075327,0.03732355923125468,0.0474715637371338,0.07421137471463002
2019-07-08,0.6962143404403339,0.8806763476920565,0.038868460356505236,0.04916665991902834,0.07814170275308663
2019-07-09,0.7015916314551164,0.8880880368514024,0.03914838329335525,0.049554768480909825,0.08038276541141331
2019-07-10,0.7035272858465877,0.8952210528874972,0.039235854213072935,0.049926653061224485,0.07985597433582514
2019-07-11,0.7041161020911668,0.8949673445540742,0.0392478947142889,0.04988606851549755,0.08047742251091439
2019-07-12,0.6974464967810743,0.888503505839607,0.038860825352130195,0.04950627714748785,0.08331794184652797
2019-07-15,0.6885741715540248,0.8809093757740001,0.038347399577873025,0.04905874373484236,0.09012479783722505
2019-07-16,0.6957920858972025,0.8881186475788967,0.038731036638945386,0.049436831168831165,0.09331999475071084
2019-07-17,0.6965952838915591,0.889322814789443,0.038755308655204594,0.049477768480909824,0.09153855080399853
2019-07-18,0.7115210636805461,0.9042430493331796,0.0395732935239521,0.0502920819000819,0.09179756457210275
2019-07-19,0.6992604972630379,0.8933996356296119,0.03888103507609401,0.04967576848090983,0.09424036682140513
2019-07-22,0.7099786208896406,0.9058745753359971,0.039461044111663124,0.050349060556464806,0.09522476331416141
2019-07-23,0.707323168606539,0.9027335326245068,0.03929321655028145,0.050148653061224485,0.09347470260801205
2019-07-24,0.6938670106762775,0.887112751182439,0.03853066102748206,0.049261659919028346,0.0848034102929851
2019-07-25,0.6855334586484909,0.8817479312686045,0.03805345663150282,0.048945177276390014,0.08359897767945146
2019-07-26,0.6831966929701013,0.8794008077866363,0.03790403695462433,0.04878952292839903,0.07890993319413275
2019-07-29,0.68220912387878,0.8790413086870558,0.03782953331691093,0.04874417727639001,0.08120777332429996
2019-07-30,0.6790130064440514,0.8738309148003172,0.037633816794569105,0.048431461908580595,0.07866268412248467
2019-07-31,0.6944736461055131,0.8872328426873947,0.03847818476871091,0.049158250201775625,0.08157953440666654
2019-08-01,0.706908442157147,0.9005682208333877,0.03915368935515032,0.049879965012205055,0.08374766951575552
2019-08-02,0.7364253794636,0.9327451602679204,0.04078872958993207,0.051662383154417846,0.08200921139229256
2019-08-05,0.7680390770597445,0.9675813895816866,0.04255577473113929,0.053612084175084174,0.08133902172214391
2019-08-06,0.7812536822371965,0.9837446375187802,0.04327663347377249,0.0544933829787234,0.0841526243924895
2019-08-07,0.7893419525496199,0.9912523724647831,0.043703835426439006,0.054883096498719044,0.08405247952447592
2019-08-08,0.7729568595266735,0.97531605378863,0.04279165471900349,0.05399445945945946,0.08935575086608849
2019-08-09,0.791027428648555,0.991780299331922,0.04377965415772244,0.0548903829787234,0.08706988446438158
2019-08-12,0.7642909607052739,0.9664662839646828,0.04230960073655744,0.05350161744966443,0.09092287329996473
2019-08-13,0.7832446559874149,0.9859181134482332,0.04334528395917697,0.05456136886632826,0.09232744972666596
2019-08-14,0.7768939721427757,0.9787937121319199,0.04297311549454339,0.054140998315080034,0.09944388727705955
2019-08-15,0.7726069332852059,0.9765353472591174,0.042714786892135995,0.053989289318755254,0.10512841031119002
2019-08-16,0.7655899983380288,0.9815866061019466,0.04230649052184108,0.054242459459459456,0.1136651881689894
2019-08-19,0.7381102846895514,0.9536351777961355,0.04081108564292352,0.05272773963515755,0.11842162225442632
2019-08-20,0.7377815281163018,0.9530946204043649,0.04077177586716392,0.05267055186721992,0.1127309343373879
2019-08-21,0.7360886182455184,0.950305058263077,0.040657373435868574,0.05248947840531562,0.10847866388428451
2019-08-22,0.7331645500209262,0.9499686299605867,0.040475532620876845,0.05244455186721991,0.10830820437351352
2019-08-23,0.7228746149799706,0.9435533427792329,0.039891065461159295,0.05206898593879239,0.11547784215846457
2019-08-26,0.7446340506845088,0.9702078685359276,0.041091626366704125,0.053539613445378144,0.1197282131909263
2019-08-27,0.7272739055875752,0.9508811114893991,0.04012939252029417,0.05246755186721991,0.12010822599321291
2019-08-28,0.7329285062460198,0.9601290374832442,0.04042202825162661,0.052952454090150244,0.12449843808967032
2019-08-29,0.7415809661665621,0.9731078843653693,0.040879257628120946,0.05364205625524769,0.12940220450130524
2019-08-30,0.7346684577313422,0.970310727744073,0.04047757620963531,0.05346061344537814,0.12856778692132842
2019-09-02,0.7162124183825711,0.956285753286355,0.03945468432888688,0.05267983569641367,0.12787798332072908
2019-09-03,0.7171187850117516,0.957316144584495,0.03948419055983361,0.05270933333333333,0.12482233269228438
2019-09-04,0.7091558270810808,0.9453958866664522,0.03903243271593804,0.05203525082508251,0.12647014607306062
2019-09-05,0.7026564099806792,0.9364262553974694,0.03866328755290126,0.051526346405228754,0.11618870507243484
2019-09-06,0.696113703271269,0.9295988717298759,0.038286160123043256,0.051127813008130074,0.11550848489252741
2019-09-09,0.6878470038383381,0.920238096260795,0.03781487817268388,0.05059074373484236,0.10986166204666081
2019-09-10,0.6897618229188521,0.9222701746108417,0.03790185477487543,0.05067800081103,0.10861992481554106
2019-09-11,0.6979128704178282,0.9268062692521618,0.038335417493232375,0.05090822475570033,0.10257058308103906
2019-09-12,0.6788365138362009,0.9074933523280679,0.037277748194881236,0.04983425020177562,0.10579184956724386
2019-09-16,0.6833291557611308,0.9093928366561493,0.03750656297423606,0.049914743734842365,0.10234495568953261
2019-09-17,0.7021052036554586,0.9306999262526224,0.03854394827978301,0.05109326869350862,0.1028945133483401
2019-09-18,0.6931258709591656,0.9237738599510315,0.03803312316096617,0.050689213114754106,0.10766744461209643
2019-09-19,0.6934530702174835,0.9222303405420103,0.038032381026661205,0.050579653061224486,0.10619512420262356
2019-09-20,0.6920073860211148,0.9203868978733916,0.0379340517125992,0.05045322475570034,0.11077719690758503
2019-09-23,0.7067007576198769,0.9359967868333747,0.03873241332557361,0.051299526748971196,0.1098113486669523
2019-09-24,0.7004200440336602,0.9303474492598569,0.038368886109000536,0.05096426869350863,0.11237765446571713
2019-09-25,0.7119103218278737,0.9427373288597397,0.03898433067088693,0.051624456953642386,0.11433325864311206
2019-09-26,0.7184869333831406,0.9465331436250327,0.0393303172713212,0.0518136755407654,0.1103987602035994
2019-09-27,0.7136273472907909,0.9426336101517032,0.039044818491426735,0.051574478405315614,0.1145508656981955
2019-09-30,0.7284978076638363,0.9581803273788555,0.03984794268292778,0.05241129673093044,0.1107221441234556
2019-10-08,0.7278129260462141,0.9572931891687113,0.03979304292352109,0.05233983569641367,0.11126497111919931
2019-10-09,0.7263289011438009,0.9522324156485352,0.03969159989906225,0.05203651953449709,0.11095166725322136
2019-10-10,0.7129445875393269,0.9401211565733195,0.038945743149152154,0.05135562809917356,0.11434177329463013
2019-10-11,0.6963355193076313,0.9192910711715087,0.03802662775836526,0.05020214881439084,0.1135678856266571
2019-10-14,0.6822443042916916,0.9023737604010219,0.03724716817992388,0.049265148867313924,0.11284109579522883
2019-10-15,0.688032355160713,0.9071081694897295,0.03754587886763526,0.049500831168831166,0.11320790277241488
2019-10-16,0.6928189830431704,0.9131471002032986,0.03778904051540519,0.04980659250203749,0.11479321730907976
2019-10-17,0.6951486546009584,0.9146721850970609,0.03789669054817339,0.049864224755700334,0.11602822164862148
2019-10-18,0.7085512176834724,0.928874923960355,0.03862715351437854,0.05063825082508251,0.11641374904841695
2019-10-21,0.6996034652007841,0.9158938856366056,0.03812043679567904,0.049905806239737276,0.11761830896383096
2019-10-22,0.6954797078829137,0.9138652221953073,0.037877433036432685,0.04977121311475411,0.12323654932408279
2019-10-23,0.705885724836182,0.9230341128667082,0.03842868330511209,0.050250322899505755,0.12363255497808678
2019-10-24,0.7055518200094465,0.9233934770790047,0.038390902024874614,0.050244230832646335,0.12469821619446964
2019-10-25,0.6943642697500252,0.9180447786510962,0.03776652651275507,0.049932526748971195,0.1344906303217943
2019-10-28,0.6752338885375434,0.9057592831060263,0.036711822768148834,0.04924526869350863,0.14131504735494893
2019-10-29,0.6795232706699642,0.9155096551972948,0.03692801280803529,0.04975245695364239,0.14234302194446435
2019-10-30,0.6849039275960304,0.9268702232625646,0.037203880527550734,0.05034745409015025,0.14391701772428545
2019-10-31,0.6918273896638184,0.9447917277672147,0.03756102339221367,0.05129508417508417,0.14746661609416067
2019-11-01,0.6730313666570367,0.9288763156533352,0.03654537975417011,0.0504376755407654,0.15291109319311635
2019-11-04,0.6619922461060771,0.9155041997242785,0.03593081333291595,0.04969062809917356,0.155172213114541
2019-11-05,0.6642290432224184,0.9151085409829695,0.03603672500017289,0.04964780623973727,0.15350446345045743
2019-11-06,0.6689183644455698,0.9173980584735465,0.03627473565862417,0.04974952674897119,0.15864045900573487
2019-11-07,0.6642633675019152,0.9157722479833366,0.036004138662474594,0.04963632289950576,0.16645194488213044
2019-11-08,0.6706221230176074,0.9231969899442948,0.03633259522444321,0.05001645695364239,0.16500549785130536
2019-11-11,0.6994797707180377,0.9542458309687497,0.03790591020493996,0.05171208417508417,0.14658164064955148
2019-11-12,0.6985492730768026,0.9518170926227802,0.03783627296329742,0.05155428931875526,0.14064522437718008
2019-11-13,0.7040460782676966,0.960865072250256,0.038114820348852406,0.05201818565400843,0.13578502927861957
2019-11-14,0.699611422550382,0.9579308417346784,0.037855643821897975,0.051833185654008435,0.13671715098438364
2019-11-15,0.7138076891870854,0.9699172517706429,0.03860972390783952,0.05246264206955047,0.1357848882132513
2019-11-18,0.7109937079400626,0.966400963599412,0.038443207759905014,0.05225299831508003,0.13728522530812515
2019-11-19,0.7034040547435065,0.9595739629324299,0.03802197074445126,0.051869040133779264,0.14124108826377757
2019-11-20,0.7170401041085547,0.9741061130771511,0.03874920887469929,0.05264118565400844,0.13648561232571477
2019-11-21,0.7240408128085162,0.979794051006062,0.03911012080241724,0.052925005080440304,0.13111548878115498
2019-11-22,0.7383417180428656,0.9934574399799043,0.03987297575911357,0.053650096498719047,0.12622787471956576
2019-11-25,0.7271918267877733,0.9767539907244868,0.039255444105406684,0.052727368866328256,0.1216837472467378
2019-11-26,0.7272793009983944,0.9769630304956262,0.039241207312007385,0.05271318565400843,0.12208517023700582
2019-11-27,0.7331745271689032,0.9822454103409916,0.03954122943024154,0.052974005080440305,0.12010117556244149
2019-11-28,0.7395886507687057,0.9903131011880125,0.039868411866613745,0.05338401360544218,0.12066907328422793
2019-11-29,0.7520631951812827,1.0027881567350132,0.04052834746112578,0.0540398029134533,0.12304073221287193
2019-12-02,0.742792295747157,0.992917390915519,0.04000878943449406,0.053481199315654405,0.12151048299576517
2019-12-03,0.7443648757821653,0.9951911328123876,0.04007446685700963,0.05357823208191126,0.12305551197501341
2019-12-04,0.745653338478019,0.9996675892090711,0.040123670544853496,0.053792199315654404,0.1295368172525675
2019-12-05,0.7358550287966699,0.9874311375018194,0.03958143525756089,0.053113643463497465,0.1303137257904392
2019-12-06,0.7293704729839354,0.9816486908421117,0.0392157268290287,0.05277985376162299,0.1304314572800367
2019-12-09,0.7297836263953911,0.9819670379892473,0.03921864376933906,0.0527710050804403,0.12826943218407516
2019-12-10,0.731400845660767,0.9848234138723987,0.03928587105526973,0.052898005080440305,0.13164058532853073
2019-12-11,0.7329059074175995,0.9827002962417127,0.03934694417622491,0.052757459459459456,0.12761229935559149
2019-12-12,0.7387357476334084,0.9880969459950021,0.039641100726891185,0.053022005080440304,0.12344605115662777
2019-12-13,0.7098076691133985,0.9530142466467703,0.0381037769283388,0.05115955186721992,0.12271569212730893
2019-12-16,0.7038552475505193,0.9302002586826469,0.03776705879364512,0.04991214881439084,0.11181837307794029
2019-12-17,0.6818227267231192,0.9066202877412163,0.03658149330171154,0.04864244426494346,0.11690503336099556
2019-12-18,0.6854061938763879,0.9081657140128895,0.03675593153692627,0.04870174373484236,0.11526831423437023
2019-12-19,0.6880580361409868,0.9098339187096425,0.03687994917295179,0.048767148867313925,0.11705867424495042
2019-12-20,0.6982609910126581,0.9201245271625027,0.03740882359089702,0.04929500081103,0.1159247233331624
2019-12-23,0.7179425408990148,0.9428736372618824,0.038459061033388496,0.05050826869350863,0.11688589326066179
2019-12-24,0.7126377241877796,0.9380871830762822,0.03815915217713225,0.05023114881439084,0.11612033684423873
2019-12-25,0.7155517047898707,0.9411498154546397,0.038296116207743695,0.050370060556464806,0.11958504267198555
2019-12-26,0.7110371702658681,0.933912084782519,0.03804178616496885,0.049966000811030004,0.1337099302070801
2019-12-27,0.710289446344214,0.9314757410856812,0.037982984019186886,0.04981100081103,0.1327264862918156
2019-12-30,0.6913375253684301,0.9114965632158355,0.036969101635932256,0.04874205124099279,0.13658658104343724
2019-12-31,0.6867182670749775,0.9075350820647925,0.03670467847970694,0.04850720447284345,0.1369930171490683
2020-01-02,0.6679828174942753,0.8865150124525044,0.035700008992576845,0.047379353312302835,0.14112100343774325
2020-01-03,0.6720988394510354,0.8891792993861691,0.035902492096436076,0.04749859826361484,0.1389219287210064
2020-01-06,0.679127938636254,0.8956901763627498,0.03626141967847596,0.0478245637371338,0.13833928220334712
2020-01-07,0.6699749516777616,0.8873489572746202,0.03575908771193462,0.047361157480314955,0.1429883238406242
2020-01-08,0.6860513229086699,0.905915631397101,0.03661119490711204,0.0483442749003984,0.14325486317553748
2020-01-09,0.6736351555837449,0.8971103409671434,0.035943351437406096,0.047867383399209484,0.14757744798150663
2020-01-10,0.6816997582177089,0.9032285939702225,0.03635562218243975,0.04816994154818326,0.14522471121687142
2020-01-13,0.6698009745948721,0.8914865989835196,0.03571066280537049,0.04752990595611286,0.1492038054369893
2020-01-14,0.6719514436381995,0.8924752705086029,0.03580873535080007,0.04756059544383346,0.14447296808103394
2020-01-15,0.6815526881555796,0.9039910533586494,0.03630539188443133,0.04815438339920949,0.14284981049374923
2020-01-16,0.687388131404266,0.912260147905536,0.03659995422192945,0.0485732559618442,0.14459195906099342
2020-01-17,0.6881102304542663,0.9131402094434813,0.03662031887674712,0.04859611755361398,0.14480583104119793
2020-01-20,0.6805865723218277,0.9062843419817633,0.03620616522854034,0.04821294154818326,0.14362073785187235
2020-01-21,0.7111137191509755,0.9381589147217613,0.03783865356255854,0.049919821829855535,0.14161020886829268
2020-01-22,0.7075491120266668,0.9323933445146273,0.03763165550934579,0.049590204472843444,0.14114018053452693
2020-01-23,0.7541440853406945,0.9778513728218536,0.040182750633724076,0.052102454470877774,0.13104052327147153
2020-02-03,0.8866684360677675,1.1225046644129755,0.047913774598353304,0.060657888888888886,0.12979613346359953
2020-02-04,0.844218562767624,1.0768843450373327,0.0456683927038357,0.058254555555555546,0.13436716929185932
2020-02-05,0.8316582822274581,1.0639911478765909,0.04497911384622725,0.057544522785898534,0.13620591004053106
2020-02-06,0.8081034500884008,1.04036680546807,0.04371696813503591,0.0562820050804403,0.14088679052858843
2020-02-07,0.8158535793418261,1.0490131157974965,0.04411446571844926,0.0567217627118644,0.1421959392260963
2020-02-10,0.8141181937597981,1.0470122025928386,0.04400032795272606,0.05658745945945946,0.1438722951781537
2020-02-11,0.7940129857621644,1.0255835938346232,0.04290037624610038,0.05541209380234506,0.1437848374363171
2020-02-12,0.7844140418662494,1.0157590867806536,0.042366609577551825,0.0548616755407654,0.14677060809068143
2020-02-13,0.7958477112045985,1.02763060749974,0.042967223049715356,0.05548100836820084,0.15090171283295883
2020-02-14,0.7795680208761795,1.0110356625077068,0.042071806297653946,0.0545636755407654,0.15280682609367813
2020-02-17,0.7453384673779778,0.9722830194336832,0.040249765723095784,0.05250522475570034,0.15555774131307576
2020-02-18,0.7574066361766227,0.9862384060539973,0.04088399059259166,0.053236081900081896,0.15939539618551768
2020-02-19,0.7582449320866469,0.9858833144350393,0.04090947395627172,0.0531912131147541,0.15479652839031743
2020-02-20,0.7277239407338955,0.9544201247415897,0.03928959410260242,0.051528852090032155,0.15234095303241202
2020-02-21,0.7343412195552371,0.9560961427640396,0.03962743579382534,0.0515940512409928,0.14797631261242983
2020-02-24,0.7468151204438707,0.9737847261028395,0.04028260415662275,0.05252516129032258,0.15013403530923464
2020-02-25,0.7486571673791206,0.9784488472851102,0.040362772565072695,0.05275165991902834,0.14954510614768557
2020-02-26,0.7697896510393625,0.9966449776014699,0.04149720951831139,0.05372634640522876,0.14593291322007573
2020-02-27,0.7720352781610381,1.0033888905652495,0.04159845754814415,0.05406414881439084,0.14521653269070156
2020-02-28,0.823950766877366,1.0607997981971824,0.04450484936630468,0.057298005080440306,0.1449460256865891
2020-03-02,0.7796975259032276,1.0102744131519261,0.04219549748254883,0.05467380623973728,0.1465552530655172
2020-03-03,0.7728789835792733,1.0023492704330648,0.04180832004782842,0.05422134640522876,0.1461144718225862
2020-03-04,0.7802461558317859,1.0080155561519468,0.042188968039418726,0.05450476848090982,0.14042039498152858
2020-03-05,0.7507612584928791,0.9756965354646833,0.04061899402544837,0.05278883439490445,0.1406414142251211
2020-03-06,0.781928008007522,1.0083036824977227,0.042311234605741446,0.05456074373484236,0.14023112763904244
2020-03-09,0.8453356706110785,1.0718423991824635,0.04584438316427593,0.058128333333333324,0.14088687007323664
2020-03-10,0.8009912571872854,1.0265961322230985,0.04346175005323903,0.055703060556464803,0.14063465820637
2020-03-11,0.8198644016360902,1.045079232136956,0.04448306359177747,0.05670245695364239,0.13866746330576118
2020-03-12,0.8401230937802341,1.0635195180828658,0.04559986707084872,0.05772528931875526,0.13207372332364953
2020-03-13,0.8526643462198868,1.0776689437447147,0.0462799477104029,0.05849249190110827,0.1293213280060912
2020-03-16,0.9103076516872497,1.126029090065565,0.049594904499469,0.0613477268722467,0.11811873280196328
2020-03-17,0.9112396994230483,1.1281833160457582,0.0496245760498485,0.061438959255978746,0.11863993543667539
2020-03-18,0.9398954136685286,1.1584946486234833,0.051207059136562004,0.06311670758122745,0.1166938215622948
2020-03-19,0.9565100797324684,1.1798772574696925,0.05210773331560849,0.06427609157509157,0.11377818228607772
2020-03-20,0.9402257201666833,1.1597780441521426,0.05123103106330812,0.06319400090009,0.11392009801617364
2020-03-23,0.997798119645573,1.2201089981337434,0.05448292721102125,0.06662180297397771,0.10904102064432064
2020-03-24,0.9591409314760426,1.176136284891167,0.05242917203202187,0.06429071014492756,0.10948624508389648
2020-03-25,0.9210580406419818,1.1367732759188969,0.050402193209554455,0.062206575221238944,0.11005185117182092
2020-03-26,0.937673479401613,1.159486045744314,0.0512920479680039,0.06342550491510277,0.11081122923731246
2020-03-27,0.9314035488980076,1.1529137478619194,0.05092529734992199,0.063036559714795,0.11306927692649715
2020-03-30,0.9451045059020217,1.174354577602405,0.05166103431043409,0.06419223667570009,0.11590226283022775
2020-03-31,0.9459794823541908,1.1868511224507545,0.05168477706765452,0.06484510163339383,0.12421489732517399
2020-04-01,0.9577268931988803,1.1983227444922737,0.052302589073400074,0.06544181073703366,0.12301796750852412
2020-04-02,0.929998162970094,1.1672872968635961,0.050792119796724086,0.06375173476702509,0.12279173479723005
2020-04-03,0.9370265177021958,1.174594996694062,0.05115542806973754,0.0641250900900901,0.12325811212909876
2020-04-07,0.9211393632868242,1.158834107475681,0.05032043051318565,0.06330532979664014,0.12656646828406126
2020-04-08,0.9338957972806997,1.1732392043380822,0.05099550907041431,0.0640648888888889,0.13086621030573298
2020-04-09,0.9230226729449761,1.1620874570641682,0.050378378016226716,0.06342648226950355,0.12679723244827112
2020-04-10,0.9294484998855369,1.1694381525855313,0.05070953420007254,0.06380306601248885,0.12651744569316303
2020-04-13,0.9317252703460511,1.1711296485818685,0.05081160530694394,0.06386751477170993,0.12565986341519686
2020-04-14,0.9067413880433232,1.1459616908512538,0.04946473400448767,0.0625147268722467,0.12861916904745585
2020-04-15,0.920444936736476,1.1560024506257223,0.05019485749354276,0.06304057522123893,0.12762276107039572
2020-04-16,0.9229641080550887,1.1584062838997822,0.05030806716705443,0.06314132979664014,0.12828002400170768
2020-04-17,0.9046818526703987,1.1401654714486222,0.04929744852783559,0.06212929824561403,0.12524580131129204
2020-04-20,0.8946719656493625,1.1289980863676266,0.048729661030949264,0.061492587412587424,0.12252357079645826
2020-04-21,0.9141478789654243,1.1499879049905612,0.04978289450049271,0.06262632979664014,0.1270180481467842
2020-04-22,0.9078712751355699,1.1445081209870045,0.04942406808874536,0.06230646221441123,0.1292467736490841
2020-04-23,0.9186330739914262,1.1555543633957805,0.049986811512333376,0.0628787268722467,0.13224225807533085
2020-04-24,0.933730276978941,1.159669593492856,0.050792830109658,0.06308342151675485,0.12507866400735068
2020-04-27,0.920746430451683,1.1470789965850872,0.050067094448205014,0.06237429824561403,0.12806811422186914
2020-04-28,0.9138819001325216,1.1421486892339792,0.049674652819604204,0.06208224454148473,0.12993393080688098
2020-04-29,0.9129606315019771,1.1332421365562664,0.0496027956189818,0.06157108658008657,0.12126504734575017
2020-04-30,0.8906830372652765,1.047915049746648,0.04838341656789849,0.056924526748971194,0.07943185904350947
2020-05-06,0.8754860036374678,1.0367091938100204,0.0475384652346367,0.05629280623973727,0.08342582108391539
2020-05-07,0.8712012805671845,1.0331571421704968,0.04728421255875653,0.05607432289950576,0.08177101759609084
2020-05-08,0.858905070688069,1.0226707636561032,0.0466060626798729,0.055492346405228765,0.08711640520233166
2020-05-11,0.8519128988062438,1.0128746211455086,0.04620467188858497,0.054934653061224484,0.0804056476457502
2020-05-12,0.8545412763010816,1.0175743991412833,0.04632505262751907,0.05516314881439084,0.0765862235627448
2020-05-13,0.8440054839323847,1.005633517747438,0.0457322830189134,0.05449006851549755,0.06582140776331502
2020-05-14,0.8610385357374548,1.0235739347830868,0.046646016451268396,0.05545123083264633,0.07233464432341608
2020-05-15,0.8691779625472071,1.0309327935250605,0.04706566404322626,0.05582462809917356,0.0675091219024273
2020-05-18,0.858603112325247,1.0208948110477758,0.04647132086217236,0.05525525082508251,0.06954673142756618
2020-05-19,0.8475223261501261,1.0084016958761899,0.045856445054719995,0.054561060556464806,0.07156446118506543
2020-05-20,0.8622436211510728,1.023158851607685,0.04663385264657067,0.05533684210526316,0.0657358370467549
2020-05-21,0.8714709858104304,1.0307754219310992,0.04711397364544115,0.055726383154417844,0.0659979214758013
2020-05-22,0.9157375245700898,1.075983420377772,0.049542661885905594,0.05821218565400844,0.06509599871942329
2020-05-25,0.9021817483189577,1.062676977877613,0.04878613553576852,0.05746503204047218,0.06168606828811618
2020-05-26,0.8768584744665838,1.0383882711548085,0.04740712282639339,0.05614018880534669,0.06450185222384786
2020-05-27,0.8850990266976604,1.0442328613510774,0.04783559329625439,0.056436056255247696,0.06653775494570624
2020-05-28,0.8877215660793111,1.0442495893144672,0.047955294791732994,0.05641104013377926,0.06904028300810228
2020-05-29,0.8866635947621591,1.0461726082912253,0.047876332083629,0.0564891888053467,0.06910054201395233
2020-06-01,0.8460839166284821,1.0072359145663063,0.04573524171095718,0.05444634640522876,0.07430501090758379
2020-06-02,0.8308877021220162,0.9904521568951525,0.044893563004112,0.053514965012205054,0.07749867234921326
2020-06-03,0.830588366868971,0.9887906006430938,0.04485607311465596,0.053399813008130084,0.0763690915268751
2020-06-04,0.8244326406451579,0.9843021914082141,0.044502532597255486,0.053132224755700334,0.07459128810037785
2020-06-05,0.8153741284692944,0.9741609278282839,0.04399470323146548,0.052562277147487846,0.0731125939687216
2020-06-08,0.8161754110532567,0.9754446001259911,0.04401928761827356,0.05260925020177562,0.07573376178172686
2020-06-09,0.8099599326088316,0.967527681493332,0.04366665159082918,0.05216146190858059,0.07788533215773774
2020-06-10,0.8091096035795123,0.9696158080762445,0.04360035225466466,0.05224952292839903,0.07841367501444596
2020-06-11,0.8323284396452909,0.9936871201442526,0.04484075226976831,0.05353376848090983,0.07803882504798043
2020-06-12,0.8352890526421589,0.9987955163839484,0.044979169694905494,0.05378376848090982,0.08275175490002051
2020-06-15,0.843881875971445,1.0021262413945893,0.04543509174770151,0.053955060556464804,0.07903860223840486
2020-06-16,0.8143484695541124,0.971533287602979,0.04384527431063903,0.052308250201775625,0.0813649286613849
2020-06-17,0.8065798501999605,0.9645595316995385,0.04340649518865802,0.05190825020177563,0.07952385306314946
2020-06-18,0.8029980336543157,0.9628009713304374,0.04319761857420096,0.05179428514056225,0.07374324811617505
2020-06-19,0.7810793392570414,0.9420813015910042,0.0420155546533426,0.05067611755361398,0.07744216357828115
2020-06-22,0.7729140074406999,0.9362411923424808,0.04155675210754059,0.0503382559618442,0.07938440142584446
2020-06-23,0.7678058385255205,0.9324374441383044,0.0412644503203895,0.0501123026941363,0.08255749444301164
2020-06-24,0.7707402922433017,0.9342331114506095,0.041405161561291134,0.05018820646178093,0.09820188254177431
2020-06-29,0.7827643671383905,0.9470888347256234,0.042036437492915454,0.05086107936507936,0.09800937409054233
2020-06-30,0.7700320928733153,0.9406037186209808,0.041350508727470085,0.05051015748031496,0.09939081754680257
2020-07-01,0.7404094516051584,0.9099572151363847,0.039775299321944145,0.04888352049497293,0.09729133986617211
2020-07-02,0.7121415866531873,0.8755937588141817,0.038274194864280436,0.047058965204236,0.09577173480045165
2020-07-03,0.681398685895638,0.8368348238205969,0.03663383106101173,0.04499049704142012,0.0926936782956771
2020-07-06,0.5940167840692834,0.7341449774795302,0.032144535118440815,0.03972741114982578,0.08876712462793157
2020-07-07,0.5840282526251482,0.7262870865930687,0.03159135543545656,0.03928644444444444,0.09150808621670947
2020-07-08,0.5571742831551546,0.6990096155572356,0.030141414555861345,0.03781426967830252,0.09014470000536079
2020-07-09,0.5386192684721637,0.6820709991202378,0.029135958901504083,0.036895807041299925,0.09178641096262652
2020-07-10,0.5668955975164672,0.7225390318652923,0.030670535465014553,0.039091252602359475,0.09550786225129415
2020-07-13,0.5384893306159423,0.69651172942203,0.029148586537805794,0.03770238566552901,0.10139112413567597
2020-07-14,0.5583823236465252,0.7181098730578322,0.030217226313799195,0.03886098759476224,0.10314804480139461
2020-07-15,0.581396565385456,0.7470234122356287,0.03145825478782654,0.04042000629811057,0.10822900583291983
2020-07-16,0.6372832830272326,0.8028477243511782,0.034640824443744556,0.04364041520467836,0.09932351847442544
2020-07-17,0.6289072376875333,0.7973668357728094,0.03417268821716598,0.04332621194464676,0.1038853766846326
2020-07-20,0.5981057379057517,0.7637966421103147,0.03254492758751705,0.04156072218284904,0.10475657669796345
2020-07-21,0.6017323583190342,0.7687416924899758,0.03272718119991991,0.0418105297450425,0.10254431345826487
2020-07-22,0.5993793461634264,0.7663120186240646,0.03258549975169271,0.04166086177715092,0.1038664452433955
2020-07-23,0.5961285761177837,0.7675269160143465,0.03239362351351787,0.04170740835102619,0.10647029044283163
2020-07-24,0.6543460300590339,0.8264532124759187,0.03569215700652906,0.04507996757553427,0.09977324577239055
2020-07-27,0.6457821721121886,0.8185557354253604,0.035210237533358904,0.044630439060205584,0.10177255400814422
2020-07-28,0.6284559263954836,0.8012368474572031,0.034254682859898994,0.04367229737609328,0.10287797564135914
2020-07-29,0.597180777709405,0.7692881487937847,0.03257459592994352,0.04196258743754462,0.1073202796857311
2020-07-30,0.6043575012302538,0.7789993218361162,0.0329527032587341,0.04247508045977011,0.10614262023980059
2020-07-31,0.5900050370276395,0.7652871100266774,0.03215946848991911,0.041713587437544615,0.10766342849387334
2020-08-03,0.5759182548511335,0.7504368277696417,0.03139381464875293,0.04090697677691765,0.10953469432532215
2020-08-04,0.5774258929723322,0.7463085467677525,0.03146135155142296,0.04066301120448179,0.10535224458829262
2020-08-05,0.5735862983795764,0.7442913840752587,0.031237601079260158,0.040534227208976155,0.10354602948086833
2020-08-06,0.5735183301788119,0.7414076478421214,0.03122017677883861,0.04035943859649123,0.10046660426579579
2020-08-07,0.5850144590834145,0.7524495604395378,0.03184069855294577,0.04095372218284904,0.0982624949401909
2020-08-10,0.5885426490144094,0.7514200932752434,0.03201850756858106,0.04087953521126761,0.09587673222809046
2020-08-11,0.5995406191525278,0.7617104951167067,0.03260813820874596,0.04142832079488999,0.09693076984615212
2020-08-12,0.6069210311467605,0.7680273858372669,0.03299824784003926,0.04175758743754462,0.0956752228043316
2020-08-13,0.6117981743103532,0.7742690460704729,0.03324863522384336,0.04207823782234957,0.09660063058543455
2020-08-14,0.5980628068828391,0.758143048266963,0.03250278522962359,0.04120263020465773,0.09709926075872843
2020-08-17,0.5709867454237343,0.72539403121101,0.03105230263089152,0.03944952341597796,0.09490757147094153
2020-08-18,0.5657627074224746,0.7210378567784046,0.030753997147495906,0.039194517241379304,0.09666327982087042
2020-08-19,0.58031644798704,0.7359865914050409,0.031546663512930194,0.04000906993006992,0.09281998655062562
2020-08-20,0.594582166825599,0.7524129378189459,0.032319554374446655,0.04089872218284904,0.09555713507880625
2020-08-21,0.5880264672579242,0.7471447537109991,0.03195311369586337,0.04059953521126761,0.09417250257896148
2020-08-24,0.5765244647085119,0.7369175853428671,0.031317315858600286,0.0400300112044818,0.09734532098859905
2020-08-25,0.5679243344161787,0.7285090909983013,0.030835923535145814,0.03955500629811057,0.0976541846668173
2020-08-26,0.5802266389141056,0.7397642990359022,0.031499385991099485,0.0401603780918728,0.09327593576386417
2020-08-27,0.5731951124743122,0.7347757262852278,0.031104868624350194,0.039873163495419306,0.08646324533103034
2020-08-28,0.5453719789564526,0.6895930423800326,0.029616062187034862,0.03744789100817439,0.07189407580314322
2020-08-31,0.5615127518735085,0.6496964874880523,0.03048107356856501,0.035268026178010475,0.02388805083646206
2020-09-01,0.5505669216011038,0.6389157559517517,0.029874632267982978,0.03466857980456026,0.02545117253731588
2020-09-02,0.5406450773978795,0.6306553159877458,0.02932272677519443,0.03420457208088715,0.02468709706303085
2020-09-03,0.5469536478699106,0.6367663507281065,0.029653506711648007,0.03452277049180328,0.020405674152633724
2020-09-04,0.5551758873306735,0.6448611308395198,0.030092137485203348,0.034953336863004635,0.01839871334085097
2020-09-07,0.5754845318140802,0.662548541424316,0.031209774624836574,0.0359314447439353,0.013995183774829112
2020-09-08,0.574043921896519,0.657805789097125,0.031118903797121074,0.03565963210702341,0.009849266714694993
2020-09-09,0.6093214486894378,0.6895320853943653,0.03305631456673032,0.037407824010914054,0.0031324212352812353
2020-09-10,0.6101111840970309,0.6893314774137088,0.033084008834475806,0.03737982401091405,-0.0007590814946303315
2020-09-11,0.5896225516080534,0.670683710857086,0.03196435552865884,0.03635880704129993,-0.0035994149996145808
2020-09-14,0.5808158673195465,0.6624734212966388,0.03147392845553016,0.035898883344571815,-0.0030705068925466206
2020-09-15,0.5803618674772963,0.6634763981074202,0.031438737870915875,0.03594112868632708,-0.0001810129646478975
2020-09-16,0.5847558151931131,0.6662854614321188,0.03166515016598928,0.03608006734006734,-0.0018235191540934004
2020-09-17,0.5901533352189605,0.6710690189103931,0.03194502875136837,0.036324998646820025,-0.003398644653236471
2020-09-18,0.5675830071898907,0.6465728559778202,0.03074113047390563,0.03501933686300463,-0.0036941630470849196
2020-09-21,0.582202370324806,0.6619934633834627,0.031525355793202606,0.03584591978609625,-0.0031922150332089894
2020-09-22,0.5989530762942126,0.6787870709254542,0.03242795502605651,0.036750252197430694,-0.0003236980267435907
2020-09-23,0.5949035687658178,0.6760561397117255,0.03219461919593421,0.03658638326585695,-0.0005659836706058963
2020-09-24,0.6187554677333594,0.6963812865405616,0.03349765560590164,0.037700095956134334,-0.002211597977947455
2020-09-25,0.6091402749963891,0.6865560594233338,0.032962107489538955,0.037151269678302526,-0.001516277673649813
2020-09-28,0.6104189017519656,0.6863006010626491,0.033016512865915004,0.03712082401091406,-0.004687936638695267
2020-09-29,0.6047920821001118,0.6820509428906318,0.03269741143277963,0.0368743258350375,-0.0027805186866829423
2020-09-30,0.6030397580029613,0.6797043853406933,0.03258791277577013,0.03673082401091405,-0.003476229330822256
2020-10-09,0.5721999379769122,0.6527146746511415,0.030933489750538126,0.035286167226326395,0.0020353359891855938
2020-10-12,0.53778157233988,0.6179658892219023,0.029114722568749737,0.03345578641410843,0.0030255535999410554
2020-10-13,0.5329834465431248,0.6150180931541792,0.02884228479047004,0.033281572080887147,0.005372679699784388
2020-10-14,0.5373159130780905,0.61865661706643,0.029066597811316312,0.03346679790026247,0.007357933328079769
2020-10-15,0.537076938268843,0.6161582691360239,0.029040726555995544,0.033316797900262464,0.004265993719493544
2020-10-16,0.5410674036700543,0.6166565184560681,0.029243389893835348,0.0333287994757536,0.0022854649575143604
2020-10-19,0.553849241048366,0.6260883639393483,0.029924678330385514,0.03382778472679395,-0.0017333706179635255
2020-10-20,0.54619807803099,0.6264223861275766,0.029501379431453166,0.033834473684210525,0.007473195280767619
2020-10-21,0.5487706177389793,0.6261590192400842,0.029626860437457388,0.03380488181221273,0.003007797035579296
2020-10-22,0.555605877864036,0.6331772142814734,0.029983046968947213,0.034169152832674576,0.004272269621718783
2020-10-23,0.5656683176894135,0.64243747805405,0.030522868537412526,0.03466525183211193,0.003103844023207847
2020-10-26,0.5733268584975066,0.6513872853654341,0.03092459148867293,0.0351350811535882,0.0050970957789446825
2020-10-27,0.5778711480262474,0.6585439416768721,0.03115565736592428,0.035505093959731546,0.006943128732718851
2020-10-28,0.5653278604813972,0.6516987266662204,0.030469300478801406,0.035124404283801876,0.01253511821086084
2020-10-29,0.5563214537451041,0.6635975809229793,0.02997343843677839,0.035753252197430696,0.0317535639003661
2020-10-30,0.5765139292024166,0.7020054425100369,0.031065715656820085,0.03782788300835655,0.04743569067623166
2020-11-02,0.5712745353769842,0.6893863154529958,0.030771034701229834,0.03713298759476224,0.03991715182718725
2020-11-03,0.5583733803024763,0.675111575856663,0.030070997489774376,0.036357891008174395,0.041740812933172444
2020-11-04,0.5517166698224291,0.6698808483376449,0.029702195703853268,0.036063677506775076,0.04317383919042461
2020-11-05,0.5311466363967047,0.6505462203422384,0.02859448207089848,0.03502240428380188,0.04062421758766477
2020-11-06,0.5288139504646027,0.6480345559302227,0.028456021193337594,0.03487140428380187,0.03455742586678934
2020-11-09,0.50186134340615,0.6201807845325621,0.02701429623376439,0.033383219592373434,0.03272283370178353
2020-11-10,0.5108082920008504,0.6275204041727539,0.02748555853620159,0.033765600660066,0.02755293701373751
2020-11-11,0.519589951471907,0.6330254720296421,0.027951815418070965,0.03405418272425248,0.01677348716795013
2020-11-12,0.5149307149360134,0.6308084323479405,0.027688665383325192,0.03391959946773121,0.014028749453301792
2020-11-13,0.5254463485530015,0.6423693778852363,0.028248582905683627,0.03453449562878278,0.014305779514254713
2020-11-16,0.5145247464437048,0.6303887065949275,0.02765395751182858,0.03388125183211193,0.015045527705690676
2020-11-17,0.5149465811159262,0.6299934500432479,0.027664477338318248,0.03384514076050701,0.016509345880789228
2020-11-18,0.5092936371385492,0.6208299799950628,0.02734851557756559,0.03333789613848203,0.011224523038673384
2020-11-19,0.4969109747341537,0.6090579433490101,0.026674267984339896,0.03269433686300463,0.012444209500675374
2020-11-20,0.501227236292675,0.6132796647219152,0.02689423024014742,0.032906600660066,0.014009327282740403
2020-11-23,0.496248958953278,0.6065180542484171,0.02662322861005069,0.0325390482398957,0.014610026422089417
2020-11-24,0.49895113313511824,0.6092468271127413,0.0267586371979008,0.03267377049180328,0.011877148887833977
2020-11-25,0.5179096218090836,0.6264566155525205,0.027773164999780844,0.033594052352551355,0.00805333903408445
2020-11-26,0.5131981635180658,0.6202028491301572,0.027508232945399183,0.033243853271645724,0.009542972953258566
2020-11-27,0.4968143358820946,0.5982341404507935,0.0266263075416412,0.032061808718282375,0.005125607488869699
2020-11-30,0.5112983261982612,0.6125689182959169,0.027391477862469475,0.03281678641410843,0.0024254343770169218
2020-12-01,0.48362937713098897,0.5838875705381326,0.025921799732770492,0.031295486555697825,0.004433388169396979
2020-12-02,0.4804406184987058,0.5827159718786652,0.025739337068613047,0.031218681847338038,0.007688958788891531
2020-12-03,0.4845478292599351,0.5874330362789439,0.025948066292431078,0.03145768167202572,0.01001596599861676
2020-12-04,0.48690417679832254,0.5914311571677021,0.026062640168769913,0.03165768167202572,0.013859650911378196
2020-12-07,0.49596605385237835,0.6031520674337658,0.026540451666707918,0.032276257959714096,0.014626762524069692
2020-12-08,0.5020198186641068,0.6101752079214314,0.026852856107933837,0.032638048239895696,0.016193300523269505
2020-12-09,0.5141767095467639,0.6205859732645581,0.027502015044455534,0.033193578114700056,0.012989809798683138
2020-12-10,0.5175543864718478,0.6256440882951448,0.027670331344423135,0.033449198150594446,0.015631616589530717
2020-12-11,0.5230843932275322,0.6290969954120225,0.027960242523814426,0.03362689613848203,0.013051074497284487
2020-12-14,0.5149377920258753,0.5956888561212683,0.027516927569960305,0.031832053040103496,-0.008019964605792906
2020-12-15,0.5144809758918462,0.5981213969831691,0.02748036882817085,0.03194791909385114,-0.007531366904655723
2020-12-16,0.5134573246006535,0.5965056305444126,0.027413527524182475,0.031847483204134365,-0.007675171393316527
2020-12-17,0.498560188462759,0.5824984928508128,0.02661484954940245,0.03109576357827476,-0.007512944345358874
2020-12-18,0.5010540287000497,0.5847032844446646,0.026736925817257652,0.03120056410256411,-0.00774148819776177
2020-12-21,0.49576347875801885,0.5803807181547972,0.026447205051424255,0.03096123155216285,-0.007343971837884267
2020-12-22,0.5212847280080622,0.6089279410742656,0.027812709281666986,0.03248883937823835,-0.0038530105538107096
2020-12-23,0.5145310531980049,0.6005488199082762,0.027443868328350815,0.032031852374839534,-0.003914233405496792
2020-12-24,0.513795383297864,0.6003211958734018,0.027392621808835366,0.03200568167202572,-0.0029920478896313663
2020-12-25,0.5128703335678947,0.5992437325401319,0.02733472070975637,0.03193820931716655,0.007678531639325525
2020-12-28,0.5131085933549924,0.5995958338627397,0.02733613654647582,0.03194379084551812,0.00696168725065216
2020-12-29,0.5196986944267199,0.606579024320512,0.027676206524478872,0.03230296040868455,0.008593795852636532
2020-12-30,0.5111794893715079,0.6003094711577721,0.027220916306895274,0.03196719393556538,0.012359832183464814
2020-12-31,0.4865481834519211,0.5745809124876949,0.025916570862265238,0.03060573945409429,0.013147420138536425
2021-01-04,0.4688042767885728,0.5587976977956034,0.024965911804779785,0.02975846153846154,0.015418911672684166
2021-01-05,0.4578658512281616,0.5507421271595396,0.024390331587946082,0.02933781382656156,0.018176544165471098
2021-01-06,0.44969781568725126,0.540877763039577,0.023948336901743923,0.028804060060060067,0.01732775930803765
2021-01-07,0.4318458146996544,0.5234446969696559,0.023001709429058062,0.02788060555884092,0.01963584529058071
2021-01-08,0.4319210223335464,0.5218785237820559,0.02299621475972039,0.027785706161137444,0.019072998297497756
2021-01-11,0.43918480865795767,0.5293352195685952,0.023377889257510998,0.028176612440191394,0.016815890129765476
2021-01-12,0.41358588713128086,0.503845940182708,0.022041705669968915,0.02685203790087464,0.018314794152303193
2021-01-13,0.4229665772526436,0.5109633456641891,0.022532339093861164,0.02722011617046118,0.015347567764759651
2021-01-14,0.4447142300837252,0.5294910878885889,0.02369986504289504,0.02821782276229994,0.01209795768429811
2021-01-15,0.43907649537029736,0.5252600614281927,0.023389434622488943,0.0279803997620464,0.014048242721802051
2021-01-18,0.42533389699389584,0.514636681005542,0.02265261869677436,0.027408745422327234,0.016041211818010437
2021-01-19,0.4416981329639028,0.528122716407152,0.023525127453903096,0.028128156511350068,0.012187704483802797
2021-01-20,0.43475142490035984,0.5236167844106595,0.023147031152053327,0.027878399762046403,0.0104853080293843
2021-01-21,0.4237984293122435,0.5136649415197183,0.022565441249456406,0.02735044600938967,0.014050228428651446
2021-01-22,0.42620886037881234,0.520606571999347,0.02268376336859344,0.027707815076560654,0.016594848979858856
2021-01-25,0.41390158796717974,0.5097342506369134,0.022023211522667306,0.027122353594389248,0.020067560344812163
2021-01-26,0.4296139138414332,0.5235145484994467,0.022869458695749335,0.027868032104637334,0.016043591771537136
2021-01-27,0.4263404720474614,0.5201310525465725,0.022685418904993503,0.027675981020166072,0.01508500409354352
2021-01-28,0.4486376810344211,0.5411696703232918,0.023899895251793764,0.028829273556231008,0.011378829960847936
2021-01-29,0.4573143947909259,0.5474467534233551,0.024352753823764076,0.02915245216331505,0.007197810916827363
2021-02-01,0.44627713776224237,0.5392383081056521,0.023761378192515996,0.028710960725075528,0.012260282345728735
2021-02-02,0.42793730145613934,0.5235295038743578,0.022785381085222434,0.027875156511350065,0.01672355339180176
2021-02-03,0.42668973125590526,0.5230875663588901,0.022709502679714694,0.027840038369304557,0.02229330647568384
2021-02-04,0.4248842919150335,0.5284319931427544,0.022603772050109557,0.028112492140266024,0.030726454225108224
2021-02-05,0.4270371412573337,0.5286777040353932,0.022708377325606814,0.02811327546714889,0.02701613082537979
2021-02-08,0.40843302824040534,0.5113092180499663,0.021718740839812838,0.027189261465157835,0.02798390131080386
2021-02-09,0.388035002891132,0.49137168278340565,0.020644551991921202,0.026142353594389246,0.027647853216588247
2021-02-10,0.3646080545942632,0.46639060856304365,0.01940714590712128,0.0248247686139748,0.027665093447723166
2021-02-18,0.3644931210661122,0.46369713479906144,0.019394669759952778,0.02467331282346176,0.024049843525829173
2021-02-19,0.36792567425409667,0.46370503943145935,0.019568787151718094,0.024662984544934173,0.02033566095360717
2021-02-22,0.39637385595943775,0.48642673401373904,0.02111734043462086,0.025915026392961872,0.011237264707499417
2021-02-23,0.40192184667257436,0.4917622268232704,0.02140412892387166,0.026188529411764708,0.01134569272376118
2021-02-24,0.4284757600214196,0.5193929803110903,0.022840220524126507,0.027686630880579016,0.00938632762113234
2021-02-25,0.42104339486250997,0.5083105194662755,0.02243553453452589,0.027085612440191392,0.005974056555714036
2021-02-26,0.44532224101681084,0.5339670457249523,0.02374907452388301,0.028476509803921565,0.004781335250390928
2021-03-01,0.43561977398271046,0.5247313001003564,0.023232077329543972,0.02798449214026602,0.007370972144124854
2021-03-02,0.4494753613868118,0.5400717821803575,0.023969257382751075,0.02880050980392157,0.0046023464149540505
2021-03-03,0.42825721434069286,0.5149953469101132,0.022844202610088807,0.027471009603841537,0.005829358280353025
2021-03-04,0.45961363779960224,0.541988767495752,0.024557864478001033,0.02895929451632779,-0.003206212323375923
2021-03-05,0.4674594612708078,0.5466271992415392,0.024966943484835323,0.02919528113440198,-0.007825701731987156
2021-03-08,0.5063639963108172,0.5815878090839831,0.027102187406025935,0.031128401524777638,-0.00965844316482034
2021-03-09,0.5293685058152038,0.6029361598095011,0.02834909530316712,0.03228883937823835,-0.015738905176105877
2021-03-10,0.524809792135491,0.6023624283956032,0.02809483020469522,0.03224648320413436,-0.01070184704591981
2021-03-11,0.494440911134425,0.5723729093806087,0.02648994419743317,0.030665193935565375,-0.009988380489066473
2021-03-12,0.48907836631577944,0.5668996096001477,0.026191715033925714,0.030359292191435773,-0.010008988880830016
2021-03-15,0.5109093926288025,0.5822468251136516,0.027376134585435544,0.031198618925831208,-0.016536447216601968
2021-03-16,0.5040457896865028,0.5756837712311225,0.027000329452325195,0.030837776649746185,-0.017426476086509046
2021-03-17,0.5008129164917274,0.5761004213148486,0.026816239588386095,0.030847540900443886,-0.012803118654368006
2021-03-18,0.49195277782917557,0.568296677158816,0.026333410810809373,0.030419972274732213,-0.006806341059852117
2021-03-19,0.5256164236389714,0.602377358069512,0.028164152936463405,0.032277241111829336,-0.01080576413442702
2021-03-22,0.5159270702304218,0.5919667209444982,0.02763806439191123,0.03171148655569782,-0.008658957142607115
2021-03-23,0.5309039070240872,0.6067239044775301,0.028433770224793264,0.03249448320413436,-0.005620226661783745
2021-03-24,0.5529162153550333,0.627301501182142,0.02961642343279309,0.033600799475753604,-0.0068867888680661515
2021-03-25,0.5549269606145819,0.6308803933228978,0.02971126934429246,0.03377788181221273,0.0056099153649800115
2021-03-26,0.5275398176578814,0.6072472267469599,0.02826108563692728,0.03253112903225806,0.010063957370838095
2021-03-29,0.5265618321932807,0.6244859302584448,0.028196544700842853,0.033440223675604966,0.026990702646068954
2021-03-30,0.5146689093896796,0.6164642532510806,0.02755229490007001,0.03300180871828238,0.02979629862799027
2021-03-31,0.5286026737546619,0.6383160792547057,0.028291247037830924,0.034163198150594445,0.035462196177341365
2021-04-01,0.5139013780035239,0.6257347952294068,0.027500470209675422,0.03348502617801047,0.041002684816577206
2021-04-02,0.5024710327569509,0.6169476834473441,0.02688204126216716,0.03300650585175552,0.043661566287130915
2021-04-06,0.5061893233136491,0.6189748800675204,0.027070409379167,0.0331020482398957,0.03871513239209867
2021-04-07,0.5122481168427185,0.6231679746774734,0.02738580324413664,0.0333157994757536,0.03342694816603542
2021-04-08,0.5108588583927117,0.621718651843991,0.027299789115490476,0.03322402617801047,0.033201183723267746
2021-04-09,0.5300521246834894,0.6397946050216564,0.02832712357834058,0.034191997347480116,0.027332109849150354
2021-04-12,0.553543667508397,0.6612574596194493,0.029589035108233505,0.03534675100942127,0.01644732543732541
2021-04-13,0.5620483816540288,0.6718158572273131,0.03003093388064347,0.03589594463200539,0.018498213662360596
2021-04-14,0.5526067158527195,0.664762603291132,0.02951738196424377,0.035508167226326395,0.020701938927312424
2021-04-15,0.5590445772528991,0.6763437414308107,0.029851202776566263,0.03611460515603799,0.024876831206147143
2021-04-16,0.5574506008838745,0.6724329412531451,0.029753790190759348,0.035890944632005393,0.01965843993380534
2021-04-19,0.5314496806034775,0.650658409479393,0.028386631942236312,0.034753997347480116,0.02509721463637815
2021-04-20,0.5328984854143392,0.6551627886744701,0.028451822812568354,0.034979599467731215,0.02715475219823671
2021-04-21,0.5305405920350987,0.6550574843188162,0.02831409593602776,0.034959361702127656,0.02960353751564848
2021-04-22,0.5307702117950261,0.6587541409189986,0.028314287101245485,0.03514167423230974,0.03329097210465015
2021-04-23,0.5192037575277427,0.6503207790870412,0.027689499866507095,0.03468206241699867,0.03389042564172873
2021-04-26,0.5265879575293824,0.6606105808167,0.028079056458933424,0.035225495628782785,0.03847138375452963
2021-04-27,0.523236797195115,0.6658432733553042,0.02788861645221538,0.035489567567567555,0.045656731703469955
2021-04-28,0.5193664898379069,0.6653864521462065,0.027671919305575825,0.03545188334457181,0.047557697873742644
2021-04-29,0.5122002168816522,0.6857725345398509,0.027282179303215144,0.036527452804377566,0.07179138711303978
2021-04-30,0.5259864400778043,0.7491317583680591,0.02800842131833494,0.03989075822603719,0.11252817500888268
2021-05-06,0.5428328609326881,0.7633393022521441,0.028902475042520137,0.04064307215007216,0.10625917418948672
2021-05-07,0.5565764675876382,0.7736870425148449,0.029632207130648652,0.04119120378457059,0.10144145157103779
2021-05-10,0.5605124271305383,0.7744532975539398,0.0298290340784017,0.041214418604651165,0.10752742721789788
2021-05-11,0.5556544472766949,0.7693244126508438,0.029559748473623366,0.04092657989877079,0.10700602406625292
2021-05-12,0.552703495820575,0.7640998540317449,0.029391047326211672,0.04063244604316547,0.10345252595397825
2021-05-13,0.5640024365184261,0.775971601725009,0.02998599708145503,0.041255641249092236,0.10693332475545625
2021-05-14,0.5363838593640969,0.7462506964288894,0.028536496986385537,0.03970175533428164,0.15368429375446957
2021-05-17,0.5186078140392324,0.7283762097722436,0.027590259319550982,0.038750068868587485,0.152529847666935
2021-05-18,0.5199737947553724,0.7280933461735134,0.027651088352650025,0.038718438596491225,0.15095164115091997
2021-05-19,0.5267629470242196,0.7369622704077157,0.028000752058364303,0.03917416349541931,0.1494750271624754
2021-05-20,0.5299380731578837,0.7400612906191657,0.02815778072774298,0.03932248804500703,0.15214969346073892
2021-05-21,0.543968972137482,0.7547835669774982,0.02889723009820283,0.04009632079488999,0.14937944424202398
2021-05-24,0.5404518961717645,0.7508489087652305,0.028698917587095165,0.03987135785007072,0.150583904748121
2021-05-25,0.5057692564544702,0.7131155872837094,0.026898443137285916,0.037925790921595606,0.15457880665714008
2021-05-26,0.5106835381422142,0.716345821739868,0.02714820408118348,0.03808131868131867,0.15408619479058272
2021-05-27,0.5053690519289262,0.7107465695770923,0.02685465582494433,0.0377681506849315,0.15370340849063435
2021-05-28,0.5074383555458156,0.7118043729711565,0.026953793432175754,0.03780917982155113,0.1522389682073506
2021-05-31,0.5128977517029076,0.7200550378623342,0.027232303595151955,0.038231318681318675,0.15568677501664596
2021-06-01,0.5123714891887432,0.7186401089752275,0.027192884892985773,0.03814009595613434,0.15711699068316176
2021-06-02,0.5184037799040178,0.7239085811621453,0.02750663644495827,0.03841077348066299,0.15665150307657227
2021-06-03,0.5279530911275658,0.7332662811687315,0.028004072598844423,0.03889444444444445,0.15495517833929084
2021-06-04,0.5153285703125847,0.7210323670072671,0.027324262514623016,0.03823129322268326,0.15413741674151304
2021-06-07,0.5135188740690629,0.7189382021003575,0.027216805704811494,0.03810415224913495,0.1563389322177482
2021-06-08,0.5236032972712885,0.7273103870126544,0.027744086944656226,0.03853788300835655,0.15485430651002674
2021-06-09,0.5240614917198216,0.7267158499252645,0.02775657380357955,0.03849002920723226,0.15144068210090822
2021-06-10,0.5181801646796195,0.7215677761477065,0.027435584789542472,0.038204152249134954,0.14861174471342364
2021-06-11,0.52300386637132,0.7256527470447475,0.027683755931584952,0.03841041114982578,0.14718034211835396
2021-06-15,0.5378582403550839,0.698053740840234,0.02846568257854883,0.0369438910081744,0.10958203456571569
2021-06-16,0.554666960189238,0.7133575963380175,0.02935988749747523,0.037759773480662985,0.10484437419741921
2021-06-17,0.5478064433513152,0.7099423486187474,0.028985571330186963,0.03756451724137931,0.10860581186558682
2021-06-18,0.5516309524704789,0.7140061070039341,0.029175555755271212,0.03776351724137931,0.10787432655277907
2021-06-21,0.5596358968647593,0.7226157305909057,0.029586865273996583,0.03820329322268326,0.10856349630481366
2021-06-22,0.5544686657929856,0.7153231843362446,0.02930327242209241,0.03780431868131867,0.10554712634290686
2021-06-23,0.5498049475339224,0.7124888195801922,0.029045706407984494,0.0376401506849315,0.10829284385723303
2021-06-24,0.5486988228354863,0.710601311274837,0.0289751205817664,0.03752469993164729,0.10604816012384899
2021-06-25,0.5300812912879792,0.6913555782186256,0.027995570577991763,0.03651306734006734,0.11311098328906755
2021-06-28,0.5266883731705048,0.6893455850538563,0.027804794215778868,0.03639175100942127,0.11359609918989255
2021-06-29,0.5404888550217475,0.7051541534085625,0.028528905087055485,0.03722051940095303,0.11307571304719755
2021-06-30,0.5347090911555983,0.6989584371233809,0.028214274583355355,0.036880998646820026,0.11147111251135855
2021-07-01,0.5321215448689388,0.6964899137761587,0.028065904134154065,0.03673525219743069,0.10909900024334096
2021-07-02,0.565854939153829,0.7289758920601905,0.029882684796101316,0.0384970693000693,0.10232838054698101
2021-07-05,0.5663165526339132,0.7283946281850269,0.029894451204612583,0.03845015224913495,0.09996782504299073
2021-07-06,0.5647894675776631,0.7277150831739058,0.02980126464858472,0.038398077562326875,0.10081494029071192
2021-07-07,0.5577959110870351,0.723604005998667,0.02942713458000133,0.03817452233676975,0.10506897513094904
2021-07-08,0.5833535620183607,0.7519676151536937,0.030769116599337808,0.039662703266157055,0.09952404640640511
2021-07-09,0.581970763952829,0.7516483002631892,0.030683905525693958,0.0396300069735007,0.09806139007422021
2021-07-12,0.5806692806197391,0.7544515046414013,0.03061170607044103,0.039773152249134955,0.10524639286409831
2021-07-13,0.5811110279849034,0.7553590765391552,0.030622512596305915,0.03980477348066298,0.10989078293604138
2021-07-14,0.5928273869430822,0.7691341525715196,0.03123570771235718,0.04052520195667365,0.11503533301505087
2021-07-15,0.5739063905396559,0.7534314031884723,0.03023667262816217,0.039695077562326875,0.11720443799963531
2021-07-16,0.5885951914361491,0.7678883289299033,0.03100477617924717,0.04044920195667365,0.11369691596044573
2021-07-19,0.5839917536809051,0.7653741012613695,0.030750007443067127,0.04030067062107467,0.11270352996505317
2021-07-20,0.5898315807778244,0.7718212255914241,0.03104455621572356,0.04062320195667364,0.10447282837558736
2021-07-21,0.5835193870200208,0.7660959459426439,0.030702302950446417,0.040308703266157056,0.10092200912225757
2021-07-22,0.5804343021549382,0.7608517115814954,0.030527235341155624,0.0400160693000693,0.09906810215981388
2021-07-23,0.5976404712190663,0.775762336832913,0.03142893293380436,0.040796069930069914,0.09193587883823073
2021-07-26,0.6433171405089892,0.8236085925356776,0.033889441357024735,0.04338705335255949,0.09528690997954858
2021-07-27,0.6781783685938628,0.8579842495040438,0.035802437809523094,0.04529476190476191,0.08682967191901159
2021-07-28,0.6725368546926902,0.8524166034313095,0.03548991253929222,0.04498220505200594,0.08509639511453804
2021-07-29,0.6586628156314603,0.8425464450636388,0.034767492401626986,0.04447378299120234,0.0895248677999152
2021-07-30,0.6776934607158515,0.8641572013680023,0.035761822380119504,0.04560149704142012,0.08973264222988853
2021-08-02,0.6502462299929327,0.8339167155946903,0.03434199354374631,0.04404233526011561,0.087560834261037
2021-08-03,0.6483960855269034,0.8338785238605592,0.03422995905823843,0.044021900144717796,0.09414422136791445
2021-08-04,0.6383496611706234,0.825215054452313,0.03369045171516329,0.043552726096333566,0.09531977408705217
2021-08-05,0.6527619802459923,0.8400064181640792,0.034439598735019464,0.04431857989877079,0.0934368144164921
2021-08-06,0.65685132473804,0.843412678687089,0.034643161729316904,0.044482641249092236,0.08904360388917731
2021-08-09,0.6330151103380026,0.8186563521663972,0.03338256700637546,0.04317250897343862,0.08882383597550003
2021-08-10,0.6172420864411159,0.8033447793326597,0.03254516610067849,0.04235775533428164,0.08915689204691568
2021-08-11,0.622906366521732,0.8050852250031049,0.032832462470558224,0.04243483749109052,0.08336722705757671
2021-08-12,0.6385918850214501,0.8192474443009399,0.03365041807302217,0.04317001147776184,0.08553638552413068
2021-08-13,0.6413622032586103,0.8221156599623921,0.03378462075993424,0.04330605335255949,0.0832314155006395
2021-08-16,0.6400686863295796,0.8225564515471454,0.03370252511056171,0.043311335260115616,0.08727178803420665
2021-08-17,0.667986261435199,0.8507610523416095,0.03518999541106123,0.04481870250368189,0.08650435304037085
2021-08-18,0.6605232027646136,0.8407875717216204,0.034791267314017923,0.044286203784570585,0.08953497639702945
2021-08-19,0.6709582936381366,0.8520492768651033,0.03532963857358522,0.04486507326007326,0.09105776903448604
2021-08-20,0.6918639258193784,0.8732455968560058,0.03644190123423395,0.045995648286140084,0.09051584653299871
2021-08-23,0.6715011008674451,0.8557622236327981,0.03536899591092797,0.04507431268436578,0.09405780339621028
2021-08-24,0.6618400776653476,0.8475135733055018,0.0348531425681464,0.04463088953913679,0.09659524817445098
2021-08-25,0.659087080805472,0.8463683365112817,0.03469402151919157,0.044552415204678356,0.09977533302907071
2021-08-26,0.6776824527420824,0.8640572188246334,0.03568690637961673,0.04550144237918216,0.0955393512178293
2021-08-27,0.6746920835963554,0.8693277223575316,0.035516375307471135,0.04576216381236038,0.10435398401803875
2021-08-30,0.6826086243171203,0.9112021234822668,0.035918973424612394,0.0479475993883792,0.13018982613236485
2021-08-31,0.686396984357225,0.9340433023582806,0.0361036298897182,0.04912951900698215,0.14232617503219624
2021-09-01,0.6751280004154467,0.9180695919292763,0.035507786470671945,0.048285094108645746,0.13898250019186098
2021-09-02,0.6745007905355684,0.9159107211587958,0.03546010664873837,0.0481515993883792,0.1374258237047179
2021-09-03,0.681346613925734,0.9213153500371338,0.03580761118102466,0.048418970836531086,0.13782532686223314
2021-09-06,0.6587492861309582,0.896332271410603,0.03462862041925839,0.04711769811320754,0.13700915377894396
2021-09-07,0.6404060288937828,0.8756370377479353,0.03365928960576064,0.04602286567164179,0.14960213126181454
2021-09-08,0.6441538178779808,0.877227403063961,0.03384368582655772,0.046089315632011976,0.20125813262096592
2021-09-09,0.6449483691083937,0.8739246619146628,0.03387146507258412,0.04589686567164178,0.1971061150074418
2021-09-10,0.6366947616255597,0.8671410015618208,0.03342873182177187,0.04552797626112759,0.19841824438133382
2021-09-13,0.637812422494094,0.8626580661912013,0.03347511746733542,0.04527597626112759,0.19356771788633398
2021-09-14,0.6572468631977466,0.8848476510011819,0.0344970692409959,0.04644320481927711,0.19412489337751526
2021-09-15,0.6673719394312688,0.8941238005618461,0.035021833699436476,0.04692114426727411,0.19587820686228263
2021-09-16,0.6854412750956734,0.9132412358892548,0.03596671580517929,0.04791991551459294,0.1972803174097506
2021-09-17,0.675516307137,0.9053013481000965,0.03543798984664783,0.04749265064836004,0.20610944563232225
2021-09-22,0.6876792109214565,0.9150453877897609,0.03606518375329702,0.04798935249042145,0.2038211013844624
2021-09-23,0.6818384056559259,0.9089693127648857,0.03574672561672871,0.04765451219512195,0.20235675414301468
2021-09-24,0.6806466556927449,0.9108505637197792,0.035669643388257184,0.0477335993883792,0.2038088424409854
2021-09-27,0.6723394098603683,0.9035942717504706,0.035221747329203565,0.047336462300076154,0.2037665600091907
2021-09-28,0.6725775044776736,0.898418601135909,0.03521976157257971,0.0470460113722517,0.20159375272151792
2021-09-29,0.6881827496516925,0.917592727745765,0.03603021982841851,0.04804111656441718,0.2037022103079249
2021-09-30,0.6782033755187106,0.9087043650482489,0.03549588947331311,0.04755987786259542,0.20599363676847382
2021-10-08,0.6561502508380699,0.8822377513239095,0.0343383531570179,0.04617020481927711,0.20483347101787186
2021-10-11,0.6467929687915237,0.8707718433911942,0.03383478377713823,0.04555148009015777,0.20419183927787965
2021-10-12,0.6589292987332115,0.8847165757243374,0.03446383998994504,0.04627314426727411,0.2022299996359027
2021-10-13,0.647073650361295,0.8754344377897741,0.033838056000304054,0.045779950263752825,0.2114311951489396
2021-10-14,0.6542679653462675,0.8822254886597929,0.03420251768552239,0.046119227100681295,0.21019273228046154
2021-10-15,0.6482864645905027,0.8751524719239759,0.033876719506221856,0.04573178129713423,0.21133002113408073
2021-10-18,0.6489318338049621,0.8742200019969066,0.03390632136622159,0.045677500761035,0.20640123507513253
2021-10-19,0.6437630454480749,0.8663564698086107,0.03362831511245738,0.04525595026375283,0.20666499899928104
2021-10-20,0.6499814093032448,0.8723411213949314,0.033939829321025926,0.04555070090634441,0.20070855445725844
2021-10-21,0.6515408300390634,0.873610426712441,0.03400800041830587,0.04559920481927711,0.19897509579481376
2021-10-22,0.6394372526235107,0.8647593876214436,0.033365044810948444,0.04512207507507508,0.20082427016516924
2021-10-25,0.6361910842808806,0.8632705259654618,0.03318312000541919,0.0450273670411985,0.20439141667726202
2021-10-26,0.6428188242238416,0.8708996523483575,0.03351602880854483,0.045407969924812025,0.2070337137814089
2021-10-27,0.6594151080858787,0.887371261499497,0.034379741136113015,0.04626462737642585,0.20813843494655826
2021-10-28,0.6706134705674801,0.8951064438449593,0.03495307084872869,0.04665387786259542,0.20792178176425313
2021-10-29,0.6590230025485069,0.8712645839749453,0.03434008707969853,0.045399480090157776,0.1910492246139368
2021-11-01,0.6700136812937171,0.8937338324906334,0.034899698179182856,0.04655284194528875,0.20271770870528338
2021-11-02,0.6869865947096347,0.9129598008782572,0.03577748610650804,0.04754591551459294,0.2027864449646366
2021-11-03,0.6901791411850239,0.9165662477434078,0.03593039736982456,0.04771600231303007,0.20417173737385808
2021-11-04,0.6809437019840726,0.9078277016371047,0.035441366179304545,0.04725009410864575,0.20565391054530102
2021-11-05,0.6951830537746212,0.9239196824217975,0.03617018843513165,0.04807129407236336,0.20355162739510946
2021-11-08,0.6925016735167195,0.9200589182168605,0.036016023384116344,0.04785095080707148,0.1967056753938461
2021-11-09,0.6941073663505738,0.9209140927647785,0.03608485350295747,0.04787595080707148,0.17552428723468005
2021-11-10,0.6985871031369588,0.9274753390260467,0.03630529089607537,0.048200520494972934,0.1612292099996233
2021-11-11,0.674777922778064,0.901508254521414,0.03507055010670772,0.04685451219512195,0.16860125323599728
2021-11-12,0.6776583838744995,0.9047257446096141,0.035206369113193525,0.04700319404125286,0.16847320266535193
2021-11-15,0.6823165787935627,0.9096893297880695,0.035434145451353455,0.047242094108645744,0.16638403097102406
2021-11-16,0.6833468944754262,0.9105410486500342,0.03547321893714558,0.04726709410864575,0.16347238013098253
2021-11-17,0.6824759727445759,0.9088013361440204,0.03541360166946633,0.0471575993883792,0.16307221503330283
2021-11-18,0.6984000457429803,0.9232061106876698,0.036232744308590845,0.04789560246533127,0.1587882820435913
2021-11-19,0.6825101058708668,0.9056480656125195,0.03540156216828102,0.04697565064836003,0.16158193076736027
2021-11-22,0.6858273284580075,0.9086123781073789,0.035560365980678785,0.04711184194528875,0.16631319200897754
2021-11-23,0.6864047144582203,0.9078873815467714,0.035575858328971297,0.04705514426727411,0.1629442582214906
2021-11-24,0.6916784875541743,0.9124519512963948,0.035834648467986396,0.04727253414264036,0.16269279657598656
2021-11-25,0.6985597132025481,0.919329113608741,0.03617795733558165,0.04761146230007616,0.1619423041730257
2021-11-26,0.7153871997100228,0.9376393065200991,0.03703894012596619,0.04854597083653109,0.16285324698947723
2021-11-29,0.7174935116295075,0.9416104285950375,0.037133302416704025,0.04873229407236336,0.1674191032663499
2021-11-30,0.7233503601237004,0.9453998740406264,0.03742270788813773,0.04891049382716049,0.16378647980353067
2021-12-01,0.7181350518301735,0.9371213731038709,0.03713813886712182,0.048462950807071484,0.16162077583878842
2021-12-02,0.7118538144934852,0.9290663483468449,0.03679872178253328,0.04802735249042145,0.16106277485943243
2021-12-03,0.6990295250875,0.9138559609853274,0.03612666295008358,0.04722914426727411,0.16143183688711527
2021-12-06,0.7121429071935599,0.9266152375237215,0.03678982842676124,0.047869627376425854,0.16385922943606412
2021-12-07,0.7000547913529365,0.9138111753703443,0.03615294083178337,0.04719196520423599,0.16564865493607628
2021-12-08,0.6801425791700478,0.8932668070731458,0.03512507623217248,0.0461315989544436,0.17188499553453296
2021-12-09,0.6609547094026442,0.871327572012245,0.034137812116257354,0.04500341176470589,0.17315797944458633
2021-12-10,0.6692741414666815,0.8809397083208096,0.03455531745394704,0.045483830007390987,0.17226958284969163
2021-12-13,0.660557648914117,0.7932253096197164,0.03409333308760452,0.04094070326615706,0.10632582014066805
2021-12-14,0.6707902546860678,0.8052934122811044,0.03461100384438348,0.04155101120448179,0.1067300272069478
2021-12-15,0.6815486701062616,0.8155396931387121,0.03515770079503647,0.04206963020465773,0.10371505051031571
2021-12-16,0.6736407450589331,0.8057316940081402,0.03473768325339679,0.04154922720897616,0.10121171748779068
2021-12-17,0.6950166089219213,0.8262350453533396,0.035844373655171916,0.042611755334281645,0.09826246521869186
2021-12-20,0.7139494401983987,0.8426497748590178,0.036823279638900114,0.043461240460763134,0.0976066751241722
2021-12-21,0.7065062954317198,0.8334268886713079,0.03642758151407193,0.04297162830593281,0.09545612887773802
2021-12-22,0.7108878143316665,0.8387320322344964,0.03663874203289477,0.043227758226037194,0.09901227012266567
2021-12-23,0.7058519018810085,0.8322444864553762,0.03636760295824003,0.04287972727272728,0.12064739319158746
2021-12-24,0.7122569470085832,0.8382454762380158,0.036685434885531006,0.04317458743754462,0.11696322954809468
2021-12-27,0.7148797660591888,0.8410284367022717,0.03680577376724832,0.043300571428571424,0.11749101681906438
2021-12-28,0.7085432371504288,0.8358095609931688,0.0364683890953465,0.04301872727272728,0.11735575646219543
2021-12-29,0.7303860394935069,0.8565544305387985,0.03759432482607676,0.04408844604316546,0.11560111669008566
2021-12-30,0.7250291655737331,0.8526938399021765,0.03730756329652121,0.04387675822603719,0.11599256570292082
2021-12-31,0.7189043485548396,0.8461169745390826,0.036978383806194184,0.04352183749109052,0.11451803635840063
2022-01-04,0.7233502776090671,0.8474207499459134,0.037193985385993146,0.04357357142857143,0.11238807659733241
2022-01-05,0.7330604320261995,0.8538754875007517,0.03768638546521261,0.043897446043165464,0.10851750703319119
2022-01-06,0.7436859821328523,0.8631018081084489,0.038225896814507894,0.04436394049346879,0.10596315586540195
2022-01-07,0.743702190487708,0.8598267085016237,0.038211421887590524,0.0441779001447178,0.10303484741235058
2022-01-10,0.7409891419973506,0.8564872486495352,0.03805800209360319,0.04399010951008646,0.10296963651135171
2022-01-11,0.7558484872201925,0.8718552052618576,0.038813260171086536,0.04477027272727273,0.09930584952060673
2022-01-12,0.7435442985078672,0.8618206417273251,0.0381729554518606,0.04424516606498195,0.10142050347081355
2022-01-13,0.7672393600311419,0.8821269688465474,0.03939571432458263,0.04529488953913679,0.09457672174771137
2022-01-14,0.7771631414069183,0.8966604200527529,0.03989517962216502,0.04602949704142012,0.09292011443098858
2022-01-17,0.767970090105068,0.8919958898301166,0.039412632633600064,0.04577770250368189,0.09801798437250597
2022-01-18,0.7646444974153968,0.8851969382126952,0.03923283548183236,0.045418211944646764,0.09425229112457045
2022-01-19,0.7761755766081954,0.8957495051906025,0.03981271516073163,0.045946073260073265,0.09480657714653873
2022-01-20,0.7658784723152725,0.885395580613913,0.03927453630919403,0.04540341860465116,0.0962923336032655
2022-01-21,0.7817593436223725,0.9013951375992548,0.04008015480728168,0.04621378299120234,0.09281586415782228
2022-01-24,0.7872170142908903,0.9064681627313443,0.04034395909725645,0.04645544216691069,0.09523432839056323
2022-01-25,0.8129325112252239,0.9334946068921264,0.04168865609989243,0.04787129940119761,0.09906667391470525
2022-01-26,0.8006987388407883,0.9196772721568658,0.04104864767964919,0.04714820505200594,0.09737152512278402
2022-01-27,0.8234547484722453,0.93945257693585,0.04223164417245456,0.04818070090634441,0.08946678660585805
2022-01-28,0.8469966152697738,0.9650701501482878,0.0434351245792491,0.049490094108645744,0.09405556341356647
2022-02-07,0.821925897146071,0.9313479094357227,0.0421512139555234,0.047762754688672165,0.08602766558218011
2022-02-08,0.830589061030209,0.9322214107383632,0.04258141702668013,0.04779175468867217,0.07745499268887746
2022-02-09,0.8165304652048466,0.9184956645975909,0.041850617025257386,0.0470767619047619,0.07394772917000081
2022-02-10,0.8207756419710932,0.9199258417415666,0.04205222883764202,0.04713216381236038,0.06935568625351118
2022-02-11,0.821695545080398,0.9156874481072336,0.04208886512967762,0.04690331563201197,0.0686516751876376
2022-02-14,0.8346527980683296,0.9310349914451738,0.04274608863619363,0.04768222710068129,0.0695370128003574
2022-02-15,0.8216399194161048,0.9232919571136149,0.04207152042886142,0.047276544770504136,0.07768995757298791
2022-02-16,0.8185227603594488,0.9196119122661901,0.04189625038260597,0.04707051874062969,0.08026312252660128
2022-02-17,0.817760615304534,0.9195942888902608,0.04184095096505411,0.04705129940119761,0.07725935918419413
2022-02-18,0.80854120485137,0.9099413282195379,0.041354349640838284,0.04654064828614009,0.07339424340100442
2022-02-21,0.8078158960678357,0.9082735755212753,0.04130219272800249,0.04643841554559042,0.07193878412111965
2022-02-22,0.8281011855970744,0.9268453262676398,0.04233740804527211,0.04738578987150416,0.06321905287185214
2022-02-23,0.819921731634992,0.9217975202015624,0.041911255010072875,0.04711875468867217,0.06789915465480778
2022-02-24,0.8486879961383124,0.9487774366428603,0.043400755514190176,0.048519194041252864,0.06255110304052525
2022-02-25,0.8382703944484339,0.9423606664039564,0.04285831314843677,0.048180144267274114,0.06344921346292853
2022-02-28,0.8365040954359135,0.9371111766312855,0.04275123649675146,0.047892965204236,0.0603908173055685
2022-03-01,0.8203680202916964,0.920871186823858,0.04191506640254782,0.047050075075075075,0.06412047107756047
2022-03-02,0.8302805559048071,0.9281414145193532,0.0424119173593645,0.04741078987150416,0.06478592628151403
2022-03-03,0.8366656812995262,0.9304775281565354,0.04272449162795022,0.0475150113722517,0.06979978859247904
2022-03-04,0.8576217401321424,0.9499163406597216,0.04379072954591795,0.04850335249042145,0.06840206107333646
2022-03-07,0.9029817817445337,0.9908405840093307,0.046182697743113316,0.050676206461780934,0.06444137396514638
2022-03-08,0.9298146637758293,1.01718200623778,0.047575034760078794,0.05204528514056225,0.06588543056061869
2022-03-09,0.9411804347335198,1.0310396645569262,0.04814608251748435,0.05274283116883117,0.06766216061458419
2022-03-10,0.9168502954426079,1.012921594377462,0.04690444665655395,0.05181928514056225,0.07113934126935972
2022-03-11,0.9246532826573963,1.0263012253526174,0.04728569441674371,0.05248385209003216,0.07483098576638869
2022-03-14,0.9744502801918417,1.0759639149331537,0.04990553379444151,0.05510445695364239,0.07474044894165321
2022-03-15,1.0338835756424747,1.1375958895129357,0.05314678152625321,0.05847811265164646,0.0798334952998414
2022-03-16,0.9700619027837262,1.0780130127445673,0.05002344469973372,0.0555901888053467,0.08908267554051896
2022-03-17,0.9425524321124752,1.0538361176291797,0.04862040983494502,0.054360842105263166,0.0989350649789511
2022-03-18,0.9324700326332354,1.031194783242174,0.048085025271041505,0.05317600081103,0.09365546192514396
2022-03-21,0.931837271415702,1.031549884648418,0.048033877529008256,0.05317381300813008,0.09016805958792573
2022-03-22,0.9304084504609502,1.025995365349804,0.04794148992262041,0.05286683116883117,0.08508158894367446
2022-03-23,0.9237874863911009,1.0174542327517924,0.047583551339812256,0.05240825020177562,0.08392051646212195
2022-03-24,0.9380712389923027,1.0302594227276654,0.04830396787716585,0.05305100081103,0.08988022326863798
2022-03-25,0.9670204826419979,1.0535584755630532,0.04980759494633562,0.05426484210526317,0.08406435951450764
2022-03-28,0.9785473000273375,1.0591734879958021,0.050385758883784715,0.05453723083264633,0.07607874942606974
2022-03-29,0.9855231152475877,1.0631763196848762,0.05072644870346091,0.05472338315441784,0.07234731737778177
2022-03-30,0.9446262633268524,1.0336879921455908,0.04867907487954391,0.053268659919028336,0.08313811966796525
2022-03-31,0.9529218329268164,1.0305765614725506,0.04909301222079182,0.05309365991902834,0.07479595671175909
2022-04-01,0.9372895062306115,1.0181760307964878,0.04828274165509293,0.05244946190858059,0.0785110842645853
2022-04-06,0.9449561239460722,1.0212538691047202,0.048659584685815604,0.05258846190858059,0.07745110007888312
2022-04-07,0.968710974786402,1.0443521659817065,0.04987998379987571,0.053774831168831166,0.07496334465849452
2022-04-08,0.9587491268063939,1.0319149037926914,0.049350070504103366,0.05311616129032258,0.06859605160936533
2022-04-11,1.0023020732522607,1.0688997123667499,0.051668368795394146,0.055101456953642394,0.04676831326811026
2022-04-12,0.972455258506245,1.0432270337124974,0.05014520585384279,0.05379459250203749,0.046220946984720346
2022-04-13,0.98905552416609,1.0565537721137332,0.050990922789865833,0.05447080623973727,0.037660078428236154
2022-04-14,0.9701686302238399,1.038085379064906,0.0500117535238096,0.05351283116883117,0.03547724895632043
2022-04-15,0.9734294330706631,1.042564156702729,0.050160335048211824,0.053722813008130074,0.0329831392722979
2022-04-18,0.9719283136373216,1.045574179074882,0.05006652531443263,0.0538602131147541,0.03746967013287539
2022-04-19,0.98214744091306,1.0504457866727224,0.05057925500094411,0.054096526748971197,0.03585071362132419
2022-04-20,1.0040728103083287,1.0693091103951333,0.05171295780778807,0.05507283569641367,0.03308101150469955
2022-04-21,1.034663469195665,1.0978475605270732,0.053303539508328564,0.056558642069550476,0.033301176136755206
2022-04-22,1.0255944949890452,1.0869907411096342,0.05281732628385857,0.05597918565400843,0.03550032309017159
2022-04-25,1.1079761762674047,1.161992048325181,0.05730741180806454,0.06010125330979701,0.027719824318412245
2022-04-26,1.1201129253941047,1.1724930765660493,0.05792034379906368,0.06062888888888889,0.02372911423783819
2022-04-27,1.068571995506197,1.132286878659619,0.05532252990790192,0.05862120191470844,0.02799564865846249
2022-04-28,1.0572632381886136,1.1239101370952191,0.054719734589801644,0.058169112651646454,0.03156465765232963
2022-04-29,1.020036712003569,1.079874623925947,0.05283178691070147,0.05593103204047218,0.02239376991649822
2022-05-05,1.0250334088538882,1.065984391756266,0.053070251055942055,0.05519045409015025,0.008020051413185847
2022-05-06,1.0653603430179241,1.103797720977037,0.05520532017596315,0.057197085470085465,0.00368433862604145
2022-05-09,1.0812463747152838,1.1163087229037332,0.056014113145593236,0.057830522785898536,-0.0012762125023748627
2022-05-10,1.0652974595585518,1.105009534995901,0.055178299736870925,0.05723523208191125,-0.0017408819198156955
2022-05-11,1.0398063099607466,1.084036254011455,0.05385727416388465,0.056148185654008434,0.00017429999129814355
2022-05-12,1.0510856969442048,1.0935040965675742,0.0544226826420348,0.05661900508044031,-0.008163765516371324
2022-05-13,1.038129173511977,1.0798081977946556,0.05373620134497513,0.055893613445378146,-0.011804853436570895
2022-05-16,1.0289673803330617,1.088226905425295,0.05324822172659888,0.056314853761622985,-0.03627825697433518
2022-05-17,0.9610407737268234,1.072676685032425,0.04972757951339588,0.055504008368200845,-0.06902832481491938
2022-05-18,0.9790027198961806,1.0857849888500781,0.05063876033788275,0.05616205625524769,-0.06578245437581653
2022-05-19,0.9870043073052105,1.085359668867327,0.05103314480133208,0.05611861744966443,-0.06061883396812173
2022-05-20,0.9663975474890638,1.055825884236611,0.04998293796157859,0.054608250825082506,-0.05605879190566765
2022-05-23,0.9731794784212957,1.0671216711570897,0.05031780300896038,0.05517504142502071,-0.058626867681847994
2022-05-24,0.9966345735168537,1.097991404668972,0.05156531386251693,0.056809459459459456,-0.06209068386779959
2022-05-25,0.9885163129078285,1.088838147806074,0.051128704174507905,0.05631761744966443,-0.06185184623986584
2022-05-26,0.9889591650184122,1.0930029688454115,0.05113261502228714,0.056512040133779265,-0.06433792433344565
2022-05-27,0.983523003552079,1.0918097181870485,0.050832170703920654,0.05642883569641367,-0.06710401325999138
2022-05-30,0.9764248276494444,1.0792336767799975,0.05045055697177124,0.055762551867219914,-0.06400953849015656
2022-05-31,0.9540861742324215,1.0542429024776234,0.04929885538971022,0.0544740819000819,-0.06318951569163811
2022-06-01,0.955964421430808,1.056128084345474,0.049377183220985166,0.054550806239737265,-0.06301472836840072
2022-06-02,0.9573181475113339,1.0542564526005613,0.04942832805828397,0.05443345447087777,-0.06101249096951844
2022-06-06,0.9392830085116036,1.0287530267604552,0.04850945248531469,0.053130148867313924,-0.05711180728151044
2022-06-07,0.9362802510963126,1.0292144636686347,0.04833642634928009,0.05313425020177562,-0.05944503753241959
2022-06-08,0.9225609159541015,1.012786220265926,0.04761806402361871,0.05227505115907275,-0.05825890906452991
2022-06-09,0.9295212447835034,1.0258323178138884,0.047969050334634944,0.05293929790660225,-0.06173047484383387
2022-06-10,0.9150106882073765,1.0056752806841147,0.0472229885871775,0.05190211755361398,-0.0589102336874352
2022-06-13,0.9527130924794699,1.0358053554466609,0.04916316372668281,0.053451000811030006,-0.0528690312500012
2022-06-14,0.932713026997756,1.0187233140293936,0.0481176451713541,0.05255482182985553,-0.0552872211649279
2022-06-15,0.9218381768669407,1.0003089733010189,0.04755318746461529,0.051601117553613976,-0.05096343982049356
2022-06-16,0.9402942583617382,1.0148751248943735,0.048489993773719764,0.05233605124099279,-0.048037257766240016
2022-06-17,0.9278033767038839,0.998448170726282,0.047844339543680225,0.0514873026941363,-0.045974194958755654
2022-06-20,0.921098163994768,0.9943855155101454,0.047482935231101,0.0512609240506329,-0.04188745219025225
2022-06-21,0.9225880995511967,0.9935526040439636,0.04754153836255269,0.051198383399209485,-0.0409345477993458
2022-06-22,0.9430165322225756,1.0148310904867683,0.04859067313743968,0.05229105124099279,-0.040403265454236004
2022-06-23,0.9173388560638365,0.9896053516440674,0.04727496030421654,0.05099920646178093,-0.04094814233434141
2022-06-24,0.8971064512291214,0.974382053644342,0.04622621576881604,0.05020808287724786,-0.03549084539381664
2022-06-27,0.8746047986429236,0.9536181461455503,0.04505957223819786,0.04913033384972889,-0.0002967522180744586
2022-06-28,0.8585669184078003,0.9405909790156053,0.04422488189815687,0.04844995080707148,0.005399511547606872
2022-06-29,0.8823934085602275,0.960276661852289,0.04545451662012599,0.04946649766718507,-0.0014329043247724993
2022-06-30,0.8625469779550555,0.9457056174453567,0.044434155033672464,0.048718076923076926,0.0026496327515208584
2022-07-01,0.8679757678730644,0.9508290151773339,0.04469836302916555,0.048965077220077216,0.0020032611907359055
2022-07-04,0.8556294055408998,0.9393704398607134,0.04404882675453861,0.04835991551459294,0.0037759680227651415
2022-07-05,0.860447168347642,0.9430481042273658,0.04428015815097336,0.04853095080707148,0.0008487595018715766
2022-07-06,0.8809248912006006,0.9635290542758361,0.04533524517931443,0.0495863226812159,0.0003977170318423262
2022-07-07,0.8748472075032109,0.9591555745618544,0.04500680570245758,0.04934407770007771,3.973848717264694e-05
2022-07-08,0.878705361371013,0.9648545162898152,0.04518876798943446,0.049619120124804995,-0.0003142421668050899
2022-07-11,0.9047324498035172,0.9886187027167276,0.04653337709203133,0.0508479240506329,-0.002901371559660748
2022-07-12,0.9202486091433705,1.0065036743700977,0.04731990170018191,0.051755204472843444,-0.002432889093895052
2022-07-13,0.9190134360355718,1.0066162463116322,0.04723855474776916,0.05174145969672785,-0.001738070657508084
2022-07-14,0.9223816080639765,1.0150891910662245,0.04739357410062653,0.05215705124099279,0.005931105210962073
2022-07-15,0.9454756996118555,1.0439575937294208,0.04858221059887507,0.05364259250203749,0.009409002502783537
2022-07-18,0.931116019775523,1.0266533037262962,0.047835055045027844,0.05274317727639001,0.007473211508903788
2022-07-19,0.9393002352261702,1.0316266459294186,0.04824009204220861,0.052981743734842365,0.0013652430493766854
2022-07-20,0.9378683232908831,1.0285658221025438,0.04814900042790189,0.05280529790660225,-0.0004221508641767402
2022-07-21,0.9554209753291932,1.0480763450466821,0.04904218343443383,0.053798224755700334,-0.0002672750676435687
2022-07-22,0.9506139395273934,1.0426045329150258,0.04877684592529596,0.05349696501220506,-0.005490291365619515
2022-07-25,0.9617899686405627,1.0522648117544229,0.04933522236572414,0.05397614881439085,-0.0075792678090833565
2022-07-26,0.9522425157443397,1.0439441937039613,0.04883219134269985,0.05353476848090982,-0.006444330272682985
2022-07-27,0.9603095627782646,1.0520285079804952,0.0492297326339124,0.05393165306122449,-0.01102010468900494
2022-07-28,0.9575931610152723,1.0495213704926125,0.049071798060207464,0.053782653061224484,-0.009364407840966038
2022-07-29,0.9832119000552146,1.0736534038044643,0.050381959786784544,0.05501638315441784,-0.013088931213969146
2022-08-01,0.9823997855467735,1.0739530358279321,0.05032277267032595,0.0550125267489712,-0.012541470500691654
2022-08-02,1.0120979540566692,1.1013888521453452,0.051862590725290765,0.05643809380234507,-0.01643852854712624
2022-08-03,1.029645741361254,1.1186737520197567,0.052751694311563006,0.05731285376162299,-0.015754864771829302
2022-08-04,1.017612139622019,1.105634082587657,0.052121835181598714,0.05663029673093044,-0.012655345490954595
2022-08-05,0.9932575171475221,1.0837995205640003,0.050873577754856916,0.05551104142502071,-0.007942233888774908
2022-08-08,0.9957017586455941,1.0868642303580576,0.05097995735319372,0.055647478405315615,-0.0030741187211874577
2022-08-09,0.9935730360805872,1.084756065511697,0.05085191450176436,0.05551873963515754,-0.0033162694919206537
2022-08-10,1.0119452795793198,1.1004787304176722,0.05178538872016272,0.056316008368200846,-0.010973738665571608
2022-08-11,0.9819798797228555,1.0714799700972188,0.05027049101934226,0.05485226869350863,-0.010127074635419397
2022-08-12,0.9828137836954044,1.0726189871393064,0.05029418092792973,0.05488984210526317,-0.01151183849469839
2022-08-15,1.0004185804579948,1.0932803773296806,0.05117594865959539,0.05592625082508251,-0.011085796114596813
2022-08-16,1.0085965858802488,1.1023032474528305,0.0515752354949483,0.0563669859387924,-0.012964797957757734
2022-08-17,0.9993817685437352,1.0923092447655396,0.05109238922148535,0.055843213114754105,-0.012426833519881053
2022-08-18,1.0195526002576107,1.114824279059457,0.05211188318626024,0.05698145695364239,-0.010344450531432181
2022-08-19,1.0292237943235423,1.1190522735907809,0.05259141110584979,0.05718147840531562,-0.015215185543950738
2022-08-22,1.0177436016708648,1.1076642971100001,0.051989796582968255,0.05658325082508251,-0.016742699939867767
2022-08-23,1.0226613295524947,1.1117859831508479,0.05222375549704317,0.05677504142502071,-0.013955593735501926
2022-08-24,1.0517192048774855,1.1410585265519557,0.0537245047850696,0.05828818565400844,-0.01269121040575949
2022-08-25,1.0332555102378405,1.120467687139308,0.052768133301756906,0.05722204013377927,-0.012949033836771928
2022-08-26,1.0357695101288174,1.1283566973682546,0.05287695515002283,0.05760361344537815,-0.0110266394626517
2022-08-29,1.04733538468305,1.1438967793423955,0.053449476545907246,0.05837736886632826,-0.006514564651598609
2022-08-30,1.0551716740952257,1.1461610984800217,0.05383046713661656,0.058472368866328256,-0.009869998384069545
2022-08-31,1.0528837975382033,1.146134988306659,0.05369350997856295,0.058449005080440306,-0.008304203496362628
2022-09-01,1.0690388223406522,1.1596833788235215,0.05450497646626515,0.059126491901108275,-0.008262700550082047
2022-09-02,1.0756570137922512,1.16523761470483,0.05482464757729878,0.05939043835616438,-0.01317541210620643
2022-09-05,1.0805308895036687,1.1651296303128567,0.0550529047511254,0.05936319931565441,-0.018697809450462177
2022-09-06,1.0673262248629058,1.1533527495753102,0.05436761233111537,0.05874964346349747,-0.018922058373440298
2022-09-07,1.0655366959159631,1.1523138613558506,0.054256038937672044,0.05867464346349746,-0.015364653229945957
2022-09-08,1.072147378799615,1.1561548335248177,0.05457425080309311,0.0588503829787234,-0.023717478405059778
2022-09-09,1.0489129643916222,1.1332725739913778,0.053389706381681445,0.057683613445378146,-0.04537633252228157
2022-09-13,1.0329205222858087,1.1266211208377537,0.05255739017778318,0.057325093802345066,-0.0569263812772689
2022-09-14,1.0442641727059065,1.1395885999886373,0.05312767180670738,0.05797736886632826,-0.05732341924471862
2022-09-15,1.052269579166388,1.1511506695324496,0.05352423771083774,0.05855387563884157,-0.05904794927476509
2022-09-16,1.0855772828260133,1.186207908490722,0.055255912427579865,0.06037801393728222,-0.05880172533138317
2022-09-19,1.0809549436979708,1.1862558128058365,0.055000188705482275,0.060358013937282226,-0.061507833661063493
2022-09-20,1.0846229863627437,1.1888616481975283,0.05516621547638838,0.060468013937282225,-0.06086464633106159
2022-09-21,1.0966346241223306,1.201892441468161,0.05576245054747242,0.06111467425569177,-0.06112239474786496
2022-09-22,1.1058428145332435,1.2117963839563293,0.05621830982077937,0.061604726872246704,-0.061135833534154305
2022-09-23,1.0873754913721885,1.204769471900318,0.055260227926853756,0.06122616901408451,-0.0677730907509414
2022-09-26,1.1056597954937575,1.2120659178610007,0.056171345252243474,0.06157714463176575,-0.060923359007216016
2022-09-27,1.0910288680106919,1.1926658495883575,0.05542791992409934,0.060591418930762496,-0.05891552366602648
2022-09-28,1.1006608011557157,1.2070443468172802,0.055924777166131576,0.061330144631765754,-0.060918491337697334
2022-09-29,1.1027754079277716,1.2070776536042884,0.05601130840282538,0.061308946714031975,-0.059651407384186284
2022-09-30,1.0978819105067046,1.2117106577136727,0.0557458157313947,0.06152555971479501,-0.06484872749375137
2022-10-10,1.1218310088289511,1.243556463138587,0.056993563547977445,0.06317771014492754,-0.06827297843032898
2022-10-11,1.1198726398324597,1.2419297211088287,0.05687303559594636,0.06307173755656109,-0.06849565666479274
2022-10-12,1.1008617566429217,1.2210487149190299,0.055909559645170664,0.06201350491510277,-0.06830314757054023
2022-10-13,1.1128702925814098,1.2375785787105875,0.056506023057279434,0.0628380900900901,-0.07028594406419841
2022-10-14,1.1088508784208984,1.213882272923528,0.056338999437616735,0.06167548226950355,-0.0601955263436833
2022-10-17,1.1085311518958894,1.213842256410159,0.05630178037075782,0.06165048226950355,-0.06033335741785184
2022-10-18,1.1107491896621886,1.2189381271862214,0.05639401225616554,0.061886888888888894,-0.06179486211813767
2022-10-19,1.1282889965038232,1.2414559564790921,0.0572917492868489,0.0630380900900901,-0.06378438291597721
2022-10-20,1.134283161369754,1.2474571175820575,0.05757786294206515,0.06332273755656109,-0.06348086449018009
2022-10-21,1.1396115414595203,1.2523433443208316,0.057828093785134496,0.06354852134423251,-0.06298190742566934
2022-10-24,1.17733906142169,1.3033196754139362,0.059816992394240764,0.06621768160597571,-0.06855138145768136
2022-10-25,1.1835890154103572,1.3064990680212385,0.06011255750408488,0.06635495880149814,-0.06666884585637356
2022-10-26,1.189700994050632,1.3049405867694208,0.06040727200575175,0.06625858208955224,-0.06272604409834126
2022-10-27,1.203125891007151,1.3170576339173248,0.06107230072186094,0.06685563039399624,-0.06165029430496238
2022-10-28,1.2474661376704121,1.366274106513372,0.06337288194187057,0.06940847934678195,-0.06283056898512729
2022-10-31,1.2705072187844526,1.3892308575538033,0.06453013642788653,0.07056021047526673,-0.06217006342848974
2022-11-01,1.223797405413065,1.3287895704496384,0.06227868676130037,0.06762170688030161,-0.056689443462603184
2022-11-02,1.1982475675821076,1.3055208852095022,0.06097113118303604,0.06642958208955223,-0.058514593717853614
2022-11-03,1.2080557404680918,1.3211549617141018,0.06145545011627534,0.06720896240601504,-0.06121737076283029
2022-11-04,1.160460188723859,1.2636696908762346,0.05912609632607195,0.06438467824497257,-0.057528886192772855
2022-11-07,1.1587478635784954,1.2596158416290442,0.059017299069429055,0.06415470282588878,-0.05635731920836318
2022-11-08,1.174268661392696,1.2727548809658726,0.05979131518119568,0.0648060284142988,-0.05471052137315513
2022-11-09,1.1965637931142772,1.2860236100432436,0.060914252590069315,0.06546844177449168,-0.04927632697544981
2022-11-10,1.1880777529275224,1.295001200190858,0.060466957500831364,0.0659088029739777,-0.05855425729105446
2022-11-11,1.1425687965383666,1.2426255759186442,0.05821025584899171,0.06330783136899365,-0.05622625798562153
2022-11-14,1.128932573710805,1.2250630702838095,0.05749436067381293,0.06239010163339383,-0.0539510653745815
2022-11-15,1.1091439092144333,1.2015816770452394,0.05650157621700341,0.06121050491510277,-0.05269291213173177
2022-11-16,1.112057779630087,1.2094965788834589,0.05663654810334084,0.061599057553956844,-0.05518310509084989
2022-11-17,1.127146726821069,1.2238301785924561,0.05738584180346079,0.062308236675700096,-0.054490911235689055
2022-11-18,1.1282213573673272,1.2262669781030262,0.057421721664424386,0.062411831368993656,-0.055040910041399216
2022-11-21,1.1384728937399542,1.2409369656210756,0.057930388994912846,0.06314420091324202,-0.057091240505704355
2022-11-22,1.1165427332190192,1.2297242330120532,0.05679348929710766,0.06255052134423252,-0.06338492283884467
2022-11-23,1.1152361772155674,1.2312433809876708,0.05670612219796112,0.06260471014492755,-0.06512041093450938
2022-11-24,1.123331845523873,1.2402465433358707,0.05709902920585755,0.06304181073703366,-0.06531116902762557
2022-11-25,1.0917693634920673,1.2160203732346888,0.05547647787209849,0.061790090090090094,-0.07008109561970666
2022-11-28,1.100640091241873,1.2280149242458311,0.05592027173816941,0.06239181073703366,-0.07112221359751825
2022-11-29,1.0631781799754199,1.1764631424652767,0.05408911751621664,0.05985248226950355,-0.06501075441707627
2022-11-30,1.0516816630614148,1.1697527849039089,0.053484569886231195,0.05948922261484099,-0.0679726688878628
2022-12-01,1.0530414647202757,1.1641883203380543,0.05354474923844052,0.05919631255487269,-0.06437130617416253
2022-12-02,1.062818074064474,1.173714160847683,0.05402605972325348,0.05966322261484099,-0.06381268393277062
2022-12-05,1.0164494405417777,1.129899060757976,0.051685031433260586,0.05745378583765112,-0.06680217600284255
2022-12-06,1.0072695002710164,1.1180405432131342,0.0512017808058865,0.05683252278589854,-0.06548552922754014
2022-12-07,1.028675398118052,1.1360671600526189,0.05227138951290078,0.057728423509075186,-0.06313788333573789
2022-12-08,1.024335265776635,1.1335126944624572,0.05203169377901998,0.05757742350907519,-0.06416409297673875
2022-12-09,1.0172259279215103,1.1196213926052372,0.051660110289638406,0.05686029331046312,-0.060634134022816255
2022-12-12,1.0318661779816245,1.1358654157986159,0.05239711142260811,0.05767808658008658,-0.06099526306887637
2022-12-13,1.0261901716111317,1.1338116450023954,0.05209023782986289,0.05755319031141868,-0.06315173068678503
2022-12-14,1.0343800695248757,1.1385933888460678,0.05248734725810518,0.05777542350907519,-0.06118304222372306
2022-12-15,1.0387888658915436,1.1400087291134207,0.05269180879609224,0.05782611265164646,-0.059249866493095826
2022-12-16,1.0301001037723962,1.1354637100791483,0.05223189354699867,0.057574423509075184,-0.061813071661225294
2022-12-19,1.0593384579827,1.168239423100825,0.053719090444903236,0.059241462214411234,-0.0628445907370011
2022-12-20,1.0748744734611893,1.1908006225358079,0.05451506267700878,0.06039455971479501,-0.0659679567639615
2022-12-21,1.0746488080865242,1.1921574509807542,0.054483623892963386,0.060441195013357076,-0.06690352368202113
2022-12-22,1.1323060918013075,1.1915008763894588,0.057385866181584186,0.06038588888888889,-0.013535935642545294
2022-12-23,1.1413526671496552,1.2000244242794427,0.05782373918990105,0.06079619501335708,-0.01472053098412518
2022-12-26,1.1325836023440146,1.19324179554895,0.05735990153994912,0.06043194671403197,-0.012393681123220479
2022-12-27,1.1068030988642414,1.1663198354604896,0.056048377757787135,0.05906229824561403,-0.011926696121196567
2022-12-28,1.1175817538303081,1.175845432880319,0.05657566966165792,0.059525169014084514,-0.01081340569873912
2022-12-29,1.1270268825075866,1.1879856756392928,0.057034675441529556,0.06011957522123894,-0.006372533817963655
2022-12-30,1.1215689778316171,1.1826776633201355,0.056738997264394395,0.05983042151675484,-0.005624337062571261
2023-01-03,1.1175964765734017,1.1763724348308422,0.056518890903488606,0.05949129824561403,-0.007609645959796629
2023-01-04,1.1185143323697315,1.1732062950498117,0.05654472180026775,0.05930958741258742,-0.009620366163729521
2023-01-05,1.082520770260727,1.1435705483000622,0.05474144873152778,0.05782864427217917,-0.00459765677793289
2023-01-06,1.0775663947584095,1.1376476809780176,0.05447175756836163,0.05750890987124463,-0.005241730787794663
2023-01-09,1.0629210323508322,1.1258156564328372,0.05371767695343424,0.05689623208191126,-0.004891476388260596
2023-01-10,1.0583283287062877,1.1242238128897073,0.05346609711254939,0.05679509649871904,-0.001099475716677789
2023-01-11,1.0618026220320953,1.1231623655869631,0.05362248130348453,0.05672123208191125,-0.00573662395648844
2023-01-12,1.0557536774599696,1.1157852075135,0.05329780057551199,0.056328382978723404,-0.006589926051084105
2023-01-13,1.0288424933718519,1.0899639388909084,0.051938077611150976,0.05502361344537815,-0.0028806491937167777
2023-01-16,1.0012545342645487,1.0715447316664892,0.05054834537807147,0.05409694671107411,0.00639819426773669
2023-01-17,1.0050875010699223,1.0776591792473373,0.05072338708411077,0.05438583569641367,0.009545658633816512
2023-01-18,1.0042534597948511,1.0753602489949043,0.05066321380802062,0.05425045409015025,0.010755725461655485
2023-01-19,0.9965095175472783,1.0703324352902124,0.050257377712456065,0.0539805195344971,0.012663085617049319
2023-01-20,0.983730847483677,1.0547250047193544,0.04959785895559564,0.05317725082508251,0.011505056686906379
2023-01-30,0.9808209761540225,1.0563037310286756,0.04943487665732279,0.05323932289950576,0.01192112698435488
2023-01-31,1.0009691175185356,1.071761490067389,0.05044302761412048,0.05401055186721991,0.012213968396493913
2023-02-01,0.9842856054098207,1.0559743605058007,0.049591607045236616,0.05320352674897119,0.01050972898902569
2023-02-02,0.9929780839484291,1.0629751358407018,0.050012749997388264,0.05353825082508251,0.005299055618781079
2023-02-03,1.0089052364849458,1.075969441336915,0.05080537195961582,0.0541825195344971,0.004621404770296378
2023-02-06,1.0289191933349262,1.092563902934207,0.05181175158195464,0.05501661344537814,0.0032017267890116496
2023-02-07,1.0276942078351308,1.0912084859161864,0.05173147269837822,0.05492861744966443,0.0023623985645333523
2023-02-08,1.035202422099516,1.0984031604481796,0.052092659410344785,0.055272998315080035,0.0025823511944242927
2023-02-09,1.0153637535713926,1.0801564090627118,0.051091671690728695,0.05435194671107411,0.004108659998087516
2023-02-10,1.023590123628496,1.0869721727971773,0.05149064008829392,0.054679008368200846,0.003832595627544233
2023-02-13,1.0108551725162185,1.0759715026160759,0.050838604382978866,0.05411347840531562,0.005615756433905217
2023-02-14,1.0113751024861601,1.0741987201162315,0.05084631740888307,0.05400473963515755,0.007714945323481492
2023-02-15,1.0201482195763967,1.0826971123386757,0.05127168511399122,0.05441533333333333,0.006768671570700935
2023-02-16,1.032627994868846,1.0901316119958164,0.0518856681503119,0.054775008368200845,0.008008236973869876
2023-02-17,1.0560582634428188,1.1095785144272485,0.05306472414493785,0.0557540050804403,0.010783914450504861
2023-02-20,1.0115241632534457,1.0661932077753353,0.05086253011213915,0.05361145695364239,0.011291174692255712
2023-02-21,1.007527081762761,1.0607359378244512,0.05064368967140693,0.05331825082508251,0.012506616072694765
2023-02-22,1.0227129585176387,1.0762860370578706,0.051396622096112114,0.05408894671107411,0.01646183405015611
2023-02-23,1.0236917302144029,1.0771581042798235,0.05142733606846459,0.054113333333333326,0.015294585336545152
2023-02-24,1.042770743589812,1.094542523000736,0.05237782034912836,0.05497828931875526,0.009453447358900524
2023-02-27,1.0500259561182061,1.0993164862906069,0.05272500425844624,0.05520003204047218,0.007826234642176022
2023-02-28,1.042268702407297,1.0917786649121564,0.052319986957603454,0.05480529673093043,0.007333489699085538
2023-03-01,1.0207157950094092,1.0691335438937772,0.0512371873414532,0.05366762809917355,0.00693223914935448
2023-03-02,1.0221703069971897,1.0668361644527384,0.05129230419075259,0.05353362809917356,0.005349331162148641
2023-03-03,1.0194313487061775,1.0580796607671112,0.0511371144771985,0.053075806239737275,0.0036517128425086476
2023-03-06,1.0322926220790019,1.0691387713529974,0.05176650254385724,0.053614230832646326,-0.0005722892530639623
2023-03-07,1.0582883080970502,1.0888918044481644,0.053072584591921254,0.05460733333333333,-0.0022289353535992484
2023-03-08,1.0627404280223332,1.089993389739578,0.05327818597385057,0.05464445409015025,-0.007779514744187144
2023-03-09,1.0705935024178215,1.0960542914657234,0.05365401194507477,0.05493000836820085,-0.006828257795930326
2023-03-10,1.0951594547014805,1.1241206169723443,0.05488339240575933,0.05633476720475786,-0.005590477375638447
2023-03-13,1.0767371534239065,1.097258506472097,0.05395076968578607,0.05497900836820085,-0.008178058744526484
2023-03-14,1.0881729493040777,1.1084356198900407,0.05450809878092297,0.05552308417508417,-0.0054432484784404656
2023-03-15,1.08781142669479,1.1031933354637298,0.05447039330976472,0.055240617449664436,-0.006713574644498954
2023-03-16,1.0982676142551429,1.1137610646488592,0.05498928867410172,0.05576503204047218,-0.009200316325153612
2023-03-17,1.0855184785600747,1.1018321318127944,0.05433354518194297,0.05515009380234506,-0.009749590527600938
2023-03-20,1.1053416981364237,1.1182668238320799,0.0553087163642889,0.055955459459459456,-0.007657438246819526
2023-03-21,1.0907450822451605,1.1051101098282596,0.054569935657115036,0.055288617449664436,-0.008566686967188764
2023-03-22,1.081019823949027,1.1004057527480473,0.054065483798018295,0.055035040133779266,-0.011595893775701027
2023-03-23,1.0659151146129344,1.0825082046768173,0.053299740420815714,0.054129456953642394,-0.01002297571654609
2023-03-24,1.0736600690946256,1.093435402710197,0.05366882774944141,0.05465733333333333,-0.005315211891088412
2023-03-27,1.0826586677573335,1.106083257104317,0.05410076330111718,0.055271296730930425,-0.008813297389898778
2023-03-28,1.077306658095301,1.1049489810745283,0.05381526239907755,0.05519609380234507,-0.016487126955014086
2023-03-29,1.0867042136683736,1.103017647563077,0.05426541618317865,0.05508004013377926,-0.00935046030629183
2023-03-30,1.0723480530957448,1.0948976321284616,0.053535196411049826,0.054660946711074104,-0.006218834900189707
2023-03-31,1.0693345792482507,1.0871101053620094,0.053366349257665244,0.05425345695364239,-0.006527903812050928
2023-04-03,1.052255936617902,1.0694823631613517,0.05250367816354045,0.05336321311475411,-0.005986822530735347
2023-04-04,1.0379737827775661,1.0555675924650294,0.051773204971794703,0.052650768480909826,-0.01080280679720702
2023-04-06,1.0449886522392742,1.056841707061624,0.052104800790954905,0.052695813008130074,-0.007269450271254474
2023-04-07,1.0435753567406438,1.0546892392620322,0.05201928152087995,0.05257327714748784,-0.00025602394779600246
2023-04-10,1.0514772530292968,1.05784254711737,0.05239663931564566,0.052713831168831174,-0.0013143664824858403
2023-04-11,1.052597578058363,1.0672528485927741,0.0524339296780636,0.05316396501220506,-0.008972134256598374
2023-04-12,1.051631981022907,1.0619151021455333,0.052367217369181734,0.052879277147487844,-0.006318817664297316
2023-04-13,1.052009861570568,1.0690904093637128,0.05237227055831416,0.053222592502037494,-0.010433450249485388
2023-04-14,1.0424083898380483,1.0574130918364242,0.05187839749599993,0.052625148867313926,-0.009229846949440956
2023-04-17,1.0066461894173138,1.0259687002256739,0.05009763498357016,0.0510592559618442,-0.012097191906687343
2023-04-18,0.988522478364556,1.0147420706316996,0.04917878721271804,0.050483206461780936,-0.0165530802706082
2023-04-19,1.0122875464398264,1.0297864771682081,0.05035109945118897,0.05122149482895784,-0.010940869898554806
2023-04-20,1.0024602713366264,1.0301558156666435,0.049845387740248694,0.05122249482895783,-0.017310236105073762
2023-04-21,1.0345432526679623,1.0610875867442002,0.051458942443352806,0.05277927714748784,-0.01629293024902634
2023-04-24,1.0381302912433923,1.0747746895596315,0.051634050699578694,0.053456653061224484,-0.022326878930161054
2023-04-25,1.039747917203457,1.0808627723097821,0.05169875297887454,0.053743081900081896,-0.024961256127941756
2023-04-26,1.0551119338692938,1.0927386004796815,0.05244409801771652,0.05431432289950576,-0.02270453006492157
2023-04-27,1.063850651040544,1.0903747063362461,0.05286443195064587,0.05418245447087777,-0.01606669452162679
2023-04-28,1.0723384686432553,1.0851141070793113,0.05327661880858179,0.05391134640522876,-0.007769065782958884
2023-05-04,1.0428118934005643,1.0704210483534893,0.051791236025302834,0.05316244426494346,-0.01697555800675077
2023-05-05,1.0523052925541303,1.0802668556581265,0.05224540945251696,0.05363365991902834,-0.01714489326141544
2023-05-08,1.0057190638010682,1.0413105782597276,0.04992573579159413,0.0516925637371338,-0.02231503695216608
2023-05-09,1.0310977895764588,1.0614486516631805,0.05117469922076688,0.05268105124099279,-0.01881433673262156
2023-05-10,1.0561972975252667,1.0887827267176116,0.05240789835175677,0.05402476848090983,-0.019903671289874025
2023-05-11,1.067654962318525,1.099873587992582,0.05295795617882703,0.054556068515497554,-0.01959285724758053
2023-05-12,1.0926582867205346,1.1206788271861094,0.05419678533226002,0.05558662809917356,-0.016817097479653764
2023-05-15,1.0857251848605365,1.0935257086914778,0.05385628774634529,0.054243224755700335,-0.004751586474879832
2023-05-16,1.1036873261127251,1.1058552790593381,0.054730706582967914,0.054838213114754106,-0.0013115796877916086
2023-05-17,1.1154802295808448,1.1154802295808448,0.05529825082508251,0.05529825082508251,0.002772868885611013
2023-05-18,1.0977366538702589,1.1081954476036615,0.05439950957194785,0.05491780623973727,-0.006312853413675157
2023-05-19,1.105176098377758,1.1174406909617676,0.05474967126096613,0.055357250825082506,-0.007363864317090463
2023-05-22,1.098945582787101,1.1085818025155205,0.054425221204274954,0.05490245447087777,-0.005817473519888261
2023-05-23,1.1394442335213693,1.1424325048657646,0.05643219147846097,0.056580188805346696,-0.0017715280028222091
2023-05-24,1.169574120084619,1.169574120084619,0.05792476720475787,0.05792476720475786,0.0032492170488296335
2023-05-25,1.1723305905205597,1.1723305905205597,0.058041382978723396,0.058041382978723396,0.000496270529491305
2023-05-26,1.1657995674388533,1.1669945224988785,0.05769762661764161,0.05775676720475786,-0.0006960847103582024
2023-05-29,1.1531782322144906,1.1681513158434107,0.05705495047568834,0.0577957627118644,-0.008741584386877443
2023-05-30,1.1468863690407414,1.1661013907230615,0.05672365267803065,0.0576740050804403,-0.011223661872457935
2023-05-31,1.1682612044874496,1.1854351771297547,0.057770827945443415,0.05862008547008547,-0.009936313038312106
2023-06-01,1.1700390656172641,1.1804540558386536,0.057839027101405746,0.05835387563884156,-0.006044321829496546
2023-06-02,1.1584878481548284,1.1604567585301722,0.057268700903532754,0.05736603204047218,-0.0011543472841015756
2023-06-05,1.154677681289087,1.1627625885256672,0.057062640256514294,0.05746218565400843,-0.00473461296030564
2023-06-06,1.1646840376092733,1.176610187390386,0.0575465016393614,0.058135767204757854,-0.006935655704716437
2023-06-07,1.164552402570521,1.1828180075345114,0.05752227475317026,0.058424491901108266,-0.010583007145312795
2023-06-08,1.140420242588381,1.1657215469129085,0.05631674526587163,0.05756618565400844,-0.014805868599421235
2023-06-09,1.1298787417955858,1.1584642415503168,0.055778444159246085,0.05718961744966443,-0.016821185621786694
2023-06-12,1.156981603587608,1.1717784643256557,0.057096633905156687,0.05782685376162299,-0.00863850090199636
2023-06-13,1.160018243916819,1.1774639261460385,0.057229351541341913,0.05809003204047218,-0.01020767071968498
2023-06-14,1.1734733870640452,1.184656567327106,0.05787284172605175,0.058424368866328256,-0.00651905079806836
2023-06-15,1.154044829852833,1.158292375521568,0.05692053995951141,0.05713004013377926,-0.0025056220842435417
2023-06-16,1.1443251490933635,1.1443251490933635,0.05643047840531562,0.05643047840531562,0.0037359093625195516
2023-06-19,1.1536512636931044,1.1536512636931044,0.056876093802345054,0.05687609380234507,0.0028825938676224627
2023-06-20,1.1605818560819003,1.165169505084511,0.05719798699236349,0.05742408417508417,-0.0026860345307215816
2023-06-21,1.184599419234989,1.1879726262963461,0.05838423981048349,0.05855049190110827,-0.0019501370230284865
2023-06-26,1.2009275368515009,1.2108629321722872,0.059189108340877906,0.05967878583765112,-0.005670465412633829
2023-06-27,1.1756735477738671,1.191655896500275,0.05793353605900163,0.05872109649871904,-0.00922233274909079
2023-06-28,1.1756688232512764,1.1955469077540213,0.05791301221144593,0.05889219931565441,-0.011446697248197246
2023-06-29,1.1781000577603682,1.2059142960538602,0.0580149545164197,0.0593846529209622,-0.015943289428874685
2023-06-30,1.1781875296702045,1.2008541010235585,0.05800319056827305,0.05911908547008547,-0.013055970351205426
2023-07-03,1.1474604613966146,1.17357186035717,0.05648766135519969,0.057773084175084165,-0.015270823100227537
2023-07-04,1.1467849130982124,1.1724560430298547,0.056434774540176424,0.057698084175084166,-0.015008118462704112
2023-07-05,1.1550230203318763,1.187329173674406,0.05682620526285515,0.05841564206955047,-0.018739459950937842
2023-07-06,1.1643873645660598,1.1996315940046185,0.057271573332575126,0.059005096498719045,-0.02029955627554514
2023-07-07,1.1670904834499498,1.2072301624837496,0.0573865991509898,0.05936029331046312,-0.023013273899458953
2023-07-10,1.169768093669709,1.2016429931264516,0.057500266189041596,0.059067085470085476,-0.018331785588213467
2023-07-11,1.1543347248731668,1.1926512540176797,0.05672583241626872,0.058608767204757856,-0.022162142460517176
2023-07-12,1.1712551592299794,1.2058127070913172,0.05754071601779047,0.05923843835616438,-0.01982939691220742
2023-07-13,1.1436341417414457,1.1785392803365986,0.05618907158279986,0.057904032040472175,-0.020339431027993626
2023-07-14,1.1425862423320152,1.1768737982776272,0.05611796961642348,0.05780199831508003,-0.019989420653053203
2023-07-17,1.1741141720397856,1.1992837599435624,0.05765160932407108,0.05888749190110827,-0.014496902628646113
2023-07-18,1.1847646178494387,1.2097686248127717,0.05815509713429478,0.05938243835616438,-0.014335345471437
2023-07-19,1.1816621152120985,1.2102088490664955,0.057982685741093005,0.05938343835616438,-0.01636079054403361
2023-07-20,1.200716486188142,1.2244558365414033,0.058902712190504816,0.060067276962899055,-0.013497305712049212
2023-07-21,1.2021972551057836,1.2276361206946496,0.05895477568301142,0.06020227696289906,-0.014458539833897555
2023-07-24,1.2079103167849987,1.237069175216937,0.05921660253144419,0.06064608658008658,-0.01651054076181968
2023-07-25,1.1445759831026203,1.1753940690195146,0.05617451470133254,0.05768703204047218,-0.017938455642196094
2023-07-26,1.1607328044717569,1.1900732017911433,0.05694813682375184,0.05838764206955048,-0.016971766847965863
2023-07-27,1.1586756087415604,1.1897311692127917,0.05682763237214254,0.0583507627118644,-0.01797293800871791
2023-07-28,1.1247432787314733,1.1489516157091113,0.0551976957113246,0.05638573963515754,-0.014327809721425333
2023-07-31,1.118989379919108,1.1410147346272348,0.05489879608319041,0.05597938315441785,-0.012377178552746115
2023-08-01,1.1175333759437092,1.1439523755045367,0.05481024666710899,0.056105985938792395,-0.015665487794652266
2023-08-02,1.1400931186729626,1.1642493209286477,0.055902580703259645,0.057087040133779264,-0.011710687334526959
2023-08-03,1.1276451233932028,1.1550071122923977,0.05528012193478503,0.05662147840531562,-0.008513801808464505
2023-08-04,1.1209707304022727,1.1448918367575007,0.05493508841297614,0.05610738315441784,-0.011796500509797747
2023-08-07,1.1342407131178909,1.1565126873949592,0.05557230068037182,0.056663519534497095,-0.01269618833136299
2023-08-08,1.1361192944844676,1.1598863865371294,0.055645860944863866,0.05680994671107411,-0.013980670052185062
2023-08-09,1.1444546912168982,1.1658087363233989,0.05603563626957987,0.0570811888053467,-0.012032093647396214
2023-08-10,1.135863089031288,1.160236039239407,0.05559598758573278,0.05678894671107411,-0.014327439095349281
2023-08-11,1.176282596457547,1.1990826327864506,0.05760874528526251,0.0587253829787234,-0.013120492898165526
2023-08-14,1.191749847226073,1.2147412801274224,0.058352065328688835,0.059477802913453295,-0.013137357614201428
2023-08-15,1.1912212071370303,1.2214060549643861,0.05830674065111884,0.05978419931565441,-0.017271491788420912
2023-08-16,1.2062961800124423,1.2390324688126064,0.05903032077593072,0.06063227696289905,-0.018566672206962953
2023-08-17,1.2050969122647786,1.2358107467085921,0.05895215374886833,0.06045464427217916,-0.017443914975638686
2023-08-18,1.2140435841732404,1.2519858229409402,0.059385995529348465,0.06124197306689835,-0.021362301457199195
2023-08-21,1.2398520888631144,1.278629977526604,0.060650819123166985,0.06254774758135445,-0.021568076569591477
2023-08-22,1.2042346732112275,1.2537811109834494,0.058893872603965794,0.061316973066898345,-0.027889886328353652
2023-08-23,1.2177965175391363,1.276055036159991,0.05956614557386941,0.062415747581354444,-0.032399974825104816
2023-08-24,1.214834190222767,1.269917287765364,0.05940583535389744,0.0620994189307625,-0.030733788612030133
2023-08-25,1.2146405214301905,1.2718038454725693,0.05937706317763969,0.062171462214411236,-0.03180026103846023
2023-08-28,1.1631697213723144,1.2335632204359492,0.056854862877031134,0.060295644272179164,-0.03994747199766868
2023-08-29,1.1694598999514942,1.2305349748962056,0.057152137920622556,0.060136909871244634,-0.03477259322474713
2023-08-30,1.145545634408105,1.2165713376655227,0.05596414506338217,0.059434013605442176,-0.04080565405462577
2023-08-31,1.14657263422032,1.223358670480133,0.055998977302307656,0.059749232081911255,-0.04395298601695419
2023-09-01,1.136898829755307,1.2091491392005487,0.055511846625636144,0.059039643463497465,-0.04155744675000639
2023-09-04,1.1070772469642607,1.1773166998425824,0.054058267595443944,0.05748804013377926,-0.04102007955849041
2023-09-05,1.1204584428317856,1.190050204347968,0.05469866024899167,0.05809599831508003,-0.040326402844468756
2023-09-06,1.1126213541382546,1.1887507720720167,0.054297932499114694,0.05801318565400843,-0.044025749885490906
2023-09-07,1.1195000490200555,1.2069255903095966,0.05463487028535896,0.05890149190110827,-0.050047471552739364
2023-09-08,1.1309410327917322,1.2142506851976391,0.055176887520292546,0.059241438356164376,-0.04747395376298302
2023-09-11,1.1196691690133322,1.2041573154014362,0.054613017223999125,0.05873401360544217,-0.04846291744577036
2023-09-12,1.1271472281536032,1.2089688363601139,0.05495928412773424,0.05894887563884156,-0.04683780434040008
2023-09-13,1.131007524758971,1.2169041426073208,0.05513290709345667,0.059320085470085465,-0.04898998700655699
2023-09-14,1.1278186851481085,1.2143735834743759,0.05495866691750537,0.05917649190110827,-0.049475087057662126
2023-09-15,1.128040939353162,1.2185262403268209,0.05495509487844236,0.05936329331046312,-0.051399593717362024
2023-09-18,1.1251478197629756,1.2123231320373882,0.05479754137017538,0.05904319931565441,-0.04963174138264981
2023-09-19,1.1196966708604705,1.2086600864311783,0.05451379344535531,0.058845085470085476,-0.05067611668934291
2023-09-20,1.1198022818723625,1.2130391014060158,0.054501875452447536,0.059039802913453295,-0.052957613469937215
2023-09-21,1.1309184388304776,1.2284770357064785,0.055032418277365255,0.05977978583765112,-0.05497451634811035
2023-09-22,1.1096874026216128,1.1984283695621853,0.05401114728720114,0.0583303829787234,-0.05075101937538662
2023-09-25,1.1163904985486581,1.2036077356722166,0.0543232341441251,0.058567199315654406,-0.04961195285517761
2023-09-26,1.1297739307884958,1.215047199200432,0.05495929295599325,0.05910751979345956,-0.04820239585135844
2023-09-27,1.139925440166206,1.2185034181494467,0.05543440861403595,0.059255644272179164,-0.04436454599104267
2023-09-28,1.1414972375555354,1.2245480983261983,0.0554928359261259,0.05953027696289906,-0.04679394161620076
2023-10-09,1.147322244434014,1.2275040185187034,0.055757141666088195,0.059653785837651116,-0.04512313950669866
2023-10-10,1.1607404289791252,1.2379131273223962,0.0563959919026448,0.06014552173913043,-0.04311959311958491
2023-10-11,1.1640808951696957,1.231817885973191,0.05653956106806515,0.05982955555555555,-0.03790073649588943
2023-10-12,1.135556433919404,1.2119301806142189,0.055143523437742994,0.058852293310463114,-0.043244256715916585
2023-10-13,1.1390353511444689,1.2270653636787408,0.055305042962761466,0.05957927696289905,-0.049538372061594615
2023-10-16,1.147955931712652,1.2365088044693084,0.05572959624150651,0.06002855555555555,-0.049524011297845005
2023-10-17,1.1308128341062977,1.2239427231665858,0.054879581744233824,0.05939927696289905,-0.052383267584329984
2023-10-18,1.1384548236270005,1.2315164120341375,0.05523817862786263,0.05975355555555555,-0.05201714220702247
2023-10-19,1.1842471314345064,1.2680061524706283,0.05748814314981161,0.061554144631765756,-0.045823836701623266
2023-10-20,1.2022181146911741,1.2856298981378111,0.05834534639394647,0.06239343828264759,-0.045257667315678485
2023-10-23,1.2146791510518828,1.3042312483008478,0.058941761300237205,0.06328723667570009,-0.0481044124063742
2023-10-24,1.2193655190420525,1.3019695615776765,0.059150197480044714,0.0631572366757001,-0.04435792389590498
2023-10-25,1.2316129011133319,1.3116831784109266,0.05972683818862907,0.06360983136899365,-0.04282941477942137
2023-10-26,1.2009853448940686,1.2932515173578438,0.05822230790659795,0.06269525965858042,-0.04978395299956484
2023-10-27,1.1993491374640284,1.2804398606877494,0.05814195611017537,0.062073066012488846,-0.04406774200493413
2023-10-30,1.2150379676351875,1.2806377774820954,0.0588858246999609,0.062065066012488845,-0.03563929511343833
2023-10-31,1.202640309510345,1.2786911428625127,0.05826632694192768,0.06195088888888889,-0.041451321903313576
2023-11-01,1.1970613502209215,1.2776241294637296,0.057976312167145716,0.06187814463176575,-0.04397365187626778
2023-11-02,1.2083031974861076,1.2890901931781653,0.05850343914654318,0.062414971530249115,-0.04396562399285475
2023-11-03,1.2013158612363692,1.2783800305840318,0.05815212798143003,0.06188257522123894,-0.04215405380984072
2023-11-06,1.1999377053070566,1.269981850604828,0.05808364368930794,0.06147416901408451,-0.03851636768946187
2023-11-07,1.201216009185787,1.2719776634441338,0.0581272415695339,0.06155142151675484,-0.038830200601485565
2023-11-08,1.212520383831429,1.2807028858041982,0.058655037056067005,0.06195332979664013,-0.03730369089588215
2023-11-09,1.2031334541189747,1.2756813319918687,0.058181149892791356,0.06168942151675484,-0.03978380021574601
2023-11-10,1.1989263138570447,1.2867213483092472,0.057963899049331725,0.06220848226950355,-0.04787889872353812
2023-11-13,1.1990359859650195,1.2901984217265623,0.05795001977214267,0.062355946714031975,-0.049610737365673674
2023-11-14,1.193253193538009,1.2849144371676284,0.05765095194553206,0.06207948226950355,-0.049953822054398356
2023-11-15,1.1784743098821462,1.2742945549947506,0.05692215370112107,0.06155042151675484,-0.052484557029287005
2023-11-16,1.1889915975773486,1.2890306612038573,0.05742069898220305,0.062251946714031975,-0.05439984946039378
2023-11-17,1.199779576804836,1.2950819327145102,0.05792224457674369,0.06252319501335707,-0.051668673403168275
2023-11-20,1.1954587461306727,1.2893532100568428,0.05769447165860099,0.06222594671403198,-0.05102440912415296
2023-11-21,1.1967864904169523,1.2860823216456454,0.05773906010093194,0.06204714463176575,-0.04855211266249715
2023-11-22,1.1964705665252677,1.2965407037518055,0.057715323607770805,0.06254250491510277,-0.05401615882904476
2023-11-23,1.1844647028105633,1.2861851944719338,0.057118889277623,0.06202419501335707,-0.055086583412293666
2023-11-24,1.1820901049422277,1.2941511642670824,0.05698985246356844,0.062392438282647594,-0.06040090945730492
2023-11-27,1.19682097579213,1.3066891175099746,0.057686473017155175,0.06298209009009009,-0.058781349509577696
2023-11-28,1.2010058397894436,1.309801491484321,0.05786883060429943,0.06311100090009,-0.05824051198623337
2023-11-29,1.2146361645696988,1.325110730814382,0.0585138340314397,0.06383583136899365,-0.0587016306332202
2023-11-30,1.2083620523179606,1.3200865259634047,0.05819228201590713,0.06357270758122743,-0.05961511526374896
2023-12-01,1.218963401387372,1.3250265853134542,0.05868470066535711,0.06379091320072333,-0.056474710641150394
2023-12-04,1.2246161186426705,1.331819384926798,0.058941743269474156,0.06410152134423251,-0.056809156603089606
2023-12-05,1.2535600286005524,1.3660739014780978,0.060354311975890744,0.06577144177449168,-0.05861334442086219
2023-12-06,1.2743333419641167,1.370312480818191,0.061333911331171,0.06595340593141799,-0.049844346736664935
2023-12-07,1.2778802564520353,1.374311208240028,0.06148464570572637,0.0661243784786642,-0.050016319292269795
2023-12-08,1.2615156749676593,1.367716918346067,0.06067729723161552,0.06578544177449168,-0.05527012395391995
2023-12-11,1.2641085643503112,1.3633379882205516,0.06078485779855841,0.06555632014719412,-0.051865795729670094
2023-12-12,1.2481717715402803,1.3581254064053174,0.05999864299338705,0.06528402841429881,-0.057663554942147144
2023-12-13,1.2706101111706842,1.3875685121952896,0.06108773731752254,0.0667108029739777,-0.060504186463457565
2023-12-14,1.2812485277501278,1.393868557707193,0.06158172999894622,0.06699468160597571,-0.05797271171128593
2023-12-15,1.2907772986056325,1.4046966710533189,0.06202004560954677,0.06749371227741331,-0.058404023346135925
2023-12-18,1.2850506291511599,1.4090652998859114,0.061725745980298063,0.06768263039399625,-0.06350038785002265
2023-12-19,1.279501979226929,1.40452500752852,0.061438649583963105,0.06744195880149814,-0.0641153424432741
2023-12-20,1.2877138574668419,1.420661826511914,0.06182380582769631,0.06820670632672333,-0.06759491628469627
2023-12-21,1.295642080016659,1.4165011573928217,0.06219416578701379,0.06799571361502346,-0.06178648436830325
2023-12-22,1.2915103923680227,1.4101499630301353,0.0619752542215387,0.06766836950420956,-0.06085940237175158
2023-12-25,1.2842084901787467,1.4074834706278585,0.061604998468617354,0.06751864492078286,-0.0634534264317358
2023-12-26,1.2797433328603747,1.4124778789352594,0.06137552118493513,0.06774136950420956,-0.06805091853304335
2023-12-27,1.2745684198033318,1.4067720136253923,0.061107888742328545,0.06744625581395348,-0.06813744601996818
2023-12-28,1.2580351046087666,1.3750359346663155,0.06035211104634966,0.06596502841429881,-0.06123692848432527
2023-12-29,1.2580634907205062,1.3696684839838742,0.06033541651481366,0.06568787591240877,-0.05866295499764229
2024-01-02,1.2640045275840464,1.384450806920641,0.06061897241629928,0.06639532014719413,-0.06278889983482683
2024-01-03,1.2556342060660075,1.3828347580358797,0.06019806964561755,0.06629636455463728,-0.06641043155922488
2024-01-04,1.259561376508456,1.3953146703831745,0.06037573296458891,0.06688292250922509,-0.07053793466385627
2024-01-05,1.2684052834278288,1.4086533111689394,0.060782646840004076,0.06750340593141799,-0.07251699059635619
2024-01-08,1.2829255562335158,1.429426904095316,0.06147673499005057,0.06849695880149814,-0.0749759903062599
2024-01-09,1.293992117609031,1.4356191719599871,0.061986549321475785,0.06877095880149814,-0.07245749324663864
2024-01-10,1.3010684085798865,1.4445796172962975,0.06230730208495615,0.06917995856873824,-0.0729876118577657
2024-01-11,1.3109375634471836,1.4447809860378047,0.06276210569362493,0.06916995856873824,-0.06805139753370337
2024-01-12,1.306617479479995,1.4433227651045817,0.06253587073653409,0.06907870688030161,-0.06941949148537341
2024-01-15,1.304988812606041,1.4411115051398173,0.06243717036533104,0.06894995856873824,-0.06916581072018446
2024-01-16,1.2834398705569652,1.4277811282803121,0.06138926448898513,0.06829336950420956,-0.07380488261274898
2024-01-17,1.3158604275046253,1.4679638295648143,0.06297271983782897,0.07025188465204957,-0.076358438901174
2024-01-18,1.3026839340086491,1.4488337638731652,0.062342427144599255,0.06933670632672333,-0.07406941653869381
2024-01-19,1.3050746122755257,1.4544039771091528,0.062436288723630655,0.0695803793755913,-0.0755130381912239
2024-01-22,1.3321991876319448,1.4829850285313808,0.0637407395709774,0.07095527708533078,-0.07524762627470583
2024-01-23,1.3280634139240088,1.4751856326678203,0.06352322274994703,0.07056029445506692,-0.07360777003555397
2024-01-24,1.2852363916460177,1.4395316835285423,0.06147456474002509,0.06885471361502347,-0.07859858551873289
2024-01-25,1.221227999670772,1.3917096664467403,0.05843381527109229,0.06659109157509156,-0.0890774572396722
2024-01-26,1.2014172054576784,1.384956593518056,0.05746760360684913,0.06624687591240876,-0.09622082446893343
2024-01-29,1.2013158186652544,1.3933293557027449,0.057452166108271724,0.06663509157509157,-0.10027754609767281
2024-01-30,1.2286903671370666,1.4312721748902428,0.05877556377353447,0.06846625581395349,-0.1041749394345044
2024-01-31,1.2329538322813207,1.4435375994530495,0.05896900295610961,0.0690406816059757,-0.10786767834006605
2024-02-01,1.2418349927981216,1.450837768116075,0.059373978631192564,0.06936671227741331,-0.10662246800517539
2024-02-02,1.2520648570850934,1.4661955243277325,0.05985850064927259,0.07009562264150944,-0.10851349311771052
2024-02-05,1.2308773520176912,1.45137305812884,0.05883004279974864,0.06936868160597572,-0.11286882161469203
2024-02-06,1.1927824630536683,1.389947562191113,0.057109559283012784,0.06654968123861565,-0.10365253907251959
2024-02-07,1.2051270654395538,1.3893430220307248,0.05769028346676863,0.06650883136899366,-0.0972685833615421
2024-02-08,1.2064868706058005,1.3798542790776036,0.057739914975128134,0.06603691320072333,-0.09176480037508283
2024-02-19,1.165858708633224,1.3471766013086892,0.055789408243751074,0.06446594671403197,-0.0976978231753628
2024-02-20,1.159665360176361,1.34379996428438,0.0554748867266531,0.06428332979664013,-0.09962349112155333
2024-02-21,1.1445801129553455,1.3247439927446103,0.05475179752174228,0.06337006386701663,-0.09850678432648574
2024-02-22,1.1280039302698572,1.3078153002586064,0.053947495089953085,0.06254708658008658,-0.09932528171104171
2024-02-23,1.1278171043088938,1.3087513990309074,0.053920661886182844,0.06257108658008657,-0.099912405214588
2024-02-26,1.166201499401842,1.3405818943755194,0.055748474775292205,0.06408446221441125,-0.09486353705717476
2024-02-27,1.151281647461748,1.3211033916108164,0.05503019924300481,0.06314752173913044,-0.09334920870544472
2024-02-28,1.1791814326299674,1.3493929038065668,0.05636179772432603,0.06449746221441124,-0.09258386189716983
2024-02-29,1.1683941839335816,1.3235448881186278,0.05586218967302511,0.06328011265164646,-0.08560283117329037
2024-03-01,1.155616762208993,1.3098063566865155,0.055236304747252496,0.06260627696289905,-0.08541797797934358
2024-03-04,1.1513823730888124,1.308215410209024,0.055015681763278916,0.06250952278589852,-0.0871533710930662
2024-03-05,1.1385739303398907,1.2980881105452409,0.05438985786284424,0.06200987563884157,-0.08945900869020873
2024-03-06,1.159806479911576,1.318506004057314,0.05538760005468869,0.06296643835616438,-0.08852083136123612
2024-03-07,1.158040406753768,1.3208305611826638,0.055288758349269884,0.06306090987124463,-0.09054556523100588
2024-03-08,1.1417209172172769,1.3064175368554174,0.054493086687880984,0.062353875638841566,-0.09228566228427715
2024-03-11,1.142774164910734,1.2942254958588864,0.054539541842121106,0.061767642069550474,-0.08521930168139225
2024-03-12,1.1604962346049148,1.297861504384403,0.0553673863402359,0.06192109649871905,-0.07674394595583756
2024-03-13,1.18162275618287,1.3151825080076003,0.05636189083212455,0.06273251979345956,-0.0740267085307128
2024-03-14,1.1809848558537581,1.3135191571161702,0.056313787236488985,0.06263351979345956,-0.07343529231199808
2024-03-15,1.1887237736004954,1.3171133603793688,0.05666441256678384,0.06278452278589854,-0.07117688184830395
2024-03-18,1.188337189189056,1.307726683174628,0.05663545816836264,0.06232549190110827,-0.0667440956851062
2024-03-19,1.2025278085807771,1.3213958715321612,0.05729842981124264,0.06296229331046312,-0.06604064840091084
2024-03-20,1.1907827532368576,1.3109875514070317,0.056720397259174396,0.062446096498719045,-0.0670479380950677
2024-03-21,1.1908201451774225,1.3150486239485195,0.056703658779147736,0.06261908547008548,-0.06921049228397158
2024-03-22,1.2037048814017508,1.324951424298454,0.05730903167070882,0.06308164427217916,-0.06702003230307074
2024-03-25,1.1987838298495794,1.3263351413959799,0.057059149558078795,0.06313027696289905,-0.07036436662186674
2024-03-26,1.1974270163482081,1.3184259560566907,0.05697806945525152,0.0627356529209622,-0.06701827154087225
2024-03-27,1.2222759351324117,1.3388918051569918,0.05815553706171314,0.06370408658008658,-0.06408574693721325
2024-03-28,1.231299328323383,1.3361236919265036,0.05856800877876453,0.06355408658008657,-0.057589198605269565
2024-03-29,1.2013664772788446,1.3204248080657477,0.05712734455450722,0.06278880291345329,-0.06606921904890073
2024-04-01,1.1834141921674572,1.2981135089187084,0.056280775514409596,0.06173564206955048,-0.06431287668511099
2024-04-02,1.1785346526400253,1.3017565463797116,0.05603218709055735,0.06189064206955047,-0.06907118420232894
2024-04-03,1.1834685699138752,1.308597104534453,0.05624971237479039,0.06219701360544218,-0.0699402624724651
2024-04-08,1.1773989085165066,1.3167955939393714,0.05595086333596823,0.06257509649871905,-0.07756977033581214
2024-04-09,1.1816555839931033,1.3222645704207452,0.05613478081420102,0.06281443835616438,-0.07801840009013206
2024-04-10,1.1915302428731116,1.3298250342534357,0.05659227031464452,0.06316064427217916,-0.07625882164697706
2024-04-11,1.1955463683534255,1.3327527997641524,0.05676435643520211,0.06327889655172414,-0.0755686653516554
2024-04-12,1.2007182108640795,1.3475559071036287,0.05699816176333196,0.06396855555555556,-0.08029893648641595
2024-04-15,1.1632378882789607,1.3059447763285876,0.05524245648090781,0.062019642069550476,-0.07990301809009703
2024-04-16,1.1699071465418844,1.3198818749350394,0.05555260269068837,0.06267409649871905,-0.08339269249203918
2024-04-17,1.1653406534983373,1.299463146324655,0.05533981008094502,0.06170903204047218,-0.07553897243999208
2024-04-18,1.1706284617983593,1.3013832546757287,0.05557276353260897,0.06178003204047218,-0.07361820450325762
2024-04-19,1.1581385738509014,1.3045983744563165,0.054968115763506395,0.06191945945945945,-0.08230390936008414
2024-04-22,1.1886500502686457,1.3223793308524447,0.056398727046105504,0.06274387563884157,-0.07449204447872138
2024-04-23,1.2045491724127029,1.3402549663423489,0.05713951158036826,0.06357690987124463,-0.07499569008870977
2024-04-24,1.1988889300694996,1.3246140209209745,0.056854030532015834,0.06281619931565441,-0.069697753080735
2024-04-25,1.1992568854857513,1.3228444505819184,0.0568533028167662,0.06271223208191126,-0.06866665098750013
2024-04-26,1.1833819953938012,1.2945602800609974,0.056104466359746696,0.061375459459459464,-0.062408558300599215
2024-04-29,1.165113359030825,1.2674359022465718,0.055231501233009773,0.06008204013377926,-0.05801244525320304
2024-04-30,1.1420238267115264,1.2594185609591344,0.05412154318825783,0.059684985938792394,-0.06726202285396277
2024-05-06,1.1426207267638684,1.2467761773343795,0.05415204568805955,0.059088268693508625,-0.06007383397631527
2024-05-07,1.1438897611482384,1.246824425977057,0.05419444346193465,0.059071213114754106,-0.05949658976439731
2024-05-08,1.1481001587630753,1.2543949963329715,0.054382421847680634,0.059417322899505756,-0.06112369876915702
2024-05-09,1.1511117200616576,1.2411902305626,0.054515207797893483,0.05878121311475411,-0.0520452648656996
2024-05-10,1.1513107434945358,1.240114263049203,0.05450681182749554,0.05871106055646481,-0.05137591946800446
2024-05-13,1.1472776362302364,1.2452093425068518,0.05429816505786639,0.0589330605564648,-0.056638422992872584
2024-05-14,1.1489500657352993,1.250482284607167,0.054360033648658254,0.05916380623973727,-0.05850995015934235
2024-05-15,1.1492143515580815,1.261940158596204,0.05436076794998457,0.059692985938792395,-0.06446651548468663
2024-05-16,1.1607122225536668,1.2538694553603842,0.054887992883093054,0.05929323083264633,-0.05343553632808129
2024-05-17,1.153917810359716,1.241277671035827,0.05455866618084257,0.05868914881439084,-0.05051580260829536
2024-05-20,1.1616216845953062,1.2326225671897157,0.05490598967339359,0.058261965012205055,-0.04124493691399289
2024-05-21,1.1588737595981056,1.236441726523423,0.054759781518946435,0.05842506851549756,-0.0449364185777168
2024-05-22,1.1496819353617733,1.2358095365793833,0.054308137185391334,0.058376592502037486,-0.049919946735248244
2024-05-23,1.1600945999915573,1.2542218610827534,0.054795548865179886,0.05924152674897119,-0.05401863128806439
2024-05-24,1.1708609175253601,1.2687748304059117,0.055298139878448935,0.059922478405315616,-0.05567703586347483
2024-05-27,1.148620530096352,1.2498390582253986,0.054238234468733965,0.05901780623973728,-0.05821518417082039
2024-05-28,1.1499459835653478,1.259198629955275,0.05428845994418548,0.05944623083264633,-0.06256376087703008
2024-05-29,1.1484225798574563,1.2613500871735757,0.05419899277714124,0.05952852674897119,-0.06475383775773391
2024-05-30,1.1705265852753104,1.2721983451263157,0.055227030056132664,0.06002404142502071,-0.05789992722247883
2024-05-31,1.1693921954995965,1.276292442326063,0.05515730249735479,0.06019951953449709,-0.06065787095682185
2024-06-03,1.160923544075334,1.2709480523590237,0.05474051949523383,0.05992845695364239,-0.0626702844975755
2024-06-04,1.150814778044535,1.262542978806394,0.054251274377948175,0.05951832289950576,-0.06394196905170912
2024-06-05,1.1574673062909095,1.2739965305456404,0.05455014851779947,0.06004204142502071,-0.06628714739016017
2024-06-06,1.1546831039975465,1.2725292532289039,0.054401298512359156,0.05995345695364239,-0.0670700739707013
2024-06-07,1.1552444502857062,1.275701995700477,0.05441217266162006,0.06008573963515754,-0.06842321770086202
2024-06-11,1.1865463144877697,1.2945324693435791,0.05587589565443178,0.06096109380234506,-0.06071726588608439
2024-06-12,1.1824611350864394,1.2926362938927776,0.05566544339569872,0.06085204013377926,-0.06203169698744326
2024-06-13,1.1859154134302867,1.2992132224101158,0.05581221210330018,0.061144296730930435,-0.06361176960762904
2024-06-14,1.1908833852079526,1.2976474255525405,0.056030814351731906,0.06105404013377927,-0.06007778035328637
2024-06-17,1.2087776329583804,1.311966270982949,0.05685457816573036,0.06170803204047218,-0.05756196295443783
2024-06-18,1.2101220160484252,1.3078822261529577,0.05689992902615408,0.06149661344537814,-0.054700544588766276
2024-06-19,1.2117434909282545,1.310575985935369,0.056958917418520064,0.06160461344537814,-0.055283782719611096
2024-06-20,1.210493868532195,1.3150590242530897,0.056886974766826436,0.061800998315080034,-0.058329459517770355
2024-06-21,1.2168368241072842,1.3173354774393713,0.057167029771280894,0.06188845945945946,-0.05590172750803424
2024-06-24,1.2215037346223039,1.3248161726883605,0.057370701424143467,0.062223005080440305,-0.05730570618086561
2024-06-25,1.2098366264963951,1.333449484814803,0.056807558198953806,0.06261176720475786,-0.06831553999831375
2024-06-26,1.207939187795871,1.330305507852641,0.05670471935224313,0.0624490050804403,-0.06784001445000853
2024-06-27,1.2035995631212653,1.3398172297556648,0.05648775240051099,0.06288076720475785,-0.07524578424598549
2024-06-28,1.1768806527995295,1.326982307894651,0.05521659922256834,0.06225903204047218,-0.0835232532203396
2024-07-01,1.1433273972395084,1.3032090135400078,0.053626912984488864,0.06112604013377926,-0.08968956070551304
2024-07-02,1.1305334492154333,1.30017152555774,0.05301009650467996,0.06096433333333333,-0.09545084194384057
2024-07-03,1.1309523250902493,1.3053068034817898,0.05301320284838945,0.06118604013377926,-0.09774713393326206
2024-07-04,1.1300499798980064,1.307032569056702,0.05295634470688413,0.061250093802345064,-0.09902736419980351
2024-07-05,1.1472505155641706,1.3171328785358467,0.053746756558595954,0.06170545945945946,-0.09423104234622393
2024-07-08,1.144536234623142,1.3203138303740976,0.05360857139293942,0.0618417627118644,-0.09715165756331479
2024-07-09,1.1363292199982822,1.3080992091778012,0.05322017863724117,0.061265056255247696,-0.0958144924304577
2024-07-10,1.1501868671990225,1.317396999571202,0.053852323722914985,0.06168118565400843,-0.09277201388345746
2024-07-11,1.1515661661895469,1.308097553942291,0.05391587890651077,0.06124461744966443,-0.08735856343439152
2024-07-12,1.1551570950855767,1.30644407533314,0.05406710914030159,0.061148093802345066,-0.08454695686479907
2024-07-15,1.1374213884487956,1.2977764805172338,0.05321993378342392,0.0607229467110741,-0.09011118526107864
2024-07-16,1.1396601357418976,1.2921043853104806,0.05331227382806385,0.06044347840531562,-0.08585970311011137
2024-07-17,1.1527031767506528,1.2987594787668875,0.05390514011171203,0.060735333333333336,-0.0819623186594558
2024-07-18,1.139174647354397,1.2857003313053768,0.05325815711944365,0.06010845695364239,-0.08275162199712072
2024-07-19,1.1425914922500051,1.2843785863132322,0.05340363477829898,0.060030628099173554,-0.08018661918258241
2024-07-22,1.1665621998542555,1.305670672303891,0.05451118540797486,0.06101145409015025,-0.07787321881246112
2024-07-23,1.1745187669924044,1.3321924792522202,0.05490907897166023,0.062280368866328255,-0.08712864655497599
2024-07-24,1.170936660373517,1.3358733290575313,0.05472775865765302,0.06243664206955048,-0.09088773542627104
2024-07-25,1.1926303378819192,1.3547485270328912,0.055726938303572886,0.06330208547008548,-0.08862922184819733
2024-07-26,1.2078272129303396,1.3662203544628786,0.05642038556852356,0.06381929331046313,-0.08627126427101539
2024-07-29,1.2071606587284647,1.3760856174081226,0.05637414971177049,0.06426290987124464,-0.09190405585787376
2024-07-30,1.2266160819627092,1.3927588338371035,0.057268309653385904,0.06502519031141868,-0.08966954040685882
2024-07-31,1.2141796809747667,1.3665279575232292,0.05671407628295297,0.06383023208191126,-0.08340134596379112
2024-08-01,1.218578641032241,1.3773314098990528,0.056905907482176915,0.06431943835616438,-0.08659004060817366
2024-08-02,1.2294575382283497,1.392178764231218,0.05740641962259259,0.06500427696289905,-0.0880591665741518
2024-08-05,1.2503905822381194,1.4160026849212461,0.05838064666298468,0.06611306386701662,-0.08838152864208504
2024-08-06,1.2533569895294807,1.420575409542144,0.05850039806079094,0.0663053125548727,-0.08889797608759131
2024-08-07,1.2551190699915382,1.4210293123461397,0.05856391810253901,0.06630529824561403,-0.08825173363105521
2024-08-08,1.2453451473458572,1.4129949209290942,0.05808925674069364,0.06590929824561403,-0.08914847315609253
2024-08-09,1.2403843010111382,1.4129518810771884,0.0578404508028364,0.06588746221441125,-0.0915749898637217
2024-08-12,1.2339028842171031,1.4038548714136612,0.05752018719029771,0.06544274758135445,-0.09007951164631522
2024-08-13,1.2255552708090898,1.4031042351942755,0.057113287740951285,0.0653874189307625,-0.09440783687574594
2024-08-14,1.22782571528976,1.4162335815902425,0.05720650247985122,0.06598474758135445,-0.09980864680409174
2024-08-15,1.2136924916867295,1.3965587398554957,0.05653927814586604,0.06505801393728222,-0.0977950868854578
2024-08-16,1.205164332438206,1.390436469953765,0.05612419306128817,0.06475226886383348,-0.0994817140033476
2024-08-19,1.1960281771242163,1.3830953319198567,0.05568186432908524,0.06439089655172414,-0.1010247737826111
2024-08-20,1.2059338809633702,1.3969279349553012,0.056130415327941344,0.06502026886383348,-0.10250001126883646
2024-08-21,1.2152792753334358,1.4046924834576142,0.056548554443447654,0.06536220191470844,-0.10126880944478656
2024-08-22,1.2120777896690071,1.405386984790373,0.05638233929002333,0.06537452173913043,-0.10341009816473157
2024-08-23,1.2157007562138835,1.4032986184166147,0.056534563846311364,0.06525855555555556,-0.10050038449049326
2024-08-26,1.223198261720466,1.4036246688299916,0.05686514707244006,0.06525297306689835,-0.09654387719621493
2024-08-27,1.205933090491113,1.3980698875436064,0.05604804779258145,0.06497797306689834,-0.10278343990738736
2024-08-28,1.2174977536219336,1.4131951414903703,0.056570285573211546,0.06566324454148473,-0.1041143801867278
2024-08-29,1.2670216121338769,1.4396249097774416,0.05885349025708879,0.06687095925597875,-0.09051722499746762
2024-08-30,1.2879116753057864,1.4362639352559632,0.05982248403968028,0.06671332979664013,-0.077935465511216
2024-09-02,1.2712429409507804,1.441310226703352,0.05905935099927298,0.06696032979664013,-0.08936007019822245
2024-09-03,1.3027790773654808,1.4524478102466698,0.06050573579899403,0.06745688888888889,-0.0782004722613171
2024-09-04,1.3186488919730683,1.4720333699396193,0.06122808334228067,0.06835009865470851,-0.07941047073357044
2024-09-05,1.3262734489693162,1.4741875315303243,0.06156275401686234,0.06842860682226212,-0.07648560025215356
2024-09-06,1.3482083093655302,1.485632331758938,0.06256856908573544,0.0689462366757001,-0.07060078022090877
2024-09-09,1.3638624309708067,1.5132779593788237,0.06329061708244244,0.07022430832570906,-0.07578524528890407
2024-09-10,1.36983432954783,1.507450521201047,0.06354757011018047,0.06993168123861565,-0.07009754019021819
2024-09-11,1.4091866925694776,1.5299131567674944,0.0653534253993936,0.07095232014719413,-0.06085998590859165
2024-09-12,1.4058230997529482,1.5349949470342468,0.06517902617899721,0.07116789861751152,-0.06497926595788028
2024-09-13,1.4117029040100044,1.5450177714250999,0.06543291360461101,0.07161210341643581,-0.06692062566206258
2024-09-18,1.3985449054150139,1.5377919524088925,0.06480379570384648,0.07125602841429882,-0.07039385887103511
2024-09-19,1.4000038227274927,1.5298768162961738,0.06485760889658848,0.07087420091324202,-0.06588168258235627
2024-09-20,1.3977423261434732,1.5235907059548626,0.06473249761151578,0.07056081073703366,-0.06405316124944149
2024-09-23,1.387174046697477,1.5144523037540851,0.06422395630186412,0.07011673755656109,-0.06511523286440157
2024-09-24,1.3017162754968838,1.4231052746743809,0.060441227393663505,0.06607755555555556,-0.0649305004249966
2024-09-25,1.2888305401197748,1.4052731612919087,0.059845877328191355,0.0652528029134533,-0.06309882158000679
2024-09-26,1.2387992232273557,1.3329272174113511,0.05768030429880254,0.06206304142502071,-0.05289963711345336
2024-09-27,1.2091032646777478,1.2645909485495455,0.05646994797743338,0.05906144426494346,-0.03208272403937473
2024-09-30,1.0958500973270084,1.1332416467679653,0.05178994797884267,0.053557075075075074,-0.023538132921815613
2024-10-08,1.0288852080907616,1.0491748937626,0.04889529054728538,0.04985950897343862,-0.013431562676314512
2024-10-09,1.120657841710134,1.1477426405819744,0.05368839426472649,0.05498597083653109,-0.016907422730613964
2024-10-10,1.0918382979888097,1.1267623083659395,0.05230086334086387,0.05397378129713423,-0.022182892100145235
2024-10-11,1.1164615192759682,1.1606034389425055,0.053533048094496695,0.05564960246533127,-0.027472875733432933
2024-10-14,1.0771114784495996,1.1280594123130943,0.051660146290356285,0.054103698113207546,-0.032377061652779315
2024-10-15,1.1290349923577947,1.1758554546404376,0.05419849578724152,0.056446077700077715,-0.028926379218201737
2024-10-16,1.1248487075687252,1.1783197869348416,0.05398440428009514,0.056550619937694696,-0.03295020904357826
2024-10-17,1.1420648331641257,1.201465493798808,0.05480562713910693,0.057656157480314954,-0.03620173533334203
2024-10-18,1.1084299926987902,1.1514371079337933,0.053292911909860165,0.055360678407350684,-0.027005030457226242
2024-10-21,1.1229609719599165,1.1566437899416928,0.05397495576790492,0.05559391551459294,-0.02107885590187797
2024-10-22,1.1377662129757122,1.156737954290002,0.054671971854977665,0.055583602465331276,-0.011832965322389755
2024-10-23,1.1331782276098665,1.1512772885790599,0.05443550980750929,0.055304950807071485,-0.011311427404304242
2024-10-24,1.1495111575026238,1.1654192176058258,0.055214637377611356,0.055978751552795025,-0.009841790576365694
2024-10-25,1.1610420038447686,1.1632332782813204,0.055755152191949306,0.05586038080495356,-0.0013595536800149466
2024-10-28,1.1607234009788152,1.1607234009788152,0.055722520494972935,0.055722520494972935,0.003813257419600591
2024-10-29,1.1700522548772243,1.1700522548772243,0.05616249766718508,0.05616249766718506,0.0017534762261672832
2024-10-30,1.191984074441722,1.191984074441722,0.057205206461780934,0.057205206461780934,0.008056428536961535
2024-10-31,1.2265447604317985,1.2265447604317985,0.058845285140562247,0.058845285140562247,0.027582396489527206
2024-11-01,1.2203580509599796,1.2203580509599796,0.058530051159072734,0.05853005115907275,0.020945644907395033
2024-11-04,1.2072563222246016,1.2072563222246016,0.0579015637371338,0.0579015637371338,0.025991118855893003
2024-11-05,1.1739259491661322,1.1766376670241392,0.05634336827809801,0.05647351900698215,0.026897458290140674
2024-11-06,1.1794175101933662,1.1831143565434963,0.05659173514644446,0.05676912012480499,0.018025088549965984
2024-11-07,1.1325402856423927,1.1410476956188644,0.054406454159935336,0.054815144267274116,0.027503836906179302
2024-11-08,1.149443732244879,1.1579631350621893,0.05521090649251574,0.05562011656441718,0.020638994825761925
2024-11-11,1.1421781784852676,1.1613129910346771,0.054848248584708735,0.05576711656441718,0.021261817093781943
2024-11-12,1.1636253946610524,1.183996048605688,0.055872405734874564,0.05685051900698215,0.028676010284077513
2024-11-13,1.1506813756989809,1.1687949425776376,0.05523677875109405,0.05610629407236335,0.02944501243192743
2024-11-14,1.1796450466696575,1.1899719975872316,0.05663849307578477,0.0571343226812159,0.02632645833624614
2024-11-15,1.2050026206225783,1.2060068878423087,0.05786812515066942,0.05791635331230283,0.017167547966806973
2024-11-18,1.20152265175931,1.20152265175931,0.057685206461780936,0.057685206461780936,0.0034808465842894876
2024-11-19,1.2014886304955863,1.2014886304955863,0.05766935220125786,0.05766935220125786,0.009629841769886127
2024-11-20,1.196702882215574,1.1976607730029505,0.05742197269924519,0.05746793563579278,0.010022343207584328
2024-11-21,1.1991670141435309,1.2018299153779664,0.057522200352450786,0.05764993563579278,0.013136683386672399
2024-11-22,1.2453078513634057,1.2453078513634057,0.059813161290322575,0.059813161290322575,0.010698113536178111
2024-11-25,1.2528480560392912,1.2528480560392912,0.06015874373484236,0.06015874373484236,0.008806695217324245
2024-11-26,1.2523896018355736,1.2523896018355736,0.06011844426494344,0.060118444264943456,0.006962775212626671
2024-11-27,1.2302347449839275,1.2302347449839275,0.05906483439490445,0.05906483439490445,0.008096071383909775
2024-11-28,1.2476149852405358,1.2476149852405358,0.059888461908580576,0.05988846190858059,0.009202293259916727
2024-11-29,1.237822029006416,1.237822029006416,0.05941183439490445,0.05941183439490445,0.011935776089537997
2024-12-02,1.2353975991147261,1.2358426283271244,0.05928256859807978,0.0593039240506329,0.01387451256567429
2024-12-03,1.225561055272513,1.225561055272513,0.058792206136900074,0.058792206136900074,0.008936491897920895
2024-12-04,1.2328835249286163,1.2328835249286163,0.059128157480314955,0.059128157480314955,0.007344000247398563
2024-12-05,1.2415729137025506,1.2415729137025506,0.059526941548183256,0.059526941548183256,0.00696561182705846
2024-12-06,1.2219990401268037,1.2219990401268037,0.058586,0.058586,0.01122654315713234
2024-12-09,1.2288413724467064,1.2288413724467064,0.058896012490242,0.058896012490242,0.00897456556773002
2024-12-10,1.2336234236337817,1.2336234236337817,0.05911151900698215,0.05911151900698215,0.009086221729323718
2024-12-11,1.2442611025921197,1.2442611025921197,0.059603011673151754,0.059603011673151754,0.01191335518352088
2024-12-12,1.2291470060850826,1.2291470060850826,0.058869602465331274,0.058869602465331274,0.01404259424091614
2024-12-13,1.2695992178345552,1.2695992178345552,0.06084535220125786,0.06084535220125786,0.01234996734625371
2024-12-16,1.2725508566847794,1.2725508566847794,0.06097108287724786,0.06097108287724786,0.003373607184612659
2024-12-17,1.2699289801679539,1.2699289801679539,0.060827012490241986,0.060827012490242,0.0062438149636709905
2024-12-18,1.2545884659315887,1.2545884659315887,0.06007575155279503,0.06007575155279503,0.001510298230298579
2024-12-19,1.2618361681643329,1.2618361681643329,0.06040401167315175,0.06040401167315175,0.006288094843245329
2024-12-20,1.278162752592744,1.278162752592744,0.06116808287724786,0.06116808287724786,0.008532698410002926
2024-12-23,1.26585855804223,1.26585855804223,0.06056051900698215,0.06056051900698215,0.0009349172584183219
2024-12-24,1.2417502806422014,1.2417502806422014,0.05940367840735068,0.05940367840735068,0.002020406177488665
2024-12-25,1.23065369350243,1.23065369350243,0.05885451219512195,0.05885451219512195,0.0009223235401012442
2024-12-26,1.239773158488329,1.239773158488329,0.05927219404125286,0.05927219404125286,0.004283861447881954
2024-12-27,1.2466356169754538,1.2466356169754538,0.05958209410864575,0.05958209410864575,0.003600585371111187
2024-12-30,1.2330785962886985,1.2330785962886985,0.05891762737642585,0.05891762737642585,0.004856322666877633
2024-12-31,1.2591508200750132,1.2591508200750132,0.06017107692307691,0.060171076923076924,0.0006179748695531728
2025-01-02,1.3189724473598392,1.3189724473598392,0.06309956373713381,0.06309956373713381,0.0016116066255726924
2025-01-03,1.3297336733199383,1.3370298970506658,0.06360997326946616,0.063959,-0.0043628341316730435
2025-01-06,1.3400664166300735,1.3430298355539587,0.06408474509217377,0.06422646190858058,-0.0017672087005932147
2025-01-07,1.3313156040487706,1.3313156040487706,0.06365181658692186,0.06365181658692186,0.0006834323060262992
2025-01-08,1.3308942827325734,1.3308942827325734,0.0636122749003984,0.0636122749003984,0.001412395096645369
2025-01-09,1.3357313310656242,1.3357313310656242,0.0638244619085806,0.0638244619085806,0.007490006599474963
2025-01-10,1.3549343640485323,1.356864731107658,0.06473859846645863,0.06483083116883118,-0.0011363068932296327
2025-01-13,1.3560738020969165,1.3574836115397655,0.06477388414829309,0.06484122475570034,-0.0008269426589609941
2025-01-14,1.3254672287546794,1.3254672287546794,0.06336245969672785,0.06336245969672785,0.009946195713160133
2025-01-15,1.337588765768932,1.337588765768932,0.06392682182985553,0.06392682182985554,0.013370290292097353
2025-01-16,1.3312868418307489,1.3312868418307489,0.063606,0.063606,0.016042700944737698
2025-01-17,1.3275150914097968,1.3275150914097968,0.063407,0.063407,0.020027160168541336
2025-01-20,1.324660198407049,1.324660198407049,0.063253,0.063253,0.02761189997440061
2025-01-21,1.333013702639215,1.333013702639215,0.06363220512820512,0.06363220512820512,0.02804095758806957
2025-01-22,1.347311164083707,1.347311164083707,0.06430414886731392,0.06430414886731392,0.027568867720185297
2025-01-23,1.3359146508583097,1.3359146508583097,0.06374085209003216,0.06374085209003216,0.017401062514441623
2025-01-24,1.3311201543396243,1.3311201543396243,0.0634990512409928,0.0634990512409928,0.024335354267914333
2025-01-27,1.3357250799977611,1.3357250799977611,0.06370100000000001,0.06370100000000001,0.021343465226766556
2025-02-05,1.3542512972766438,1.3542512972766438,0.06456844426494346,0.06456844426494346,0.02581884438698201
2025-02-06,1.3432942424766154,1.3432942424766154,0.064042,0.064042,0.031952272676668336
2025-02-07,1.3271665244522632,1.3271665244522632,0.06327014115781127,0.06327014115781127,0.03152325881723894
2025-02-10,1.3158029791759516,1.3158029791759516,0.06270938339920948,0.06270938339920948,0.03008109920529889
2025-02-11,1.3188972903459497,1.3188972903459497,0.0628399240506329,0.0628399240506329,0.028571631890199845
2025-02-12,1.3034948000527335,1.3034948000527335,0.0620953725490196,0.0620953725490196,0.02813881540736851
2025-02-13,1.307535910163031,1.307535910163031,0.06227035220125786,0.06227035220125786,0.030932391475634757
2025-02-14,1.2919896373765467,1.2919896373765467,0.061518012490242,0.061518012490242,0.037902143116720355
2025-02-17,1.2816734368882405,1.2816734368882405,0.06100832268121589,0.06100832268121589,0.045139420937925
2025-02-18,1.2893673253549751,1.2893673253549751,0.061363905956112845,0.06136390595611286,0.04723511487507359
2025-02-19,1.2912281561539658,1.2912281561539658,0.061438012490242,0.061438012490242,0.05287024644070781
2025-02-20,1.2946185548494655,1.2946185548494655,0.0615813725490196,0.0615813725490196,0.060578208399205025
2025-02-21,1.2711278131088246,1.2719646068933048,0.06046027620819213,0.06050007770007771,0.059189662759870476
2025-02-24,1.2660633141437958,1.2697783109293332,0.06020147155532651,0.06037812012480499,0.06665280540309904
2025-02-25,1.2918269890099958,1.2953743348635016,0.061420692616153155,0.061589353312302836,0.0705249119596214
2025-02-26,1.2781630062467142,1.2857265807354,0.060759360307144766,0.06111890595611286,0.06319417924592408
2025-02-27,1.2682442708015704,1.2741232198858305,0.060269620044790674,0.060549,0.05670566336952998
2025-02-28,1.3060443182883112,1.3060443182883112,0.06208730269413629,0.0620873026941363,0.04687848773404424
2025-03-03,1.3132366039299233,1.3132366039299233,0.06241007936507936,0.06241007936507936,0.054882446071242486
2025-03-04,1.3137266764590365,1.3230454346854499,0.06241432285419338,0.06285705115907275,0.06409298530821217
2025-03-05,1.3064747856501024,1.31130900302045,0.06205247283508947,0.06228207936507936,0.058192771764498996
2025-03-06,1.2759689275566244,1.2877294752493444,0.06060277913654265,0.06116135220125786,0.06460122111242272
2025-03-07,1.2698214532391447,1.2818034103174119,0.06029342823440048,0.06086235331230283,0.06372682739345303
2025-03-10,1.2738226567795639,1.2874050138173672,0.06046656733632078,0.0611113026941363,0.06004284615950528
2025-03-11,1.253532761991362,1.265915189642329,0.05948599414106487,0.060073598263614844,0.05772868328041203
2025-03-12,1.270702334731971,1.2838031706061024,0.060283781893495605,0.0609053026941363,0.06057023626013791
2025-03-13,1.2727204753443524,1.2779648505376071,0.060362832497652785,0.060611563737133806,0.05030862760188959
2025-03-14,1.237635151691655,1.2487357133169872,0.058735708379806295,0.05926251900698215,0.05217936830288927
2025-03-17,1.228390380587186,1.2368829332043005,0.05827983035314027,0.05868275155279502,0.05314225746897483
2025-03-18,1.225751600364175,1.237498211983874,0.058137377418975525,0.05869451900698215,0.0578225219248758
2025-03-19,1.2287899372012485,1.239075296284232,0.05826364874531205,0.05875133384972889,0.055709441273213534
2025-03-20,1.2517193394738484,1.2669119132903228,0.05934066665798143,0.06006090595611286,0.062411890067142206
2025-03-21,1.2736378371006833,1.28332553359727,0.06038483480279774,0.06084414115781127,0.06235024672979117
2025-03-24,1.2663548883156621,1.2846187827654272,0.0600234579978242,0.06088914115781127,0.059116669707714564
2025-03-25,1.2726199043461788,1.2898637580781773,0.06030205522625445,0.061119141157811266,0.04884181183287084
2025-03-26,1.283480351837377,1.3019616969261654,0.060799360177469966,0.061674834394904454,0.0488107268661655
2025-03-27,1.2757904910498052,1.3025089894931272,0.06041751074085722,0.06168281658692185,0.056983783091214546
2025-03-28,1.2819971750587364,1.3150490661645833,0.06069503910738992,0.06225985209003215,0.05944397560675174
2025-03-31,1.294108750350018,1.3235001708125964,0.06125523327420671,0.06264644426494345,0.05616919083201366
2025-04-01,1.2946684928343555,1.3161994744201206,0.06126301760746361,0.06228185209003216,0.05256174904374333
2025-04-02,1.3010184487683851,1.3211857412531602,0.06154483586755398,0.062498852090032156,0.05389333663468654
2025-04-03,1.3261735028442772,1.3391926821362727,0.0627195735153648,0.06333529790660225,0.049732563277586905
2025-04-07,1.455433017683164,1.455433017683164,0.0693718029134533,0.0693718029134533,0.040987987240554746
2025-04-08,1.413865317005682,1.413865317005682,0.06740061344537816,0.06740061344537815,0.04217423329965131
2025-04-09,1.4063996641391763,1.4063996641391763,0.0670341888053467,0.0670341888053467,0.045485138984239226
2025-04-10,1.3877499602609593,1.3932770098553127,0.06614261248610577,0.06640604142502071,0.0544802551782706
2025-04-11,1.3783518203147942,1.3881900223788264,0.06567621168836717,0.0661449859387924,0.05161856814019217
2025-04-14,1.3743881360114187,1.381116481591158,0.0654678238123691,0.06578832289950576,0.05562076818230577
2025-04-15,1.373792593462178,1.3772939369762298,0.06541953590660256,0.06558626869350863,0.04722265234788936
2025-04-16,1.3696362253903522,1.3696362253903522,0.06520265306122448,0.06520265306122448,0.04809739802095714
2025-04-17,1.3681196060531402,1.3681196060531402,0.0651106530612245,0.06511065306122449,0.049052500488671935
2025-04-18,1.3677459747704777,1.3677459747704777,0.06507306851549755,0.06507306851549755,0.053367981030829625
2025-04-21,1.3619703681345576,1.365947259469085,0.06477949987717292,0.06496865306122449,0.055843136147575745
2025-04-22,1.3640347940905546,1.3640347940905546,0.06485796501220505,0.06485796501220506,0.05506776722110551
2025-04-23,1.361844673628513,1.3650933516032013,0.06473416925983042,0.06488859250203749,0.05683662947334156
2025-04-24,1.3621049501023208,1.3621049501023208,0.06472696501220504,0.06472696501220505,0.05569760386160194
2025-04-25,1.3623554683569048,1.3674251247056222,0.06471923249616991,0.06496006851549756,0.06160812858174447
2025-04-28,1.3579077573612404,1.3579077573612404,0.06448865991902834,0.06448865991902834,0.05653680457720922
2025-04-29,1.366174723438826,1.366174723438826,0.06486200081103,0.06486200081103,0.0536630957805766
2025-04-30,1.3780040419085662,1.380515764412169,0.06540393542210182,0.06552314881439084,0.05986249007233524
2025-05-06,1.3598251372584627,1.3669765058033143,0.0645314579465924,0.06487083116883116,0.06931009501919605
2025-05-07,1.347291964366994,1.3496487029959972,0.06392071018782225,0.06403252292839903,0.06030731381481136
2025-05-08,1.3400587927187892,1.3463917351244694,0.06356108056364299,0.0638614619085806,0.061968569767665294
2025-05-09,1.3425171444549528,1.3463710353986098,0.06365872028282477,0.06384146190858059,0.05935329857310867
2025-05-12,1.3120905401914067,1.3232256965247087,0.06220988546235664,0.06273783439490446,0.06407250827103006
2025-05-13,1.3135813726774281,1.3220040843090313,0.06226185502963193,0.06266107936507936,0.0569980145004958
2025-05-14,1.2929702985064138,1.3017304389869675,0.061280186643902335,0.061695372549019606,0.05623676266256439
2025-05-15,1.3066475562056374,1.3124040519335383,0.06191815826257178,0.062190941548183255,0.07072022506529918
2025-05-16,1.314765324998678,1.3221256878423548,0.062286423631250726,0.06263511755361398,0.06300892258103663
2025-05-19,1.3180776756720485,1.3257358048591992,0.06242557765795902,0.0627882749003984,0.06544513024280052
2025-05-20,1.3067291520427498,1.3143989234968465,0.06187214768882735,0.0622353026941363,0.06861122582615198
2025-05-21,1.2968130181287765,1.3048020190167373,0.061386184466558594,0.06176435331230283,0.064029369111817
2025-05-22,1.2963536418094666,1.303377467952429,0.06134597221695492,0.061678353312302835,0.06448967520793802
2025-05-23,1.3094335291171466,1.3164128127868386,0.061953046086182545,0.0622832559618442,0.06485886794623186
2025-05-26,1.3193686857418918,1.3262871175436508,0.06240780062087272,0.06273505115907274,0.0633898109859683
2025-05-27,1.3274412474795045,1.329414129744131,0.06277390869690577,0.06286720512820512,0.06054007442548737
2025-05-28,1.3381411807875268,1.3402470138472145,0.06326090820393836,0.06336046190858059,0.05992199466269765
2025-05-29,1.3274984392562494,1.3342060906464261,0.0627420250750699,0.06305905115907275,0.06048403965055993
2025-05-30,1.3391602877735684,1.3407571169237724,0.06327659954219522,0.06335205124099279,0.05869548684149217
2025-06-03,1.333220174638945,1.3346335896639847,0.06297769381636116,0.06304445969672785,0.05992732983754556
2025-06-04,1.3275187010973508,1.3322351003071378,0.06269110586991936,0.06291383439490446,0.06032693727847427
2025-06-05,1.3230244668307607,1.3278249577797232,0.062460484563572984,0.06268711755361397,0.062283330948938564
2025-06-06,1.327976174337103,1.3323350324741685,0.0626753961215149,0.06288111755361397,0.0639877209021893
2025-06-09,1.32309839445429,1.331130885166317,0.06242708639392927,0.06280607936507936,0.06846448622883106
2025-06-10,1.3127683631904155,1.3127683631904155,0.06192393563579278,0.06192393563579278,0.05464214449537086
2025-06-11,1.304525493698823,1.304525493698823,0.061522322681215894,0.061522322681215894,0.05584968411290192
2025-06-12,1.3063326862407734,1.3063326862407734,0.061589012490241984,0.061589012490242,0.05656895061548872
2025-06-13,1.3151574147860343,1.3151574147860343,0.06199137254901961,0.06199137254901961,0.055085519830379015
2025-06-16,1.3079165276835125,1.3079165276835125,0.061632012490242,0.061632012490242,0.05452534840690215
2025-06-17,1.3020254400714615,1.3020254400714615,0.06133607770007771,0.06133607770007771,0.046025616893747845
2025-06-18,1.2981528016272978,1.2981528016272978,0.06113537984496124,0.06113537984496124,0.044623513376486734
2025-06-19,1.303930706477426,1.303930706477426,0.06139601167315175,0.06139601167315175,0.04152460962340587
2025-06-20,1.301082850765024,1.301082850765024,0.061243751552795024,0.061243751552795024,0.04394452180283892
2025-06-23,1.2933402835777217,1.2933402835777217,0.06086175270479134,0.06086175270479134,0.04079186502745613
2025-06-24,1.2745483864986866,1.2745483864986866,0.059972599388379205,0.059972599388379205,0.04326799406248227
2025-06-25,1.2546981011792515,1.2546981011792515,0.05904178987150416,0.05904178987150416,0.04924246284783318
2025-06-26,1.2604536269033408,1.2604536269033408,0.059295575757575755,0.059295575757575755,0.04555976634573322
2025-06-27,1.2780316640795306,1.2780316640795306,0.06010767840735068,0.06010767840735068,0.043705664189017
2025-06-30,1.2732562486624053,1.2732562486624053,0.059866877862595425,0.059866877862595425,0.04599544288553403
2025-07-01,1.268225022715636,1.268225022715636,0.05961262737642585,0.05961262737642585,0.04718922735681663
2025-07-02,1.269392677710629,1.269392677710629,0.05964962737642585,0.05964962737642585,0.05215423017335241
2025-07-03,1.2645568593857792,1.2645568593857792,0.0594080113722517,0.0594080113722517,0.05496571793593019
2025-07-04,1.2558380780587832,1.2558380780587832,0.058981781297134245,0.05898178129713423,0.05604797910900605
2025-07-07,1.2616142597523194,1.2616142597523194,0.059236965204236006,0.05923696520423599,0.05735014559274232
2025-07-08,1.2513578122357398,1.2513578122357398,0.058743969924812026,0.058743969924812026,0.055903227599074956
2025-07-09,1.2516821386179986,1.2516821386179986,0.058741969924812024,0.058741969924812024,0.057878595572349756
2025-07-10,1.2399952158592757,1.2399952158592757,0.05817831563201197,0.05817831563201197,0.06275448200882616
2025-07-11,1.2431531339355828,1.2431531339355828,0.05830951874062969,0.05830951874062969,0.0717759583903077
2025-07-14,1.2395735986089114,1.2395735986089114,0.05812429940119761,0.05812429940119761,0.07696096868296398
2025-07-15,1.2447454928423587,1.2447454928423587,0.0583493670411985,0.0583493670411985,0.07717708257182387
2025-07-16,1.2474215544815266,1.2474215544815266,0.058458075075075076,0.058458075075075076,0.08050572430805047
2025-07-17,1.2438146924498727,1.2438146924498727,0.058276367041198505,0.058276367041198505,0.0813372232950087
2025-07-18,1.235282346330165,1.235282346330165,0.05786364828614009,0.05786364828614009,0.08836925585638467
2025-07-21,1.2240688454489181,1.2258817297002076,0.057325076030290356,0.05740997626112759,0.08772648206892475
2025-07-22,1.2084112796498698,1.213934464177367,0.05658070398543193,0.056839312684365775,0.08700455207599589
2025-07-23,1.2054547613575508,1.2102730804470754,0.056425429684194575,0.05665096757553427,0.07834967866197196
2025-07-24,1.1873362864940398,1.1976035680124442,0.05556495092872088,0.05604543906020558,0.08103277540491183
2025-07-25,1.196305909936297,1.2082929349413924,0.05597041826974027,0.05653124372230429,0.08705824416792529
2025-07-28,1.196755670123809,1.2112856897448057,0.055975134127107126,0.05665473800738008,0.08344377296819228
2025-07-29,1.1838790396208165,1.2248290798680197,0.05535761146378401,0.05727241554559043,0.09663678664448883
2025-07-30,1.1906052791126556,1.2277350673070546,0.05565556118857405,0.05739121551081282,0.0949263145331225
2025-07-31,1.2217962124929564,1.2532671389879162,0.05712748025960361,0.05859896520423599,0.0860318781327769
2025-08-01,1.229822301630739,1.2618753071618367,0.05748830287254926,0.05898662737642585,0.08286313582156701
2025-08-04,1.2234102760594898,1.2555475864782217,0.057172726624085096,0.05867457575757576,0.09160916576629674
2025-08-05,1.2114016132757783,1.2404591506585367,0.056600104481010945,0.05795775468867217,0.09346399980073716
2025-08-06,1.2091909608914788,1.2397406310084187,0.056480414567268364,0.057907367041198504,0.09209553493454425
2025-08-07,1.2112944839571065,1.239958480132643,0.056561839826224654,0.05790031563201197,0.08252199879201627
2025-08-08,1.214789846443645,1.2439841407747467,0.05670867418755349,0.058071518740629685,0.08762041289534261
2025-08-11,1.2016784125083235,1.2388425135315704,0.05608133685548056,0.05781575468867217,0.09126828859087777
2025-08-12,1.192408285987775,1.2269236006723867,0.055634265171394186,0.057244648286140086,0.08129785551719615
2025-08-13,1.1805036351229075,1.2238041397313937,0.055067580718664313,0.05708744237918216,0.09090705636940433
2025-08-14,1.180108902789392,1.2224718367244762,0.05503290003481022,0.057008442379182164,0.09296073449587539
2025-08-15,1.166795151783609,1.215357747744687,0.05439983613035236,0.056663984432913275,0.09555875441576056
2025-08-18,1.1447751057542268,1.1974719170239936,0.05336351389625063,0.05581996757553427,0.09494672112892566
2025-08-19,1.1539107432769264,1.2009501587757097,0.053774825443111116,0.055966967575534265,0.09231875555365443
2025-08-20,1.134445734352753,1.1840191876071378,0.052862686391324326,0.05517270072992701,0.09382931811804673
2025-08-21,1.1320982083928224,1.1807981208308533,0.05273873573479389,0.055007418604651165,0.09478328779376088
2025-08-22,1.097068604463429,1.150353967910446,0.05112728466392223,0.053610571428571424,0.09972592105580591
2025-08-25,1.0699926543282363,1.1299605524283827,0.049884692977506924,0.05268048804500703,0.10647190541727558
2025-08-26,1.0766349064378202,1.1386949686182046,0.05018082368943999,0.05307337809187279,0.11208027316539781
2025-08-27,1.0901757411658277,1.1586211587722415,0.050815827741556116,0.05400624046076313,0.11559984261238232
2025-08-28,1.0537759352280438,1.119520389709809,0.04912829307711914,0.05219337809187279,0.11766083912513636
2025-08-29,1.0449351277280727,1.1154753083671847,0.04870599318241011,0.05199397677691766,0.12457131119488962
2025-09-01,1.039105750585943,1.1204932320572136,0.04842249386572375,0.052215163495419305,0.1342729833431071
2025-09-02,1.0518384682755404,1.121584966182942,0.049005990426741364,0.052255535211267606,0.12492554112463994
2025-09-03,1.0658957389666441,1.1397218061779222,0.04965032476865473,0.0530892054015636,0.13143162760409188
2025-09-04,1.095058102762217,1.1551325806847796,0.05103117492748623,0.05383072609633357,0.11722369648707787
2025-09-05,1.0585856393084074,1.1371409865703148,0.04935342660829016,0.053015837491090526,0.13160372895271255
2025-09-08,1.0510597417493786,1.130935160753361,0.04898820624893353,0.052711071225071224,0.13913753644422133
2025-09-09,1.0587833955722985,1.1372053853449884,0.049337878824326054,0.05299223782234956,0.13748953620328286
2025-09-10,1.04854504512306,1.12560796023177,0.04884658699761578,0.05243657142857143,0.12371793509297535
2025-09-11,1.0204282147848,1.1055796001165128,0.04756216251275233,0.05153106886858749,0.1182164092229363
2025-09-12,1.0303557434648876,1.114863875942772,0.04801347998171208,0.051951468926553675,0.1365476673526107
2025-09-15,1.0260244224108688,1.114025971307512,0.047797871819322976,0.05189746892655367,0.13037037515999939
2025-09-16,1.033343124480255,1.1207201616680371,0.04812502055888623,0.05219435785007072,0.127029159217668
2025-09-17,1.0285514532527393,1.1173293575945735,0.04789038841070302,0.052023976776917655,0.12545168775302873
2025-09-18,1.0411012279310576,1.133657225207296,0.04847146523389725,0.05278067617689016,0.1295498571838234
2025-09-19,1.0349845330438765,1.1298639555376286,0.048172502844898046,0.05258858743754462,0.13027249343282188
2025-09-22,1.0317605943676362,1.1310294533279595,0.04800967869661664,0.05262883749109053,0.13803367281090728
2025-09-23,1.0303376576252492,1.12436087663616,0.047929417733713967,0.05230320540156361,0.12589215277400334
2025-09-24,1.0103994427376368,1.1104555246529209,0.04699558125759694,0.0516493780918728,0.13389099695413398
2025-09-25,1.0060383718323718,1.1103545846881624,0.0467813961534663,0.05163216349541931,0.14005451415208348
2025-09-26,1.0210792215086644,1.1217381312411316,0.04747396005540815,0.05215398581560284,0.14075388398280197
2025-09-29,0.997253847323247,1.1044738781677077,0.04636930959993574,0.0513547191011236,0.1419419388325487
2025-09-30,0.996704209687478,1.1062347828407089,0.04633151347013245,0.0514230112044818,0.14639973231139303
2025-10-09,0.979300443374944,1.0894012235718122,0.04552429533666329,0.050642500345542504,0.15017558708909573
2025-10-10,1.0066581427864603,1.1068253554863605,0.04681205101425048,0.05147006993006992,0.14016362664591364
2025-10-13,1.0154812366730301,1.1140364256904853,0.04721052955129246,0.05179243859649123,0.13651555093830714
2025-10-14,1.0329435709540327,1.1197329567043384,0.048019840055200616,0.052054535211267614,0.1180738898265774
2025-10-15,1.010050584022162,1.1010588936050585,0.046957852552960956,0.05118888300835655,0.10181911428032553
2025-10-16,1.007205586879328,1.091912961072595,0.04681231333114055,0.050749293222683255,0.08830826061594932
2025-10-17,1.042227000794176,1.1209630087681741,0.0484655980988844,0.05212697677691766,0.06888477424706729
2025-10-20,1.0293820614960656,1.1094616764254148,0.047856168232547944,0.0515790847932726,0.07690817799343996
2025-10-21,1.0107789221122796,1.0957104172979673,0.04699433341447591,0.050943069300069296,0.08855858599130628
2025-10-22,1.0170683397475402,1.0942924079494967,0.0472738774538535,0.05086329322268325,0.08999724461160419
2025-10-23,1.0110111584241057,1.0863421013086236,0.046979088248542245,0.05047952341597796,0.09060329930953426
2025-10-24,0.991566200430261,1.0752275186612483,0.04607296029687362,0.04996026967830253,0.09515558557045711
2025-10-27,0.9766496283829202,1.0636772033130981,0.04537620892893005,0.049419605156037986,0.10284585070500496
2025-10-28,0.9890299673246398,1.0751633708428243,0.04594003027024511,0.04994089100817439,0.10230943305316287
2025-10-29,0.9722289722251101,1.075624349967287,0.04515603591733755,0.049958325835037495,0.10702562840809637
2025-10-30,0.9857903599075103,1.0902957426942437,0.04577756188732206,0.05063052233676975,0.10102849575358208
2025-10-31,1.0094160062440978,1.1330102412126064,0.04687784470718469,0.052617630204657734,0.10415813366199544
2025-11-03,1.0060716787552881,1.1239528600649995,0.046709308543677205,0.052182227208976154,0.09847223329752763
2025-11-04,1.0159067201403182,1.126496418245695,0.04715668110416657,0.05229006886858749,0.09383657475865226
2025-11-05,1.014074261822752,1.1261893272632444,0.0470580291091769,0.0522607191011236,0.09076626262346377
2025-11-06,0.9914472020984246,1.10746634456068,0.04600875874175531,0.05139270326615705,0.09353462570754822
2025-11-07,0.9951422118559443,1.1120869185857547,0.04616759555197443,0.051593006973500694,0.09900834537012537
2025-11-10,0.9905748125247329,1.1041165163041589,0.04594304244471667,0.05120912760055478,0.09205095311745604
2025-11-11,1.0039678577758377,1.1141045345879153,0.046557272747588405,0.051664670621074674,0.06778220292296422
2025-11-12,1.0071467938795347,1.1112705333422688,0.046691253296968646,0.051518422407794015,0.06875114527340953
2025-11-13,0.9894152189733777,1.099791408567374,0.04586584451401002,0.0509825003455425,0.06945045728177224
2025-11-14,1.0111040095854276,1.1170803779050908,0.046876794542937014,0.05179006993006992,0.06025705862736941
2025-11-17,1.0212268597540222,1.1296872779388725,0.04733581590896434,0.05236316349541931,0.06103175184807652
2025-11-18,1.0302457048156692,1.1383001816947698,0.047743298146444096,0.05275072218284904,0.057128710763554524
2025-11-19,1.0231192414917867,1.1255172526320942,0.04740045426387082,0.05214448804500703,0.053736352077728755
2025-11-20,1.0314193298127796,1.12888380089187,0.047773184877451774,0.05228753521126761,0.04310613687621223
2025-11-21,1.0656009128756,1.1569025188925606,0.0493897523592217,0.05362150897343862,0.036888928369356755
2025-11-24,1.066799202451484,1.1641102293518568,0.04943108006353565,0.053940072150072155,0.04236108244209058
2025-11-25,1.0512492871286954,1.148961128383467,0.04870290561342511,0.05322975822603719,0.048606370820489575
2025-11-26,1.0393514906507118,1.1457600002163437,0.04814018028103544,0.05306875822603719,0.06121525191410648
2025-11-27,1.0387963757023395,1.1422656846717325,0.048100519382223456,0.05289157142857143,0.06492328862680985
2025-11-28,1.0382379157379882,1.1452898934566837,0.04806103235002135,0.05301657142857143,0.06299755345176061
2025-12-01,1.0237844417789563,1.1343802255967772,0.04738670532350806,0.05250572218284904,0.06561590365896497
2025-12-02,1.0293737829583478,1.1362826469795129,0.047633590363546516,0.05258072727272728,0.06174479006276279
2025-12-03,1.0353737691014084,1.144771125342898,0.04789957060339701,0.05296062830593281,0.06782371628722594
2025-12-04,1.0265280753908468,1.1385777841809637,0.04747725249357844,0.05265958743754462,0.07217393549403162
2025-12-05,1.0200847057577012,1.1362660349578348,0.04717032001374229,0.05254272727272728,0.07884209948581944
2025-12-08,1.008522067152574,1.1295581469131055,0.04662655077515576,0.05222235785007072,0.07992695564536345
2025-12-09,1.0176408726694977,1.136864087611356,0.047036670410189274,0.052547320794889996,0.0798885960798672
2025-12-10,1.0195181005277103,1.1432810814307763,0.04710998627266695,0.05282883749109052,0.07848943079036252
2025-12-11,1.0328601002833522,1.1543621549446867,0.04771856603863926,0.05333201147776183,0.07454912680439674
2025-12-12,1.0241619092244336,1.1514669721462845,0.04730577344677046,0.05318596134574087,0.08397418562556713
2025-12-15,1.031043245278211,1.1519578871473268,0.04761283650125964,0.05319658781362008,0.0840287035028946
2025-12-16,1.0491356335194073,1.1672680470874903,0.04844590337386,0.053900900144717795,0.08019351786892548
2025-12-17,1.0252336548351195,1.148308069221951,0.04735307629517408,0.053037587437544616,0.0829979445636897
2025-12-18,1.0333393620730378,1.1482279089196918,0.04771639228867078,0.05302158743754462,0.07944957805941288
2025-12-19,1.029037003910147,1.1484735209989454,0.04750495217068172,0.053018676176890156,0.08180861836064013
2025-12-22,1.0135217918877544,1.1364790328389673,0.04678135674048341,0.05245672218284904,0.08355396808225479
2025-12-23,1.0124131453595284,1.1338268177565494,0.04671685773146051,0.052319378091872794,0.08283372222018981
2025-12-24,1.0085997866989094,1.131894497311872,0.04652789956293618,0.052215630204657734,0.08843881950382038
2025-12-25,1.005491990243711,1.1294099787470082,0.04637130996068527,0.05208616349541931,0.10104191252759809
2025-12-26,1.0016219673610194,1.1288631288777613,0.04618004757092162,0.052046535211267606,0.10260446093163211
2025-12-29,1.002817643250197,1.1235706173760414,0.04622308454368022,0.051788976776917656,0.09800939104945328
2025-12-30,0.999604164358691,1.1207128575819387,0.04606200127271673,0.0516427191011236,0.09495744008978968
2025-12-31,1.008746100473525,1.1244308140285737,0.04647162419387439,0.051801068868587485,0.08958319185905728
2026-01-05,0.9799197884666724,1.1047747069225575,0.0451553112350373,0.050908703266157054,0.10485357776227189
2026-01-06,0.9535599508522219,1.079728366091304,0.0439437716406581,0.049758105624142665,0.10780726062756951
2026-01-07,0.9537825957027454,1.084111386616969,0.043942088837801194,0.049946517241379315,0.11520897008647624
2026-01-08,0.9677653298876757,1.0961259300934576,0.04457853097864237,0.05049125260235947,0.10995150628123618
2026-01-09,0.9645567054785182,1.0938722962438212,0.044419136016632325,0.050374293222683254,0.11119282283081988
2026-01-12,0.9601962366786873,1.0901358180312493,0.04420826080724323,0.050190790921595604,0.11396851643287098
2026-01-13,0.9701972250562485,1.093872121657509,0.044658701257981,0.05035152341597796,0.11400982627335399
2026-01-14,0.9763571466271392,1.1061249113141793,0.04493052963492776,0.05090225260235948,0.11895877504769703
2026-01-15,0.9728587451928459,1.1095510199444196,0.0447568292929629,0.051045422407794014,0.1261078515418388
2026-01-16,0.9807899364740089,1.1219885836881092,0.045109812708323496,0.0516040112044818,0.1282825474767899
2026-01-19,0.9811043587695484,1.1240533440941873,0.04511127620064779,0.0516840847932726,0.12763036899778069
2026-01-20,0.9874849120275785,1.1247435279134452,0.0453925314694814,0.0517020112044818,0.12575286323867418
2026-01-21,0.986952847798884,1.130725988240202,0.045355030644683283,0.051962068868587494,0.1262792882735313
2026-01-22,0.9846948756274163,1.1296675213681608,0.04523824423033421,0.05189848804500703,0.12746175891134226
2026-01-23,0.9937422695399355,1.1413824754002895,0.04564228707696195,0.05242335785007072,0.1283661764469437
2026-01-26,0.9940383680369179,1.13642194649046,0.04564277751312929,0.05218053521126761,0.11811890677702297
2026-01-27,0.9933059393034485,1.1363261633352126,0.04559605786854865,0.052161163495419306,0.11953785288571983
2026-01-28,0.9932571733116581,1.133381173587791,0.0455810769440332,0.052011438596491225,0.12003989534804838
2026-01-29,0.9828419423287502,1.1206222842852522,0.04509390392603177,0.05141542240779402,0.11561291991400302
2026-01-30,0.998268638829651,1.137031959127656,0.04579621273612519,0.052162068868587486,0.11022076674052594
2026-02-02,1.026341576489661,1.1642121330235509,0.047105464706944315,0.053433237822349565,0.1049326872181302
2026-02-03,1.010623731479009,1.157130255408104,0.04638025680364984,0.05310383749109052,0.11179057795027592
2026-02-04,0.9989077557515791,1.139374816028901,0.04583396187550501,0.052279163495419306,0.11313961291836949
2026-02-05,1.0081001299321726,1.145586124803026,0.04624535652961706,0.052552357850070716,0.10574608775957572
2026-02-06,1.0174571819188019,1.1516914967736827,0.046663602247204165,0.05281998581560284,0.10831722997927073
2026-02-09,0.9944502968073332,1.1339462161505145,0.045613781367132546,0.05201222720897616,0.10951584354481958
2026-02-10,0.9937190934290088,1.1314960478950833,0.0455672129982531,0.051885006298110575,0.10526862872777198
2026-02-11,0.9993352548503076,1.133990274325926,0.04581207678187356,0.05198500629811058,0.09828916826648348
2026-02-12,1.0000478287218073,1.1397297897278003,0.045831675128843306,0.052233227208976156,0.10321786050613668
2026-02-13,1.0170764608932625,1.1596577399481718,0.046610940074166704,0.0531452054015636,0.10831609508783813
2026-02-24,1.0011520526409163,1.141381209128101,0.04587489310462607,0.05230048804500703,0.10688863720259256
2026-02-25,0.9902052943631894,1.1343976444241561,0.0453625886600982,0.051968227208976155,0.1119931526152218
2026-02-26,0.990401300579339,1.1372625744095683,0.045358943397293516,0.05208497677691766,0.11202001735366851
2026-02-27,1.0045379426285606,1.1497905910081594,0.04599425456527226,0.052644861777150914,0.10991523364254219
2026-03-02,1.0021113836343962,1.1354421186724808,0.045870893095046564,0.0519740069735007,0.10541411107206322
2026-03-03,1.0227931157277514,1.134318875204688,0.04682246695081679,0.051928006973500695,0.08507374183090644
2026-03-04,1.040122916076922,1.1535234132663972,0.04761261470401743,0.05280363020465773,0.08354082814270658
2026-03-05,1.0262565971183837,1.1458714663502692,0.0469710319165005,0.0524457191011236,0.08533174786933762
2026-03-06,1.0220570456345657,1.1444342092535729,0.046765873505472545,0.052365438596491225,0.08570213108800462
2026-03-09,1.0306622563516625,1.1435654593769393,0.04715357062663271,0.05231897677691766,0.0784450126842855
2026-03-10,1.0126764075649655,1.143589214010156,0.04632885665975313,0.05231797677691766,0.08967517740440623
2026-03-11,1.0036440881343551,1.13266175224919,0.04590513294834985,0.051806201956673646,0.09010636186561682
2026-03-12,1.0095305717947918,1.1334603107485093,0.04616232557136081,0.05182920195667365,0.09240003616932801
2026-03-13,1.0133997589312675,1.1371204412719693,0.04632736164967605,0.051983227208976156,0.09063340715313561
2026-03-16,1.0093248502148466,1.1326717382384102,0.046127915698318006,0.0517650847932726,0.08355338237767906
2026-03-17,1.0199076365865578,1.1371577195423543,0.04660256895407905,0.05196006886858749,0.08159144416030695
2026-03-18,1.0169047647081286,1.140494000965807,0.04645337136754647,0.05209906886858749,0.0819353580311859
2026-03-19,1.038299403839375,1.1484376412673016,0.04743740627958323,0.052469357850070716,0.07121199151231927
2026-03-20,1.042710237077568,1.1543067580822628,0.04762648211078099,0.05272372727272728,0.07102497633204674
2026-03-23,1.0895256063425407,1.2000349936529706,0.04983566529361391,0.05489044216691069,0.06873354744526572
2026-03-24,1.071699124511481,1.1859560082255833,0.04901833267602569,0.05424431617113852,0.07187768116707405
2026-03-25,1.0522640717432967,1.1719917453446826,0.048129820639826223,0.05360608045977011,0.08192254472421534
2026-03-26,1.0725852590523672,1.181919252063239,0.04905945867131578,0.05406033526011561,0.06992892381130167
2026-03-27,1.0651906646581655,1.1691033768886692,0.04870947477800302,0.053461237822349565,0.06843959262836119
2026-03-30,1.0713548315491876,1.1662148645120347,0.04897797359765656,0.05331458743754462,0.060040372035493395
2026-03-31,1.0829718994065207,1.1707293000041057,0.04950223065090326,0.05351358781362008,0.05566234615411969
2026-04-01,1.0563752905910437,1.1435177267140237,0.048293996792694374,0.05227786177715092,0.05324522283850608
2026-04-02,1.0725978286169833,1.1520546316395714,0.04903059274367412,0.05266272218284904,0.05107449122869312
2026-04-03,1.0856456308300542,1.1679992148157325,0.049619022008432094,0.053382961345740866,0.04717790225933105
2026-04-07,1.0866258609227986,1.1689436939761129,0.049649724066363775,0.053410961345740866,0.04783398714240361
2026-04-08,1.0357586574765478,1.137123510048495,0.047400566939501856,0.052039438596491225,0.062368571800903716
2026-04-09,1.044011440830057,1.1458903649404488,0.04776806496563102,0.052429468926553674,0.0570837871417631
2026-04-10,1.0234692798958378,1.1342360301247947,0.04683158150794466,0.051900011204481795,0.0605247224287806
2026-04-13,1.0251587521855599,1.1345394341559987,0.04689579298194858,0.05189940223463687,0.06219746975371265
2026-04-14,1.0109676145174047,1.125261975310316,0.0462430840894638,0.0514710693000693,0.07157797018155243
2026-04-15,1.0164721793304214,1.1270451809943627,0.04648268786057356,0.051539127600554784,0.0696204036474819
2026-04-16,1.0013559448877012,1.1197740788736275,0.045786502246661503,0.051201112491373366,0.08075944206273711
2026-04-17,1.0081356736142901,1.127351516464347,0.046083719689798755,0.051533293222683255,0.09294707548984737
2026-04-20,0.9999445099139926,1.1150711524753556,0.04569867826853753,0.05096010562414266,0.09336300334459469
2026-04-21,0.9997431997020296,1.1117891609854669,0.04567679581729914,0.05079601092896174,0.08704205047098457
2026-04-22,0.9926278736229971,1.1116103130201858,0.04534231859989955,0.050777325835037496,0.08765537014921332
2026-04-23,0.9933362298127454,1.1084263778819161,0.04536252289528771,0.0506183258350375,0.08197801656951165
2026-04-24,0.997394812864801,1.1136851143185027,0.045536038494043786,0.05084526967830253,0.08458770603521315
2026-04-27,0.9952300492122732,1.1129241586455898,0.04542434913757433,0.0507961506849315,0.08776763174237145
2026-04-28,1.000188079385208,1.1070034138363702,0.04563836527580371,0.050512325835037494,0.08333948536205593
2026-04-29,0.9899016771646918,1.102612846413021,0.045164233845581506,0.050306677506775074,0.08874485179508684
2026-04-30,0.990414654842191,1.1083502156191571,0.04517491909890249,0.050554210884353745,0.09312019523383919
2026-05-06,0.9669162545035426,1.0952731601019996,0.044104443322649234,0.04995925219743069,0.09774485946552125
2026-05-07,0.9613504528313073,1.098061090670236,0.043839525399045315,0.050073807041299934,0.10771835745392777
2026-05-08,0.9691998513499026,1.103990630424901,0.044187605556740214,0.050332965329707685,0.10313519294633311
2026-05-11,0.9478609193253213,1.089377313702624,0.04321997424123008,0.04967275100942127,0.11251306081846058
2026-05-12,0.9499166162862616,1.0933274058377749,0.043301561063389254,0.049838883344571816,0.11031812221042037
2026-05-13,0.9379127150438368,1.0882189978119179,0.042749261762329197,0.04960009395973154,0.1265926289640713
2026-05-14,0.9587852808235803,1.1033968113635584,0.04370824205171986,0.050300662593346916,0.12063530705046777
2026-05-15,0.9725520794742725,1.114179530898852,0.04433238622566061,0.05078826967830253,0.10932158247557555
2026-05-18,0.9818375709807683,1.121196729769932,0.04474530123756215,0.05109631868131867,0.10420784680777007
2026-05-19,0.9819475150597877,1.1185189684740078,0.0447386584019219,0.05096101092896174,0.10579071254158068
2026-05-20,0.9819822511209924,1.1241925581428855,0.04472766211221696,0.05120510562414267,0.10742501767371415
2026-05-21,0.9998930189214115,1.1415251907243975,0.0455451024919934,0.05199644444444445,0.10733643239494617
2026-05-22,0.9807478167671871,1.1305324942518427,0.04467163806353021,0.05149411249137336,0.10997369588843053
2026-05-25,0.9603672627985401,1.1156763516008903,0.04374727084223834,0.05082201092896174,0.11779696677478735
2026-05-26,0.9552575358917909,1.110543381514557,0.043503993468779145,0.05057596532970768,0.11824309069652572
2026-05-27,0.9701757183410314,1.128205663154622,0.044175455706824546,0.05137110562414267,0.12159996126033645
2026-05-28,0.9693609425973531,1.1300609785458413,0.04412599984144656,0.051441179821551136,0.12283565200373725
2026-05-29,0.9778116331823052,1.1336404813517629,0.04449963847238063,0.05159131868131867,0.11867241787050231
2026-06-01,0.9932197210486357,1.1397168350396627,0.04519533820747884,0.05186152341597797,0.1108124268934414
2026-06-02,0.9731976976778158,1.1246340913376736,0.044285663831019534,0.05117682401091406,0.11598776911246134
2026-06-03,0.964967542127658,1.1208482818535592,0.043900249954639495,0.05099189100817439,0.12067540637678986
2026-06-04,0.9756100717901659,1.1354878092786322,0.04437550325332968,0.05164752233676975,0.1230847131877264
2026-06-05,0.9969445182516993,1.148207746016498,0.0453557590662851,0.05223744444444445,0.11497042286938597
2026-06-08,1.0251745360433375,1.163338557348659,0.046661140362126416,0.0529497191011236,0.10670524784640767
2026-06-09,0.9970894010858838,1.1468812889888187,0.045393930982284225,0.052213422407794016,0.11717901111698192
2026-06-10,1.0092618665537665,1.1522955376970385,0.045942981460961915,0.052454069930069916,0.10831823520552875
2026-06-11,1.0172425799927995,1.1568925118167181,0.04629563218603591,0.05265122720897615,0.10884925251133226
2026-06-12,1.0016711900311046,1.1409214991698242,0.04558411574262328,0.051921127600554784,0.11007508626505369
2026-06-15,0.9682802521221939,1.101726140378728,0.044090775216885994,0.05016725219743069,0.10623846216349708
2026-06-16,0.9734474909930907,1.1148198801365614,0.044313878152147185,0.050749519400953035,0.11205527566074047
2026-06-17,0.9618978916868517,1.1110926480420618,0.043781841561481565,0.05057260515603799,0.11941785824480311
2026-06-18,0.9588200426561948,1.120944881651774,0.04362974950436957,0.051007010928961746,0.12708105370459277
2026-06-22,0.9255763821883444,1.0894839296180416,0.042141520819308116,0.04960423643670463,0.15006491341707084
2026-06-23,0.9608000263259692,1.113146820911215,0.04378644099967319,0.050729325835037496,0.1370536457354954
2026-06-24,0.9544206527722655,1.1161165693180088,0.04348489288646469,0.050852010928961744,0.1424768267490606
2026-06-25,0.9362425511693423,1.1101384926287852,0.04266016356681428,0.05058378260869564,0.1564535018242461
2026-06-26,0.9754472028406383,1.148195085426534,0.04449289376912782,0.052372411149825784,0.15451102203675804
2026-06-29,0.9618062856731495,1.1366382367977887,0.04386886684679943,0.051843112491373355,0.16430878647603397
2026-06-30,0.9443911311524968,1.131171290539635,0.043069726367663166,0.05158798759476224,0.17631507959098336
2026-07-01,0.9477084718413504,1.1278241485066107,0.043210247935648705,0.051422523415977965,0.1757095148525707
2026-07-02,0.9881222645158426,1.157090145032393,0.04510227665668121,0.0528147191011236,0.16403051177419137
2026-07-03,0.9787704814352907,1.1465229239708625,0.04466542002967222,0.05232067062107467,0.16593464211741216
2026-07-06,0.9810243149442279,1.1412486932077937,0.04475577257820168,0.05206544444444445,0.15900743465930867
2026-07-07,0.9948831539455005,1.1503514542325168,0.045383255903660734,0.05247520195667365,0.15012032741944736
2026-07-08,1.0063388217511795,1.1520909107668162,0.04589754442821263,0.052545069930069924,0.14238212125247007
2026-07-09,0.9715009321367359,1.1282670016061824,0.044339662001407446,0.05149452341597796,0.1478532186924355
2026-07-10,0.9963762575004769,1.144294139415957,0.045487062575270604,0.05223988300835655,0.13751138360130177
2026-07-13,1.0199414576350454,1.1548605378824826,0.046572740572495455,0.052733438596491225,0.12858101300890556
2026-07-14,0.9910206710232983,1.1329482768751828,0.04527088786378081,0.051754293222683254,0.13591637623504416
2026-07-15,0.9941159561856651,1.131075640015443,0.04540000041870066,0.05165477348066299,0.1284442398114154
2026-07-16,1.0181288039015062,1.1523976979977348,0.046506849728151604,0.0526400847932726,0.1267133549407673
2026-07-17,1.0685534767293543,1.1818368692681143,0.04889228127432879,0.05407562830593281,0.10953552939028377
2026-07-20,1.0455602517452982,1.145751191725395,0.047843584569023184,0.05242820195667365,0.09889296676359605
2026-07-21,1.0022557063281066,1.125574346401193,0.04591382514691456,0.05156311249137336,0.12034487567635455
2026-07-22,1.0123931868725435,1.1260731206725707,0.04636704559483896,0.05157352341597796,0.11297726085489646
2026-07-23,1.0090475436364863,1.121636212561211,0.0462012251702057,0.05135631868131867,0.10710937513500807
2026-07-24,1.033387586750369,1.1411687609521535,0.0473232653453638,0.052259029207232265,0.10278085231362688
2026-07-27,1.0164598413569068,1.1316669693372674,0.04654393208913912,0.05181929322268325,0.10785734916814982
2026-07-28,1.0556821090303818,1.1471531953813345,0.04838654824666262,0.052579069930069916,0.08898482693306309
2026-07-29,1.0468344259678208,1.143622344292947,0.04797074182849066,0.0524060069735007,0.08771732725618797
2026-07-30,1.0655090583278077,1.1445058332368387,0.048822207592547975,0.052441883008356546,0.07243202596658804
2026-07-31,1.0544221272043517,1.1437849102619158,0.048306066784538956,0.05240002920723226,0.07791937794829495
2026-08-03,1.0680573100324486,1.1571645385660723,0.0489246881795419,0.05300643859649122,0.0746647511412335
2026-08-04,1.0510681604541456,1.1613863618768852,0.0481443451857705,0.05319748804500703,0.09113931010360021
2026-08-05,1.0335301544674824,1.1515529791447574,0.04733844137681868,0.05274420195667365,0.09394685670460334
2026-08-06,1.035899050338953,1.1496058768762425,0.04743401351926734,0.05264067062107467,0.08968656984952728
2026-08-07,1.0235585111272036,1.1408979361563436,0.046861935833606136,0.05223412760055478,0.09142564173452339
2026-08-10,1.0224101329619832,1.1358068646277562,0.046796515888331815,0.05198677348066299,0.0707817099237158
2026-08-11,1.0320961200204366,1.144594084698142,0.047231787787544666,0.05238002920723227,0.07218301608451716
2026-08-12,1.0247889847554972,1.1463540870660716,0.04688653022459441,0.052448422407794015,0.08341161204117076
2026-08-13,1.0353971280121936,1.1543054420934935,0.04736128137148958,0.05280040223463686,0.08088221643461613
2026-08-14,1.0366679265942793,1.1571794918058727,0.04740627225253182,0.05291720195667365,0.08203011562643425
2026-08-17,1.0152709857858848,1.1420848883565122,0.046432565889530666,0.05223229322268326,0.09001348582898783
2026-08-18,1.0214819475666657,1.14264594666334,0.04670459307053898,0.0522445003455425,0.08472627477507544
2026-08-19,1.0626043708338593,1.1709045753570357,0.04863470581095415,0.05359153521126761,0.07472326703156162
2026-08-20,1.0617270491819166,1.1744647612896026,0.048581124680716944,0.05373963020465773,0.07768974304182485
2026-08-21,1.0531809568259758,1.1767562096002564,0.0481792532764927,0.053832378091872794,0.0804536217551739
2026-08-24,1.0716860815477327,1.1887859577530828,0.04902370607627457,0.05438037722419928,0.07672572101222563
2026-08-25,1.075162139203814,1.193085145363299,0.04916969124779634,0.05456258743754462,0.07108289214689645
2026-08-26,1.0617147442601955,1.1817544124572976,0.048546246615676664,0.05403498581560284,0.0740085426888164
2026-08-27,1.0471382598896244,1.1775412497115334,0.04787190994349419,0.05383352974504249,0.07768616725863176
2026-08-28,1.0547348637761034,1.2157595404845998,0.04820754738129225,0.05556731617113851,0.09545195812129093
2026-08-31,1.0517248774164023,1.2186734675115167,0.04805740873221816,0.0556859404934688,0.1041555395417566
2026-09-01,1.0574176484052793,1.2189110399643128,0.04830497213739929,0.055682316171138516,0.09800239122989507
2026-09-02,1.076882921078191,1.233393805875531,0.04919551570722609,0.05634544216691069,0.09369994065158993
2026-09-03,1.077263185702168,1.2374632097885119,0.04919933937911585,0.056515782991202336,0.09243036802254445
2026-09-04,1.0789073815817105,1.2376704722582355,0.04926094899036089,0.05650978299120234,0.0858232368898788
2026-09-07,1.070946537291781,1.2428082836945191,0.048886308356808315,0.056731411764705884,0.09415435028648966
2026-09-08,1.076131605751016,1.245123221031085,0.04911056597094246,0.05682270250368189,0.08805930118237937
2026-09-09,1.0721566948998507,1.2395097446048313,0.04891623183321865,0.05655157153338225,0.08848230370145527
2026-09-10,1.0799565497041228,1.2437662468292727,0.04926049394088073,0.056732411764705885,0.08184796183763687
2026-09-11,1.0902430615338623,1.252470764079492,0.04972168019759601,0.05712024500370097,0.07193911691026433
2026-09-14,1.1006831616537456,1.258993786768902,0.050187732409185754,0.05740620505200594,0.07742012484488936
2026-09-15,1.1112863485482303,1.2719525711813864,0.05066090756920494,0.05798529940119761,0.07583788012194281
2026-09-16,1.1015381818448768,1.2699153076789915,0.050206094311158744,0.057880415545590425,0.09251480247839905
2026-09-17,1.108401976635614,1.276286100182979,0.05050674910773929,0.058156754688672166,0.0776540825685268
2026-09-18,1.094054194329308,1.2687509708709288,0.049847326466025965,0.05780686567164178,0.08243508455946458
2026-09-21,1.0838356557430986,1.2566768092420453,0.049371685656042164,0.05724507407407407,0.08356368519247304
2026-09-22,1.0834873244658347,1.255449522134217,0.049342293933456155,0.05717349704142012,0.08407060526828558
2026-09-23,1.0923461460688417,1.2662529259854387,0.04973509636717846,0.05765316381236038,0.07766381334846151
2026-09-24,1.1190976401151118,1.2835205454010716,0.05096235010964849,0.05844996992481202,0.07051355171118945
2026-09-28,1.1511016731997465,1.3018488793786767,0.052445311472670564,0.059313500761035004,0.05706588331278284
2026-09-29,1.1526107464722397,1.3035695137433057,0.052499682963647556,0.05937562737642585,0.05794727282877021
2026-09-30,1.1451459064648155,1.2942493463796454,0.05214592807230048,0.058935575757575756,0.05578543230469846
